nasa_id,nombre,magnitud_absoluta,diametro_min_km,diametro_max_km,es_peligroso,fecha_aproximacion,velocidad_km_s,distancia_km,fecha_extraccion,diametro_promedio_km,fecha_procesamiento
2226514,226514 (2003 UX34),20.16,0.2469192656,0.5521282628,True,2025-01-07,16.5489944128,18491516.10423837,2026-04-15 20:51:40.359296,0.3995237642,2026-04-15 15:56:41
2438017,438017 (2003 YO3),18.54,0.5206609142,1.1642331974,False,2025-01-07,15.2767515283,12136326.303555183,2026-04-15 20:51:40.359377,0.8424470558,2026-04-15 15:56:41
2481442,481442 (2006 WO3),21.58,0.1283970296,0.2871044863,False,2025-01-07,21.6488761177,58239736.59965244,2026-04-15 20:51:40.359392,0.20775075795,2026-04-15 15:56:41
3485806,(2010 AL60),22.29,0.0925880583,0.2070331923,False,2025-01-07,8.9892906844,9414482.23419549,2026-04-15 20:51:40.359403,0.1498106253,2026-04-15 15:56:41
3723888,(2015 NU2),20.91,0.1748054532,0.3908768761,True,2025-01-07,19.1336306591,73466998.5175389,2026-04-15 20:51:40.359414,0.28284116465,2026-04-15 15:56:41
3771633,(2017 FZ2),26.6,0.0127219879,0.0284472297,False,2025-01-07,7.6348283529,43675472.56004904,2026-04-15 20:51:40.359426,0.0205846088,2026-04-15 15:56:41
3792462,(2017 YD),25.5,0.0211132445,0.0472106499,False,2025-01-07,4.9143049327,10536583.499046208,2026-04-15 20:51:40.359436,0.0341619472,2026-04-15 15:56:41
3837883,(2019 AO12),25.6,0.0201629919,0.0450858206,False,2025-01-07,24.2782093228,72072116.41250834,2026-04-15 20:51:40.359445,0.03262440625,2026-04-15 15:56:41
3842657,(2019 KJ4),27.4,0.0088014652,0.0196806745,False,2025-01-07,9.5250407801,49392413.8942228,2026-04-15 20:51:40.359455,0.01424106985,2026-04-15 15:56:41
54340445,(2023 BO8),26.66,0.0123752784,0.0276719637,False,2025-01-07,14.959320276,44602775.42223265,2026-04-15 20:51:40.359465,0.02002362105,2026-04-15 15:56:41
54509167,(2024 YH4),22.59,0.0806408277,0.1803183724,False,2025-01-07,22.5309669915,13072072.230165008,2026-04-15 20:51:40.359475,0.13047960005,2026-04-15 15:56:41
54509629,(2024 YZ4),21.73,0.1198270801,0.2679414966,False,2025-01-07,27.6437185619,19239009.47746017,2026-04-15 20:51:40.359483,0.19388428835,2026-04-15 15:56:41
54512615,(2024 YZ9),25.17,0.0245784775,0.0549591464,False,2025-01-07,8.5400305616,3623223.789841424,2026-04-15 20:51:40.359531,0.039768811949999996,2026-04-15 15:56:41
54513036,(2024 YW12),23.6,0.0506471459,0.1132504611,False,2025-01-07,13.6327134848,14880072.12939393,2026-04-15 20:51:40.359541,0.0819488035,2026-04-15 15:56:41
54516186,(2025 BM),23.27,0.0589596608,0.1318378096,False,2025-01-07,10.5638473191,14064893.080212332,2026-04-15 20:51:40.359549,0.0953987352,2026-04-15 15:56:41
3704144,(2015 AC246),23.4,0.0555334912,0.1241766613,False,2025-01-06,6.0620992868,52820770.79549223,2026-04-15 20:51:40.359561,0.08985507625,2026-04-15 15:56:41
3781585,(2017 SK2),23.2,0.0608912622,0.1361570015,False,2025-01-06,5.35362664,66024505.62198273,2026-04-15 20:51:40.359569,0.09852413185,2026-04-15 15:56:41
3785681,(2017 TU1),26.2,0.0152951935,0.0342010925,False,2025-01-06,14.8116606962,67762561.05205293,2026-04-15 20:51:40.359578,0.024748143,2026-04-15 15:56:41
3843671,(2019 QY4),27.6,0.0080270317,0.0179489885,False,2025-01-06,18.2049798985,52117749.56290849,2026-04-15 20:51:40.359596,0.012988010099999999,2026-04-15 15:56:41
3989263,(2020 BP11),26.8,0.0116025908,0.0259441818,False,2025-01-06,15.7678897551,35406461.06684568,2026-04-15 20:51:40.359605,0.0187733863,2026-04-15 15:56:41
54269715,(2022 GE3),23.14,0.06259721,0.1399716167,False,2025-01-06,7.9607072171,24683064.19080021,2026-04-15 20:51:40.359613,0.10128441334999999,2026-04-15 15:56:41
54293876,(2020 AQ24),24.98,0.0268259417,0.0599846292,False,2025-01-06,19.8684089759,48896961.18728298,2026-04-15 20:51:40.359622,0.04340528545,2026-04-15 15:56:41
54503221,(2024 XR4),23.05,0.065246163,0.1458948557,False,2025-01-06,7.2465399874,23945440.731528886,2026-04-15 20:51:40.359631,0.10557050935,2026-04-15 15:56:41
54509100,(2024 YW3),25.08,0.0256185754,0.0572848762,False,2025-01-06,12.2596614281,2156544.131876664,2026-04-15 20:51:40.359640,0.0414517258,2026-04-15 15:56:41
54514247,(2024 YY21),26.87,0.0112345318,0.0251211767,False,2025-01-06,5.2272161774,5560416.813516596,2026-04-15 20:51:40.359649,0.01817785425,2026-04-15 15:56:41
54516849,(2025 BC2),24.51,0.0333084924,0.0744800533,False,2025-01-06,17.1033847508,4950988.227064801,2026-04-15 20:51:40.359658,0.05389427285,2026-04-15 15:56:41
3740934,(2016 BD15),21.2,0.1529519353,0.3420109247,True,2025-01-05,25.9398250191,71450808.49855644,2026-04-15 20:51:40.359668,0.24748143,2026-04-15 15:56:41
3753595,(2016 KO),26.5,0.0133215567,0.0297879063,False,2025-01-05,15.3644012418,63031190.87562886,2026-04-15 20:51:40.359677,0.0215547315,2026-04-15 15:56:41
3989144,(2020 BC6),20.85,0.1797028549,0.4018277992,True,2025-01-05,22.182959458,3683381.686023033,2026-04-15 20:51:40.359685,0.29076532705,2026-04-15 15:56:41
54016969,(2020 JR),25.1,0.0253837029,0.0567596853,False,2025-01-05,17.1434128424,47817840.01879432,2026-04-15 20:51:40.359693,0.0410716941,2026-04-15 15:56:41
54091635,(2020 WR1),24.45,0.0342416731,0.0765667087,False,2025-01-05,22.9134713332,71002234.961983,2026-04-15 20:51:40.359701,0.0554041909,2026-04-15 15:56:41
54186208,(2021 PB23),25.58,0.0203495578,0.0455029946,False,2025-01-05,7.7322038379,72030480.99156056,2026-04-15 20:51:40.359709,0.0329262762,2026-04-15 15:56:41
54509098,(2024 YT3),26.49,0.0133830462,0.029925401,False,2025-01-05,7.0691275737,4148544.30991822,2026-04-15 20:51:40.359726,0.0216542236,2026-04-15 15:56:41
54515312,(2025 AG3),28.31,0.0057883526,0.0129431498,False,2025-01-05,7.4557831385,2096621.912179453,2026-04-15 20:51:40.359738,0.0093657512,2026-04-15 15:56:41
54514251,(2025 AJ1),23.53,0.0523064176,0.1169607054,False,2025-01-05,11.2885158668,23538786.747137703,2026-04-15 20:51:40.359747,0.08463356150000001,2026-04-15 15:56:41
54514895,(2025 AY1),23.18,0.0614546821,0.1374168468,False,2025-01-05,16.7177568867,13787514.424296966,2026-04-15 20:51:40.359756,0.09943576444999999,2026-04-15 15:56:41
54517641,(2025 BQ5),24.68,0.0308003021,0.0688715693,False,2025-01-05,9.1290174796,6758138.904065095,2026-04-15 20:51:40.359765,0.0498359357,2026-04-15 15:56:41
3879137,(2019 TK6),22.64,0.0788052183,0.1762138252,False,2025-01-04,10.4616436925,40607718.033261456,2026-04-15 20:51:40.359774,0.12750952175,2026-04-15 15:56:41
54054327,(2020 RV6),24.8,0.0291443905,0.0651688382,False,2025-01-04,13.4665770199,58565088.34539877,2026-04-15 20:51:40.359782,0.04715661435,2026-04-15 15:56:41
54105109,(2021 AO4),27.64,0.0078805218,0.0176213825,False,2025-01-04,15.116292581,2640732.672717599,2026-04-15 20:51:40.359790,0.012750952150000001,2026-04-15 15:56:41
54209222,(2021 TK13),25.41,0.0220067027,0.0492084832,False,2025-01-04,4.2041914966,21922839.486390542,2026-04-15 20:51:40.359799,0.03560759295,2026-04-15 15:56:41
54415867,(2023 XU7),24.91,0.0277047973,0.06194981,False,2025-01-04,14.3078893462,49287093.762428805,2026-04-15 20:51:40.359858,0.04482730365,2026-04-15 15:56:41
54508752,(2024 YU1),25.23,0.0239086457,0.0534613571,False,2025-01-04,7.3103291233,2248832.194823476,2026-04-15 20:51:40.359874,0.0386850014,2026-04-15 15:56:41
54511083,(2024 YL7),25.39,0.0222103282,0.0496638037,False,2025-01-04,7.2627755797,4873440.221766533,2026-04-15 20:51:40.359884,0.03593706595,2026-04-15 15:56:41
54513046,(2024 YG13),27.02,0.0104846751,0.0234444462,False,2025-01-04,11.7976038512,740234.749931319,2026-04-15 20:51:40.359892,0.016964560650000002,2026-04-15 15:56:41
54512613,(2024 YX9),26.86,0.011286388,0.0252371308,False,2025-01-04,11.2058479342,2195623.733054634,2026-04-15 20:51:40.359900,0.0182617594,2026-04-15 15:56:41
54514253,(2025 AL1),22.5,0.0840533402,0.1879489824,False,2025-01-04,17.650680702,12979369.048088731,2026-04-15 20:51:40.359907,0.1360011613,2026-04-15 15:56:41
54514899,(2025 AC2),25.33,0.0228325794,0.0510551996,False,2025-01-04,6.3310086637,3601259.905366959,2026-04-15 20:51:40.359913,0.0369438895,2026-04-15 15:56:41
54514896,(2025 AZ1),27.48,0.0084831076,0.0189688053,False,2025-01-04,13.8758628752,2609350.809457923,2026-04-15 20:51:40.359918,0.01372595645,2026-04-15 15:56:41
54516261,(2025 BS),23.64,0.0497227313,0.1111834072,False,2025-01-04,14.8357396277,11861258.111943033,2026-04-15 20:51:40.359925,0.08045306925000001,2026-04-15 15:56:41
54606455,(2026 FJ),27.442,0.0086328655,0.0193036742,False,2025-01-04,2.3653971132,10808968.009589069,2026-04-15 20:51:40.359929,0.01396826985,2026-04-15 15:56:41
3553148,(2010 XB11),19.69,0.3065878759,0.6855513317,False,2025-01-03,18.9395018272,19016653.471642923,2026-04-15 20:51:40.359994,0.4960696038,2026-04-15 15:56:41
3645041,(2013 NC15),22.14,0.0992098919,0.2218400624,False,2025-01-03,12.0604970908,25616443.389347907,2026-04-15 20:51:40.359999,0.16052497715,2026-04-15 15:56:41
3647191,(2013 RT9),26.5,0.0133215567,0.0297879063,False,2025-01-03,4.5094400585,36530806.76349979,2026-04-15 20:51:40.360004,0.0215547315,2026-04-15 15:56:41
3837864,(2019 AS11),26.8,0.0116025908,0.0259441818,False,2025-01-03,11.8634390203,48375536.34533886,2026-04-15 20:51:40.360009,0.0187733863,2026-04-15 15:56:41
3843735,(2019 QL7),26.65,0.0124324001,0.0277996916,False,2025-01-03,8.5809752089,58599408.62498077,2026-04-15 20:51:40.360015,0.02011604585,2026-04-15 15:56:41
54016994,(2020 JH1),24.9,0.0278326768,0.0622357573,False,2025-01-03,7.5364491932,62796481.54146041,2026-04-15 20:51:40.360019,0.04503421705,2026-04-15 15:56:41
54053733,(2020 RL),25.1,0.0253837029,0.0567596853,False,2025-01-03,8.7686642999,40923341.60903913,2026-04-15 20:51:40.360024,0.0410716941,2026-04-15 15:56:41
54279762,(2022 KA),25.15,0.0248058993,0.0554676771,False,2025-01-03,6.0043563141,37624380.971163616,2026-04-15 20:51:40.360029,0.0401367882,2026-04-15 15:56:41
54336914,(2022 YS5),24.84,0.0286124454,0.0639793729,False,2025-01-03,6.2612116938,16708864.457056709,2026-04-15 20:51:40.360033,0.046295909149999995,2026-04-15 15:56:41
54507938,(2024 YL1),27.32,0.0091317703,0.020419259,False,2025-01-03,4.783632141,2356964.228021136,2026-04-15 20:51:40.360038,0.014775514649999998,2026-04-15 15:56:41
54508760,(2024 YE2),25.23,0.0239086457,0.0534613571,False,2025-01-03,7.5259736958,22520907.46099667,2026-04-15 20:51:40.360043,0.0386850014,2026-04-15 15:56:41
54511958,(2024 YC9),26.96,0.0107784169,0.0241012728,False,2025-01-03,8.6924012752,1306415.340155464,2026-04-15 20:51:40.360048,0.01743984485,2026-04-15 15:56:41
54513047,(2025 AB),27.13,0.0099667824,0.022286403,False,2025-01-03,11.5602531925,153127.347506697,2026-04-15 20:51:40.360053,0.0161265927,2026-04-15 15:56:41
54513657,(2025 AE),25.74,0.0189040552,0.0422707525,False,2025-01-03,16.7458318545,6288669.776366644,2026-04-15 20:51:40.360058,0.03058740385,2026-04-15 15:56:41
54514893,(2025 AX1),26.85,0.0113384836,0.0253536201,False,2025-01-03,14.6021228615,1091513.33244692,2026-04-15 20:51:40.360063,0.01834605185,2026-04-15 15:56:41
54514029,(2025 AO),28.75,0.0047266667,0.010569148,False,2025-01-03,9.8164056072,459327.199940949,2026-04-15 20:51:40.360068,0.00764790735,2026-04-15 15:56:41
54515071,(2025 AN2),27.04,0.010388551,0.0232295062,False,2025-01-03,8.4915769333,706413.349326192,2026-04-15 20:51:40.360072,0.016809028599999998,2026-04-15 15:56:41
54515308,(2025 AC3),25.7,0.0192555078,0.0430566244,False,2025-01-03,7.1376457399,7830455.179602987,2026-04-15 20:51:40.360077,0.031156066099999997,2026-04-15 15:56:41
54516463,(2025 BE1),26.47,0.013506878,0.0302022973,False,2025-01-03,8.2396904194,7947528.079099067,2026-04-15 20:51:40.360082,0.02185458765,2026-04-15 15:56:41
54539579,(2025 OC17),23.12,0.0631764148,0.1412667581,False,2025-01-03,12.0852264257,20430381.24314568,2026-04-15 20:51:40.360092,0.10222158645,2026-04-15 15:56:41
2459462,459462 (2013 AY52),19.9,0.2783267681,0.6223575734,False,2025-01-02,17.4222331843,15830336.75368406,2026-04-15 20:51:40.360102,0.45034217075,2026-04-15 15:56:41
3648769,(2013 TK4),23.98,0.0425162524,0.0950692305,False,2025-01-02,17.9086965031,53240801.671820946,2026-04-15 20:51:40.360107,0.06879274145,2026-04-15 15:56:41
3656933,(2014 BM25),28.1,0.0063760979,0.0142573883,False,2025-01-02,15.3371937843,42733613.705436125,2026-04-15 20:51:40.360112,0.0103167431,2026-04-15 15:56:41
3703792,(2015 BF),26.6,0.0127219879,0.0284472297,False,2025-01-02,25.6759881383,72149352.40152915,2026-04-15 20:51:40.360117,0.0205846088,2026-04-15 15:56:41
3766462,(2017 AZ13),21.97,0.1072889455,0.2399053753,False,2025-01-02,11.9983603675,24373475.96157024,2026-04-15 20:51:40.360121,0.1735971604,2026-04-15 15:56:41
3837784,(2019 AR8),25.61,0.0200703514,0.0448786701,False,2025-01-02,22.7966474576,66096247.494589694,2026-04-15 20:51:40.360126,0.03247451075,2026-04-15 15:56:41
3842769,(2019 LS1),22.48,0.0848310762,0.189688053,False,2025-01-02,12.4314874464,18639595.585777443,2026-04-15 20:51:40.360132,0.1372595646,2026-04-15 15:56:41
3843713,(2019 QS6),26.1,0.0160160338,0.0358129403,False,2025-01-02,5.1027498837,40941595.58601589,2026-04-15 20:51:40.360136,0.025914487049999997,2026-04-15 15:56:41
3968754,(2019 YA5),26.0,0.0167708462,0.0375007522,False,2025-01-02,12.6061556875,41802119.06605575,2026-04-15 20:51:40.360141,0.0271357992,2026-04-15 15:56:41
54317879,(2022 UF4),24.54,0.0328514828,0.0734581487,False,2025-01-02,11.5515942115,57230310.206517674,2026-04-15 20:51:40.360146,0.05315481575,2026-04-15 15:56:41
54327895,(2022 WF2),26.33,0.0144063837,0.0322136532,False,2025-01-02,9.5944349644,49729029.56671141,2026-04-15 20:51:40.360150,0.023310018449999997,2026-04-15 15:56:41
54433331,(2024 GE2),27.97,0.0067694748,0.0151370059,False,2025-01-02,4.8695813606,25623356.202202097,2026-04-15 20:51:40.360155,0.01095324035,2026-04-15 15:56:41
54505721,(2024 XP10),24.57,0.0324007435,0.0724502651,False,2025-01-02,8.4207397855,7568817.944598584,2026-04-15 20:51:40.360163,0.052425504299999995,2026-04-15 15:56:41
54507534,(2024 XB20),26.0,0.0167708462,0.0375007522,False,2025-01-02,2.839333716,13658066.37012045,2026-04-15 20:51:40.360168,0.0271357992,2026-04-15 15:56:41
54509097,(2024 YR3),25.45,0.0216050351,0.0483103272,False,2025-01-02,3.6956346823,9453011.883683765,2026-04-15 20:51:40.360173,0.03495768115,2026-04-15 15:56:41
54511078,(2024 YF7),25.76,0.0187307418,0.0418832119,False,2025-01-02,13.5690330333,1938313.915635721,2026-04-15 20:51:40.360177,0.03030697685,2026-04-15 15:56:41
54511096,(2024 YR8),24.6,0.0319561887,0.0714562102,False,2025-01-02,16.2042977054,8089871.903503406,2026-04-15 20:51:40.360181,0.05170619945,2026-04-15 15:56:41
54512607,(2024 YR9),25.74,0.0189040552,0.0422707525,False,2025-01-02,20.7411443242,3348567.216768578,2026-04-15 20:51:40.360186,0.03058740385,2026-04-15 15:56:41
54512608,(2024 YS9),27.82,0.0072536229,0.016219594,False,2025-01-02,21.2159080739,1582435.722210165,2026-04-15 20:51:40.360190,0.01173660845,2026-04-15 15:56:41
54513049,(2025 AC),29.02,0.0041740243,0.0093334022,False,2025-01-02,4.2789783774,140221.389663927,2026-04-15 20:51:40.360198,0.00675371325,2026-04-15 15:56:41
54514894,(2025 AA2),26.09,0.0160899605,0.0359782453,False,2025-01-02,13.522628461,1245828.801196944,2026-04-15 20:51:40.360202,0.0260341029,2026-04-15 15:56:41
54514901,(2025 AE2),24.68,0.0308003021,0.0688715693,False,2025-01-02,9.8631484964,7292137.013148898,2026-04-15 20:51:40.360207,0.0498359357,2026-04-15 15:56:41
54514672,(2025 AO1),27.94,0.0068636476,0.0153475826,False,2025-01-02,8.1109076864,527693.187174357,2026-04-15 20:51:40.360213,0.0111056151,2026-04-15 15:56:41
3561029,(2011 GE3),25.88,0.0177237239,0.0396314515,False,2025-01-01,8.3173566881,49668157.47533864,2026-04-15 20:51:40.360219,0.0286775877,2026-04-15 15:56:41
54169408,(2021 NT5),27.12,0.010012787,0.0223892723,False,2025-01-01,8.1996036081,70334863.48525196,2026-04-15 20:51:40.360223,0.01620102965,2026-04-15 15:56:41
54256791,(2022 EQ6),26.21,0.0152249185,0.0340439527,False,2025-01-01,24.3814294261,70563038.69861434,2026-04-15 20:51:40.360228,0.024634435599999997,2026-04-15 15:56:41
54508753,(2024 YV1),26.22,0.0151549664,0.033887535,False,2025-01-01,5.7987642551,14250723.733843775,2026-04-15 20:51:40.360232,0.024521250700000004,2026-04-15 15:56:41
54508761,(2024 YD2),24.87,0.0282198679,0.063101543,False,2025-01-01,8.7690673962,9147401.985409645,2026-04-15 20:51:40.360237,0.04566070545,2026-04-15 15:56:41
54509628,(2024 YY4),26.44,0.0136947774,0.0306224531,False,2025-01-01,4.0085267342,1676103.96014581,2026-04-15 20:51:40.360241,0.02215861525,2026-04-15 15:56:41
54511956,(2024 YZ8),23.68,0.0488151892,0.1091540813,False,2025-01-01,21.4762910009,10850468.268861296,2026-04-15 20:51:40.360246,0.07898463524999999,2026-04-15 15:56:41
54511954,(2024 YY8),28.73,0.004770402,0.0106669431,False,2025-01-01,4.7580939652,1290408.727100352,2026-04-15 20:51:40.360250,0.00771867255,2026-04-15 15:56:41
54513028,(2024 YV10),26.18,0.0154367182,0.0345175513,False,2025-01-01,5.8480710628,8500461.014985574,2026-04-15 20:51:40.360254,0.024977134749999998,2026-04-15 15:56:41
54511964,(2024 YJ9),27.91,0.0069591304,0.0155610887,False,2025-01-01,14.1845754203,1264885.131389663,2026-04-15 20:51:40.360259,0.01126010955,2026-04-15 15:56:41
54514249,(2025 AG1),29.49,0.0033616692,0.0075169209,False,2025-01-01,2.645140072,671017.850013351,2026-04-15 20:51:40.360264,0.00543929505,2026-04-15 15:56:41
54516067,(2025 AC4),24.57,0.0324007435,0.0724502651,False,2025-01-01,15.9737833452,6422853.366077797,2026-04-15 20:51:40.360268,0.052425504299999995,2026-04-15 15:56:41
2506491,506491 (2003 UW29),20.69,0.193443872,0.4325536477,True,2025-01-14,26.9373528737,17371524.962223362,2026-04-15 20:51:53.549242,0.31299875985,2026-04-15 15:56:41
3309857,(2005 YU128),25.26,0.0235806068,0.0527278398,False,2025-01-14,7.0328161372,7315337.907450606,2026-04-15 20:51:53.549272,0.0381542233,2026-04-15 15:56:41
3459429,(2009 JR),21.41,0.138852907,0.310484539,True,2025-01-14,9.7933235468,20426799.92997703,2026-04-15 20:51:53.549278,0.22466872300000001,2026-04-15 15:56:41
3690386,(2014 SD145),26.9,0.0110803882,0.0247765013,False,2025-01-14,6.6877944213,63564543.20062744,2026-04-15 20:51:53.549283,0.01792844475,2026-04-15 15:56:41
3724104,(2015 NS13),19.98,0.2682594171,0.5998462923,False,2025-01-14,11.5485581652,12016268.208482828,2026-04-15 20:51:53.549288,0.4340528547,2026-04-15 15:56:41
3843826,(2019 RP2),28.9,0.004411182,0.0098637028,False,2025-01-14,3.355938886,30555004.611110527,2026-04-15 20:51:53.549292,0.0071374424,2026-04-15 15:56:41
3892657,(2019 VJ2),26.1,0.0160160338,0.0358129403,False,2025-01-14,24.7105750439,72046112.14388156,2026-04-15 20:51:53.549296,0.025914487049999997,2026-04-15 15:56:41
54145465,(2021 JO6),24.75,0.0298232505,0.0666868155,False,2025-01-14,19.0565424016,63941052.15206874,2026-04-15 20:51:53.549300,0.048255032999999996,2026-04-15 15:56:41
54281973,(2022 LT),25.21,0.0241298697,0.0539560289,False,2025-01-14,7.0513345,66926880.183259755,2026-04-15 20:51:53.549304,0.039042949300000004,2026-04-15 15:56:41
54289714,(2022 NK),27.27,0.0093444765,0.0208948847,False,2025-01-14,22.9136403845,69697730.5999787,2026-04-15 20:51:53.549308,0.015119680600000001,2026-04-15 15:56:41
54510159,(2024 YD6),24.62,0.0316632126,0.0708010957,False,2025-01-14,7.8893429873,15073459.554870768,2026-04-15 20:51:53.549313,0.05123215415,2026-04-15 15:56:41
54511085,(2024 YO7),25.11,0.0252670754,0.0564988982,False,2025-01-14,6.6190536067,14088267.283646436,2026-04-15 20:51:53.549317,0.0408829868,2026-04-15 15:56:41
54510154,(2024 YX5),25.75,0.0188171989,0.042076536,False,2025-01-14,10.6254505459,4462631.336053547,2026-04-15 20:51:53.549321,0.030446867449999998,2026-04-15 15:56:41
54514034,(2025 AS),24.4,0.0350392641,0.0783501764,False,2025-01-14,9.24001285,6177886.150842808,2026-04-15 20:51:53.549325,0.05669472025,2026-04-15 15:56:41
54517681,(2025 BL6),22.56,0.0817626533,0.1828268509,False,2025-01-14,19.9776295852,14446569.725515127,2026-04-15 20:51:53.549330,0.1322947521,2026-04-15 15:56:41
54516459,(2025 BA1),27.59,0.0080640828,0.0180318372,False,2025-01-14,13.4611357539,274971.252192391,2026-04-15 20:51:53.549334,0.01304796,2026-04-15 15:56:41
54517722,(2025 BU6),24.68,0.0308003021,0.0688715693,False,2025-01-14,8.6695399384,4502777.25588909,2026-04-15 20:51:53.549338,0.0498359357,2026-04-15 15:56:41
2803401,803401 (2015 NS13),19.98,0.2682594171,0.5998462923,False,2025-01-14,11.5485581742,12016268.44783942,2026-04-15 20:51:53.549342,0.4340528547,2026-04-15 15:56:41
54576077,(2026 AW2),24.32,0.0363542322,0.0812905344,False,2025-01-14,12.6480939606,11700950.680027602,2026-04-15 20:51:53.549347,0.0588223833,2026-04-15 15:56:41
3102771,(2002 AL31),24.5,0.0334622374,0.0748238376,False,2025-01-13,11.5990472098,21591690.62870449,2026-04-15 20:51:53.549352,0.0541430375,2026-04-15 15:56:41
3360486,(2006 WE4),18.9,0.4411182,0.9863702813,False,2025-01-13,17.6015523752,41747245.57999381,2026-04-15 20:51:53.549357,0.7137442406500001,2026-04-15 15:56:41
3645650,(2013 PZ38),24.0,0.0421264611,0.0941976306,False,2025-01-13,7.1157932928,53567479.52788589,2026-04-15 20:51:53.549361,0.06816204584999999,2026-04-15 15:56:41
3792468,(2017 YH),18.12,0.6317641482,1.4126675811,False,2025-01-13,12.0498524043,33497847.803687,2026-04-15 20:51:53.549365,1.0222158646500001,2026-04-15 15:56:41
3797753,(2018 BV1),24.3,0.0366906138,0.0820427065,False,2025-01-13,19.8822867801,73699997.43942049,2026-04-15 20:51:53.549369,0.05936666015,2026-04-15 15:56:41
3986841,(2020 BK3),26.9,0.0110803882,0.0247765013,False,2025-01-13,8.176692998,13359180.581947304,2026-04-15 20:51:53.549373,0.01792844475,2026-04-15 15:56:41
54100624,(2020 YH),21.98,0.1067959975,0.2388031102,False,2025-01-13,26.606267717,74778569.0002946,2026-04-15 20:51:53.549378,0.17279955385,2026-04-15 15:56:41
54104721,(2021 AC2),27.89,0.0070235225,0.0157050737,False,2025-01-13,18.9277637098,58199644.9838437,2026-04-15 20:51:53.549383,0.0113642981,2026-04-15 15:56:41
54110077,(2021 CR1),25.1,0.0253837029,0.0567596853,False,2025-01-13,11.4323563883,44276604.47855021,2026-04-15 20:51:53.549387,0.0410716941,2026-04-15 15:56:41
54239836,(2022 BB1),25.11,0.0252670754,0.0564988982,False,2025-01-13,26.4371401615,51192538.27342472,2026-04-15 20:51:53.549391,0.0408829868,2026-04-15 15:56:41
54256783,(2022 EE6),24.53,0.0330031183,0.0737972161,False,2025-01-13,8.7048229381,5947881.639766284,2026-04-15 20:51:53.549395,0.0534001672,2026-04-15 15:56:41
54341644,(2023 CS3),26.94,0.0108781483,0.0243242791,False,2025-01-13,6.2823788524,10178763.929182302,2026-04-15 20:51:53.549399,0.0176012137,2026-04-15 15:56:41
54356994,(2023 HU5),27.58,0.0081013049,0.0181150684,False,2025-01-13,7.4663124731,36898816.0127613,2026-04-15 20:51:53.549403,0.013108186649999999,2026-04-15 15:56:41
54515077,(2025 AX2),26.88,0.0111829138,0.0250057554,False,2025-01-13,10.39131851,3151350.085819741,2026-04-15 20:51:53.549407,0.018094334599999998,2026-04-15 15:56:41
54514246,(2025 AE1),22.22,0.0956213733,0.2138158908,False,2025-01-13,21.0410257838,22691127.158019576,2026-04-15 20:51:53.549413,0.15471863205,2026-04-15 15:56:41
54517094,(2025 BT2),26.82,0.0114962176,0.0257063241,False,2025-01-13,17.2294677911,1094076.497472139,2026-04-15 20:51:53.549417,0.01860127085,2026-04-15 15:56:41
54516181,(2025 BH),25.29,0.0232570687,0.0520043867,False,2025-01-13,14.9174749625,1324015.35004352,2026-04-15 20:51:53.549422,0.037630727700000005,2026-04-15 15:56:41
54529811,(2025 JH2),27.05,0.01034082,0.0231227764,False,2025-01-13,5.0988330654,27406948.34127288,2026-04-15 20:51:53.549426,0.016731798200000002,2026-04-15 15:56:41
3313157,(2006 BA),27.6,0.0080270317,0.0179489885,False,2025-01-12,10.6819175304,22092069.2494283,2026-04-15 20:51:53.549430,0.012988010099999999,2026-04-15 15:56:41
3648878,(2013 TG6),26.58,0.012839703,0.0287104486,False,2025-01-12,12.4569412057,43060552.47514613,2026-04-15 20:51:53.549435,0.0207750758,2026-04-15 15:56:41
3989277,(2020 BN12),25.9,0.0175612318,0.0392681082,False,2025-01-12,10.7614171586,25592941.683649205,2026-04-15 20:51:53.549439,0.02841467,2026-04-15 15:56:41
54105515,(2021 AR5),25.55,0.0206326484,0.0461360043,False,2025-01-12,5.8196598093,11550817.11501492,2026-04-15 20:51:53.549443,0.03338432635,2026-04-15 15:56:41
54111266,(2021 CG4),25.89,0.0176422908,0.0394493615,False,2025-01-12,15.6489439914,48995018.07321231,2026-04-15 20:51:53.549448,0.028545826150000002,2026-04-15 15:56:41
54214729,(2021 UO7),29.55,0.0032700544,0.0073120639,False,2025-01-12,7.6516383262,16245498.174464907,2026-04-15 20:51:53.549452,0.005291059149999999,2026-04-15 15:56:41
54321433,(2022 UB13),29.92,0.0027577505,0.0061665176,False,2025-01-12,2.5309263627,68978203.83048362,2026-04-15 20:51:53.549456,0.00446213405,2026-04-15 15:56:41
54395027,(2023 UJ),26.31,0.0145396843,0.0325117225,False,2025-01-12,16.2748078974,47042760.52906834,2026-04-15 20:51:53.549460,0.0235257034,2026-04-15 15:56:41
54433329,(2024 GD2),25.55,0.0206326484,0.0461360043,False,2025-01-12,3.1257268761,19908400.67503408,2026-04-15 20:51:53.549464,0.03338432635,2026-04-15 15:56:41
54513040,(2024 YZ12),26.54,0.0130784109,0.0292442157,False,2025-01-12,8.5484805862,1207393.518045064,2026-04-15 20:51:53.549468,0.021161313299999998,2026-04-15 15:56:41
54514890,(2024 YB26),26.52,0.0131994239,0.0295148091,False,2025-01-12,5.4955902224,8799819.128513673,2026-04-15 20:51:53.549473,0.021357116500000002,2026-04-15 15:56:41
54515423,(2025 AK3),26.17,0.0155079709,0.0346768771,False,2025-01-12,7.4599258314,5115889.091498155,2026-04-15 20:51:53.549485,0.025092424000000002,2026-04-15 15:56:41
54517340,(2025 BN4),25.92,0.0174002295,0.038908096,False,2025-01-12,7.303827807,6774683.336422644,2026-04-15 20:51:53.549489,0.028154162750000003,2026-04-15 15:56:41
54539810,(2025 PB1),23.45,0.0542693946,0.1213500554,False,2025-01-12,12.5764408435,24097897.371945225,2026-04-15 20:51:53.549493,0.087809725,2026-04-15 15:56:41
3615463,(2012 UK171),24.46,0.0340843469,0.0762149166,False,2025-01-11,6.3620428316,4081256.429654541,2026-04-15 20:51:53.549497,0.05514963175,2026-04-15 15:56:41
3730322,(2015 TL178),21.26,0.1487835705,0.3326901775,True,2025-01-11,17.5611867728,49699887.73707776,2026-04-15 20:51:53.549501,0.240736874,2026-04-15 15:56:41
3742059,(2016 CF31),21.73,0.1198270801,0.2679414966,False,2025-01-11,14.3261753538,25935610.62451035,2026-04-15 20:51:53.549506,0.19388428835,2026-04-15 15:56:41
3773744,(2017 FB157),27.7,0.0076657557,0.0171411509,False,2025-01-11,12.9242431904,52134330.21291038,2026-04-15 20:51:53.549510,0.012403453299999999,2026-04-15 15:56:41
3795086,(2017 YQ5),24.7,0.0305179233,0.0682401509,False,2025-01-11,12.4713507414,32292968.68176153,2026-04-15 20:51:53.549514,0.0493790371,2026-04-15 15:56:41
3797456,(2018 AN2),24.8,0.0291443905,0.0651688382,False,2025-01-11,11.3932530243,24393068.46548883,2026-04-15 20:51:53.549518,0.04715661435,2026-04-15 15:56:41
3836886,(2018 XA4),29.0,0.0042126461,0.0094197631,False,2025-01-11,9.0791987063,59918690.38426196,2026-04-15 20:51:53.549522,0.0068162046,2026-04-15 15:56:41
54144373,(2021 JY3),28.45,0.0054269395,0.0121350055,False,2025-01-11,4.3864300936,31047814.746475726,2026-04-15 20:51:53.549526,0.008780972500000001,2026-04-15 15:56:41
54375205,(2023 OA),26.45,0.0136318556,0.0304817558,False,2025-01-11,19.3208543055,68965285.51585679,2026-04-15 20:51:53.549530,0.0220568057,2026-04-15 15:56:41
54515075,(2025 AV2),26.24,0.0150160248,0.0335768522,False,2025-01-11,16.8502308359,2979899.826637787,2026-04-15 20:51:53.549534,0.0242964385,2026-04-15 15:56:41
54514248,(2025 AF1),27.75,0.0074912618,0.0167509707,False,2025-01-11,4.8633185571,1788509.286419594,2026-04-15 20:51:53.549538,0.01212111625,2026-04-15 15:56:41
54517237,(2025 BA3),26.02,0.0166170902,0.0371569432,False,2025-01-11,7.2706986601,1237448.837152302,2026-04-15 20:51:53.549542,0.026887016700000002,2026-04-15 15:56:41
54515857,(2025 AW3),24.4,0.0350392641,0.0783501764,False,2025-01-11,6.1588219753,19056435.80881522,2026-04-15 20:51:53.549553,0.05669472025,2026-04-15 15:56:41
54516006,(2025 AZ3),25.91,0.0174805453,0.0390876876,False,2025-01-11,8.2168127923,228225.76248265,2026-04-15 20:51:53.549558,0.02828411645,2026-04-15 15:56:41
2497113,497113 (2004 EK1),22.29,0.0925880583,0.2070331923,False,2025-01-10,6.2743345001,29822591.16693813,2026-04-15 20:51:53.549563,0.1498106253,2026-04-15 15:56:41
3167343,(2003 WP7),23.45,0.0542693946,0.1213500554,False,2025-01-10,11.7118088658,22656870.442572538,2026-04-15 20:51:53.549578,0.087809725,2026-04-15 15:56:41
3702319,(2014 YD),24.29,0.0368599699,0.0824213984,False,2025-01-10,4.7349231223,14974781.359067757,2026-04-15 20:51:53.549582,0.05964068415,2026-04-15 15:56:41
3797861,(2018 BM3),21.99,0.1063053145,0.2377059096,True,2025-01-10,22.8423951082,21814630.844123658,2026-04-15 20:51:53.549586,0.17200561204999998,2026-04-15 15:56:41
54111251,(2021 CO3),25.78,0.0185590173,0.0414992243,False,2025-01-10,14.7232196793,68380429.8755312,2026-04-15 20:51:53.549591,0.0300291208,2026-04-15 15:56:41
54244187,(2022 CD),26.11,0.0159424468,0.0356483948,False,2025-01-10,15.244067355,36194566.94069976,2026-04-15 20:51:53.549623,0.025795420799999996,2026-04-15 15:56:41
54327909,(2022 WW2),25.57,0.0204434871,0.0457130269,False,2025-01-10,9.4348852996,48311249.3684278,2026-04-15 20:51:53.549629,0.033078257,2026-04-15 15:56:41
54457674,(2024 MH2),23.5,0.0530340723,0.1185877909,False,2025-01-10,9.5462869245,74093047.23287047,2026-04-15 20:51:53.549633,0.0858109316,2026-04-15 15:56:41
54458508,(2024 NA2),25.14,0.0249203981,0.0557237043,False,2025-01-10,4.109881063,18950136.783358883,2026-04-15 20:51:53.549637,0.0403220512,2026-04-15 15:56:41
54509633,(2024 YD5),26.27,0.0148099972,0.0331161605,False,2025-01-10,7.1901886102,5778839.442537933,2026-04-15 20:51:53.549641,0.02396307885,2026-04-15 15:56:41
54538392,(2025 OL1),25.03,0.0262153087,0.0586192124,False,2025-01-10,8.566371362,27473306.35109621,2026-04-15 20:51:53.549646,0.04241726055,2026-04-15 15:56:41
3399548,(2008 AU28),25.03,0.0262153087,0.0586192124,False,2025-01-09,10.7616544527,4811939.983897414,2026-04-15 20:51:53.549650,0.04241726055,2026-04-15 15:56:41
3701880,(2014 XO7),26.8,0.0116025908,0.0259441818,False,2025-01-09,8.9190161339,55001479.0075566,2026-04-15 20:51:53.549656,0.0187733863,2026-04-15 15:56:41
3878578,(2019 TL2),24.4,0.0350392641,0.0783501764,False,2025-01-09,5.1613772387,59495075.397284426,2026-04-15 20:51:53.549660,0.05669472025,2026-04-15 15:56:41
3892010,(2019 UE13),25.75,0.0188171989,0.042076536,False,2025-01-09,7.2246441634,52418994.479571976,2026-04-15 20:51:53.549664,0.030446867449999998,2026-04-15 15:56:41
54376020,(2023 OS3),27.82,0.0072536229,0.016219594,False,2025-01-09,3.0567992784,7681924.331370549,2026-04-15 20:51:53.549668,0.01173660845,2026-04-15 15:56:41
54445922,(2024 LQ1),25.51,0.0210162379,0.0469937366,False,2025-01-09,6.3343361342,26746165.872806415,2026-04-15 20:51:53.549672,0.03400498725,2026-04-15 15:56:41
54466137,(2024 PT5),27.45,0.0086011194,0.0192326877,False,2025-01-09,1.0253286228,1800565.79763693,2026-04-15 20:51:53.549676,0.01391690355,2026-04-15 15:56:41
54500496,(2024 WS2),22.75,0.0749126183,0.1675097069,False,2025-01-09,13.0240937092,25225166.091300845,2026-04-15 20:51:53.549680,0.1212111626,2026-04-15 15:56:41
54512612,(2024 YW9),26.33,0.0144063837,0.0322136532,False,2025-01-09,7.8247946491,1041282.960355529,2026-04-15 20:51:53.549684,0.023310018449999997,2026-04-15 15:56:41
54513044,(2024 YD13),25.9,0.0175612318,0.0392681082,False,2025-01-09,7.266967644,5602847.855776176,2026-04-15 20:51:53.549688,0.02841467,2026-04-15 15:56:41
54515856,(2025 AU3),25.43,0.021804944,0.0487573371,False,2025-01-09,19.4858381667,3167431.437970705,2026-04-15 20:51:53.549692,0.03528114055,2026-04-15 15:56:41
54516457,(2025 BY),24.57,0.0324007435,0.0724502651,False,2025-01-09,11.2018245193,8099233.723248219,2026-04-15 20:51:53.549696,0.052425504299999995,2026-04-15 15:56:41
2000887,887 Alinda (A918 AA),13.82,4.5767266723,10.2338719537,False,2025-01-08,8.248698875,12296605.087478507,2026-04-15 20:51:53.549701,7.405299313,2026-04-15 15:56:41
2451003,451003 (2008 UD1),19.49,0.3361669212,0.7516920875,False,2025-01-08,14.1497502192,26800560.540965848,2026-04-15 20:51:53.549704,0.5439295043500001,2026-04-15 15:56:41
3485264,(2010 AL30),27.2,0.0096506147,0.0215794305,False,2025-01-08,13.5818178365,19541496.47531868,2026-04-15 20:51:53.549709,0.0156150226,2026-04-15 15:56:41
3692560,(2014 TU),25.09,0.0255008688,0.0570216761,False,2025-01-08,7.0312838109,45581702.56458096,2026-04-15 20:51:53.549713,0.04126127245,2026-04-15 15:56:41
3837605,(2019 AE3),27.4,0.0088014652,0.0196806745,False,2025-01-08,9.0801480023,40671208.9251073,2026-04-15 20:51:53.549716,0.01424106985,2026-04-15 15:56:41
3893856,(2019 XL),26.6,0.0127219879,0.0284472297,False,2025-01-08,16.8547879585,46538177.43028861,2026-04-15 20:51:53.549720,0.0205846088,2026-04-15 15:56:41
54104252,(2021 AL),24.7,0.0305179233,0.0682401509,False,2025-01-08,15.5618664057,36464891.71296953,2026-04-15 20:51:53.549724,0.0493790371,2026-04-15 15:56:41
54104549,(2021 AN1),26.86,0.011286388,0.0252371308,False,2025-01-08,9.2473780111,18530659.89786236,2026-04-15 20:51:53.549728,0.0182617594,2026-04-15 15:56:41
54104723,(2021 AF2),25.3,0.0231502122,0.0517654482,False,2025-01-08,8.6110621832,23597208.156123716,2026-04-15 20:51:53.549732,0.0374578302,2026-04-15 15:56:41
54225011,(2021 VH35),23.34,0.057089334,0.1276556316,False,2025-01-08,3.3035745717,62769908.89068633,2026-04-15 20:51:53.549737,0.0923724828,2026-04-15 15:56:41
54305021,(2022 SK2),26.5,0.0133215567,0.0297879063,False,2025-01-08,21.2500806992,15260823.73626758,2026-04-15 20:51:53.549740,0.0215547315,2026-04-15 15:56:41
54329646,(2022 WD7),22.43,0.0868070458,0.1941064553,False,2025-01-08,13.101129605,59133620.74877739,2026-04-15 20:51:53.549744,0.14045675055,2026-04-15 15:56:41
54419694,(2024 AP2),24.63,0.0315177333,0.0704757942,False,2025-01-08,14.2152333927,45297049.48784004,2026-04-15 20:51:53.549748,0.05099676375,2026-04-15 15:56:41
54421395,(2024 BM1),26.03,0.0165407416,0.0369862226,False,2025-01-08,9.1139227197,4530223.722781611,2026-04-15 20:51:53.549752,0.0267634821,2026-04-15 15:56:41
54512616,(2024 YA10),26.1,0.0160160338,0.0358129403,False,2025-01-08,11.9510765125,3391681.981133206,2026-04-15 20:51:53.549756,0.025914487049999997,2026-04-15 15:56:41
54513653,(2025 AD),23.86,0.04493192,0.1004708274,False,2025-01-08,12.4978664864,21238989.53500284,2026-04-15 20:51:53.549760,0.0727013737,2026-04-15 15:56:41
54514035,(2025 AT),25.72,0.0190789723,0.0426618789,False,2025-01-08,8.4146669385,11856715.03406815,2026-04-15 20:51:53.549764,0.0308704256,2026-04-15 15:56:41
54515742,(2025 AO3),25.81,0.018304378,0.0409298336,False,2025-01-08,6.4164095885,17568841.441117667,2026-04-15 20:51:53.549768,0.0296171058,2026-04-15 15:56:41
3536591,(2010 NG1),20.29,0.2325706875,0.5200438667,False,2025-01-18,18.609570434,71957078.28340086,2026-04-15 20:52:06.077254,0.3763072771,2026-04-15 15:56:41
3618492,(2012 WQ10),22.68,0.077366861,0.1729975604,False,2025-01-18,15.0414430899,61627285.520752855,2026-04-15 20:52:06.077277,0.1251822107,2026-04-15 15:56:41
3744790,(2016 DL),21.4,0.1394938229,0.3119176705,True,2025-01-18,20.2005796584,27109155.90409241,2026-04-15 20:52:06.077283,0.22570574670000002,2026-04-15 15:56:41
3763953,(2016 WH1),25.1,0.0253837029,0.0567596853,False,2025-01-18,15.981936482,43759953.63375309,2026-04-15 20:52:06.077288,0.0410716941,2026-04-15 15:56:41
54051325,(2020 QD4),24.8,0.0291443905,0.0651688382,False,2025-01-18,15.8057605675,39092585.85421197,2026-04-15 20:52:06.077292,0.04715661435,2026-04-15 15:56:41
54106083,(2021 BA),26.0,0.0167708462,0.0375007522,False,2025-01-18,7.2211857005,20014148.17802309,2026-04-15 20:52:06.077297,0.0271357992,2026-04-15 15:56:41
54292683,(2022 OB5),28.99,0.0042320908,0.0094632427,False,2025-01-18,1.4111403525,3403187.717872563,2026-04-15 20:52:06.077301,0.00684766675,2026-04-15 15:56:41
54341664,(2023 CA4),22.11,0.100590039,0.2249261651,False,2025-01-18,11.8236524408,17310120.84098572,2026-04-15 20:52:06.077306,0.16275810205,2026-04-15 15:56:41
54506452,(2024 WY70),20.93,0.1732028271,0.3872932954,True,2025-01-18,10.1678775336,6306311.598859365,2026-04-15 20:52:06.077310,0.28024806125,2026-04-15 15:56:41
54512617,(2024 YB10),26.75,0.0118728499,0.0265484994,False,2025-01-18,2.5383491458,5757968.235865735,2026-04-15 20:52:06.077314,0.019210674650000002,2026-04-15 15:56:41
54516117,(2025 BB),20.98,0.1692602495,0.3784774237,False,2025-01-18,17.6929010346,25422959.966917887,2026-04-15 20:52:06.077319,0.2738688366,2026-04-15 15:56:41
54516187,(2025 BN),26.31,0.0145396843,0.0325117225,False,2025-01-18,11.8243458377,323245.317978005,2026-04-15 20:52:06.077323,0.0235257034,2026-04-15 15:56:41
54517534,(2025 BN5),26.86,0.011286388,0.0252371308,False,2025-01-18,5.340567986,7392515.17930744,2026-04-15 20:52:06.077327,0.0182617594,2026-04-15 15:56:41
54516469,(2025 BM1),28.67,0.004904051,0.0109657914,False,2025-01-18,8.4271581975,684889.821141859,2026-04-15 20:52:06.077331,0.0079349212,2026-04-15 15:56:41
54516848,(2025 BA2),25.99,0.0168482569,0.0376738478,False,2025-01-18,7.1465535979,5621213.926436928,2026-04-15 20:52:06.077335,0.027261052350000002,2026-04-15 15:56:41
54517724,(2025 BF7),29.92,0.0027577505,0.0061665176,False,2025-01-18,7.8635753625,195446.400800795,2026-04-15 20:52:06.077339,0.00446213405,2026-04-15 15:56:41
54516458,(2025 BZ),27.89,0.0070235225,0.0157050737,False,2025-01-18,8.5893182132,1491005.962082691,2026-04-15 20:52:06.077344,0.0113642981,2026-04-15 15:56:41
54517092,(2025 BP2),27.79,0.0073545309,0.016445231,False,2025-01-18,7.1479921892,1780247.983405436,2026-04-15 20:52:06.077348,0.01189988095,2026-04-15 15:56:41
2847344,847344 (2023 CA4),22.11,0.100590039,0.2249261651,False,2025-01-18,11.8236524493,17310120.84098572,2026-04-15 20:52:06.077353,0.16275810205,2026-04-15 15:56:41
3592306,(2012 AN10),22.63,0.0791689667,0.1770271912,False,2025-01-17,11.4410706244,15258461.406382836,2026-04-15 20:52:06.077358,0.12809807895,2026-04-15 15:56:41
3627014,(2013 DB),25.6,0.0201629919,0.0450858206,False,2025-01-17,10.6375493901,46853591.06041552,2026-04-15 20:52:06.077362,0.03262440625,2026-04-15 15:56:41
3674427,(2014 NA39),24.1,0.040230458,0.0899580388,False,2025-01-17,11.2324862565,70291378.95983206,2026-04-15 20:52:06.077367,0.0650942484,2026-04-15 15:56:41
3781651,(2017 SS10),25.2,0.0242412481,0.0542050786,False,2025-01-17,15.4211353076,67410544.39852612,2026-04-15 20:52:06.077371,0.03922316335,2026-04-15 15:56:41
54087418,(2020 VH),28.5,0.0053034072,0.0118587791,False,2025-01-17,4.0069128483,30164452.713135097,2026-04-15 20:52:06.077375,0.00858109315,2026-04-15 15:56:41
54248642,(2022 DJ4),24.04,0.0413575665,0.0924783301,False,2025-01-17,24.4024198149,73928499.49420926,2026-04-15 20:52:06.077379,0.0669179483,2026-04-15 15:56:41
54403806,(2023 VP4),28.49,0.0053278866,0.0119135167,False,2025-01-17,4.4723637603,23712752.74882009,2026-04-15 20:52:06.077384,0.00862070165,2026-04-15 15:56:41
54467611,(2024 RM),24.23,0.0378926498,0.0847305409,False,2025-01-17,7.9658658294,36922621.23757845,2026-04-15 20:52:06.077388,0.06131159535,2026-04-15 15:56:41
54467964,(2024 RB1),25.49,0.0212106988,0.0474285643,False,2025-01-17,7.0025319248,36607281.179684006,2026-04-15 20:52:06.077392,0.03431963155,2026-04-15 15:56:41
54508762,(2024 YF2),26.58,0.012839703,0.0287104486,False,2025-01-17,4.4294416455,1693775.417976578,2026-04-15 20:52:06.077396,0.0207750758,2026-04-15 15:56:41
54515072,(2025 AO2),26.36,0.0142087207,0.0317716653,False,2025-01-17,10.2814327909,780307.606167154,2026-04-15 20:52:06.077401,0.022990193,2026-04-15 15:56:41
54513658,(2025 AF),25.05,0.0259749653,0.0580817882,False,2025-01-17,8.8138391336,7582061.844029684,2026-04-15 20:52:06.077405,0.04202837675,2026-04-15 15:56:41
54516262,(2025 BT),26.82,0.0114962176,0.0257063241,False,2025-01-17,13.7352515841,3460604.89131705,2026-04-15 20:52:06.077409,0.01860127085,2026-04-15 15:56:41
54516464,(2025 BF1),26.43,0.0137579896,0.0307638,False,2025-01-17,9.1853564713,6143921.360679286,2026-04-15 20:52:06.077413,0.0222608948,2026-04-15 15:56:41
54516131,(2025 BD),27.05,0.01034082,0.0231227764,False,2025-01-17,16.0122657921,240561.273727536,2026-04-15 20:52:06.077418,0.016731798200000002,2026-04-15 15:56:41
54576634,(2026 BT),28.65,0.0049494276,0.0110672566,False,2025-01-17,7.7639141082,8314503.786596324,2026-04-15 20:52:06.077422,0.0080083421,2026-04-15 15:56:41
3656929,(2014 BG25),25.3,0.0231502122,0.0517654482,False,2025-01-16,15.6724825019,39660831.313916154,2026-04-15 20:52:06.077427,0.0374578302,2026-04-15 15:56:41
3660308,(2014 BR57),23.9,0.04411182,0.0986370281,False,2025-01-16,7.2565355753,71736247.727064,2026-04-15 20:52:06.077432,0.07137442405,2026-04-15 15:56:41
3724583,(2015 OH26),24.1,0.040230458,0.0899580388,False,2025-01-16,7.7841279675,42681236.02047854,2026-04-15 20:52:06.077436,0.0650942484,2026-04-15 15:56:41
3761738,(2016 UA41),24.4,0.0350392641,0.0783501764,False,2025-01-16,7.5951463397,69592130.51073079,2026-04-15 20:52:06.077440,0.05669472025,2026-04-15 15:56:41
54105106,(2021 AH4),23.61,0.0504144434,0.1127301225,False,2025-01-16,16.8130284141,46375935.32391941,2026-04-15 20:52:06.077445,0.08157228295,2026-04-15 15:56:41
54131319,(2021 EB3),25.18,0.0244655496,0.0547066321,False,2025-01-16,27.400105586,69603038.85829587,2026-04-15 20:52:06.077449,0.03958609085,2026-04-15 15:56:41
54131586,(2021 EP4),29.26,0.0037372743,0.0083567994,False,2025-01-16,8.587589925,16378616.2383872,2026-04-15 20:52:06.077454,0.00604703685,2026-04-15 15:56:41
54235539,(2022 AH2),24.6,0.0319561887,0.0714562102,False,2025-01-16,9.9089447983,22396849.89678944,2026-04-15 20:52:06.077458,0.05170619945,2026-04-15 15:56:41
54235407,(2022 AH),22.71,0.0763053479,0.1706239449,False,2025-01-16,22.7846865863,52142644.787726045,2026-04-15 20:52:06.077462,0.12346464639999999,2026-04-15 15:56:41
54245571,(2022 CE2),22.29,0.0925880583,0.2070331923,False,2025-01-16,13.1959317302,4231564.171467265,2026-04-15 20:52:06.077467,0.1498106253,2026-04-15 15:56:41
54248944,(2022 DX4),24.8,0.0291443905,0.0651688382,False,2025-01-16,4.7349916625,35108631.97818706,2026-04-15 20:52:06.077471,0.04715661435,2026-04-15 15:56:41
54340314,(2023 BP6),23.85,0.0451393163,0.1009345797,False,2025-01-16,19.0279128779,58948924.25643757,2026-04-15 20:52:06.077475,0.073036948,2026-04-15 15:56:41
54465300,(2024 PD),24.54,0.0328514828,0.0734581487,False,2025-01-16,13.092731798,32392379.93704712,2026-04-15 20:52:06.077479,0.05315481575,2026-04-15 15:56:41
54503849,(2024 XM5),22.45,0.086011194,0.1923268766,False,2025-01-16,12.5844841869,19042917.09809693,2026-04-15 20:52:06.077483,0.1391690353,2026-04-15 15:56:41
54503194,(2024 XE3),24.25,0.0375452479,0.0839537266,False,2025-01-16,5.0609168372,7813953.547196045,2026-04-15 20:52:06.077488,0.06074948725,2026-04-15 15:56:41
54516466,(2025 AA5),24.98,0.0268259417,0.0599846292,False,2025-01-16,4.0576616312,16643538.448139573,2026-04-15 20:52:06.077493,0.04340528545,2026-04-15 15:56:41
54516462,(2025 BD1),29.68,0.0030800302,0.0068871569,False,2025-01-16,7.2336267877,648258.13479006,2026-04-15 20:52:06.077497,0.00498359355,2026-04-15 15:56:41
54516180,(2025 BF),24.75,0.0298232505,0.0666868155,False,2025-01-16,8.3970430621,4781450.830967176,2026-04-15 20:52:06.077501,0.048255032999999996,2026-04-15 15:56:41
54516185,(2025 BL),25.56,0.02053785,0.0459240286,False,2025-01-16,6.8487799225,2180524.461000646,2026-04-15 20:52:06.077506,0.0332309393,2026-04-15 15:56:41
54516188,(2025 BO),26.57,0.0128989683,0.02884297,False,2025-01-16,10.3250312647,5738329.221969366,2026-04-15 20:52:06.077510,0.02087096915,2026-04-15 15:56:41
3370495,(2007 EA26),20.86,0.1788771952,0.3999815682,False,2025-01-15,11.0685256598,21123091.54725817,2026-04-15 20:52:06.077515,0.2894293817,2026-04-15 15:56:41
3739391,(2016 AH65),25.8,0.0183888672,0.0411187571,False,2025-01-15,13.6672436046,36314173.818676636,2026-04-15 20:52:06.077519,0.02975381215,2026-04-15 15:56:41
3767164,(2017 BO30),23.9,0.04411182,0.0986370281,False,2025-01-15,13.1846896317,35787058.707591526,2026-04-15 20:52:06.077523,0.07137442405,2026-04-15 15:56:41
54159405,(2021 LH6),22.79,0.0735453089,0.1644523102,False,2025-01-15,27.6270254009,11707963.768334053,2026-04-15 20:52:06.077527,0.11899880955,2026-04-15 15:56:41
54168304,(2021 NM4),24.9,0.0278326768,0.0622357573,False,2025-01-15,11.7706513681,57815222.63419472,2026-04-15 20:52:06.077532,0.04503421705,2026-04-15 15:56:41
54330917,(2022 WX10),28.15,0.0062309602,0.0139328506,False,2025-01-15,13.4338227841,42118893.40848861,2026-04-15 20:52:06.077537,0.0100819054,2026-04-15 15:56:41
54375585,(2023 OS),24.4,0.0350392641,0.0783501764,False,2025-01-15,10.8724443124,6335217.647290115,2026-04-15 20:52:06.077541,0.05669472025,2026-04-15 15:56:41
54416958,(2023 XO14),29.16,0.0039134066,0.0087506433,False,2025-01-15,15.2635564231,73014318.50447418,2026-04-15 20:52:06.077545,0.006332024949999999,2026-04-15 15:56:41
54509168,(2024 YJ4),23.5,0.0530340723,0.1185877909,False,2025-01-15,8.7966845005,10836741.332867753,2026-04-15 20:52:06.077550,0.0858109316,2026-04-15 15:56:41
54510171,(2024 YX6),25.03,0.0262153087,0.0586192124,False,2025-01-15,6.6120555309,15848450.228341317,2026-04-15 20:52:06.077554,0.04241726055,2026-04-15 15:56:41
54510164,(2024 YG6),24.34,0.0360209346,0.0805452583,False,2025-01-15,7.237356434,13202264.339267543,2026-04-15 20:52:06.077559,0.05828309645,2026-04-15 15:56:41
54513661,(2025 AH),24.27,0.037201031,0.0831840342,False,2025-01-15,19.6309269825,11873808.565407533,2026-04-15 20:52:06.077563,0.0601925326,2026-04-15 15:56:41
54517240,(2025 BE3),21.01,0.1669379118,0.3732845187,False,2025-01-15,24.9914295124,17785406.468507852,2026-04-15 20:52:06.077567,0.27011121525000004,2026-04-15 15:56:41
54516190,(2025 BQ),26.23,0.0150853356,0.0337318359,False,2025-01-15,11.6874249252,4490354.79836216,2026-04-15 20:52:06.077571,0.02440858575,2026-04-15 15:56:41
54516179,(2025 BE),23.89,0.0443154309,0.099092316,False,2025-01-15,19.0456307086,5010992.516153494,2026-04-15 20:52:06.077576,0.07170387345,2026-04-15 15:56:41
54516189,(2025 BP),27.43,0.0086807046,0.0194106455,False,2025-01-15,17.624070422,430122.987995502,2026-04-15 20:52:06.077580,0.014045675050000001,2026-04-15 15:56:41
54577100,(2026 BN2),24.56,0.0325502986,0.0727846803,False,2025-01-15,12.6552740088,11617807.08608028,2026-04-15 20:52:06.077583,0.05266748945,2026-04-15 15:56:41
3627059,(2013 DF),24.6,0.0319561887,0.0714562102,False,2025-01-21,10.3814633525,38895592.701194085,2026-04-15 20:52:06.077588,0.05170619945,2026-04-15 15:56:41
3678248,(2014 OG300),24.3,0.0366906138,0.0820427065,False,2025-01-21,11.0511773016,13764722.455772905,2026-04-15 20:52:06.077592,0.05936666015,2026-04-15 15:56:41
3740496,(2016 AG193),23.5,0.0530340723,0.1185877909,False,2025-01-21,15.279918987,16829549.427043512,2026-04-15 20:52:06.077596,0.0858109316,2026-04-15 15:56:41
3767871,(2017 BN92),25.73,0.0189913123,0.0424658654,False,2025-01-21,6.2223888158,1801435.350216092,2026-04-15 20:52:06.077600,0.03072858885,2026-04-15 15:56:41
3769886,(2017 DA36),25.1,0.0253837029,0.0567596853,False,2025-01-21,5.7664976905,51908321.96957432,2026-04-15 20:52:06.077604,0.0410716941,2026-04-15 15:56:41
3836890,(2018 XE4),26.4,0.0139493823,0.0311917671,False,2025-01-21,7.9051926705,14457727.9164829,2026-04-15 20:52:06.077609,0.0225705747,2026-04-15 15:56:41
3836913,(2018 XD5),24.7,0.0305179233,0.0682401509,False,2025-01-21,15.4691468537,37857743.23635186,2026-04-15 20:52:06.077613,0.0493790371,2026-04-15 15:56:41
54075312,(2020 UN1),25.4,0.022108281,0.0494356193,False,2025-01-21,10.728534495,55978800.1569313,2026-04-15 20:52:06.077617,0.035771950149999995,2026-04-15 15:56:41
54198198,(2021 SD),26.99,0.0106305314,0.023770591,False,2025-01-21,7.7125503093,31885530.07150199,2026-04-15 20:52:06.077621,0.0172005612,2026-04-15 15:56:41
54236435,(2022 AZ3),20.6,0.2016299194,0.4508582062,False,2025-01-21,22.4337099039,20619055.58772817,2026-04-15 20:52:06.077626,0.3262440628,2026-04-15 15:56:41
54247000,(2022 CH7),27.35,0.0090064777,0.0201390963,False,2025-01-21,24.47589933,71340610.18965876,2026-04-15 20:52:06.077630,0.014572787,2026-04-15 15:56:41
54317887,(2022 UO4),25.23,0.0239086457,0.0534613571,False,2025-01-21,17.2889877087,45040141.68477718,2026-04-15 20:52:06.077635,0.0386850014,2026-04-15 15:56:41
54517643,(2025 BW5),24.63,0.0315177333,0.0704757942,False,2025-01-21,20.0524037253,20591863.362415712,2026-04-15 20:52:06.077639,0.05099676375,2026-04-15 15:56:41
54516461,(2025 BC1),26.79,0.0116561459,0.0260639347,False,2025-01-21,21.0972128277,5063541.011959044,2026-04-15 20:52:06.077643,0.0188600403,2026-04-15 15:56:41
54517334,(2025 BF4),27.31,0.0091739206,0.0205135101,False,2025-01-21,7.6996138583,4570831.914995241,2026-04-15 20:52:06.077648,0.01484371535,2026-04-15 15:56:41
54519246,(2025 CC3),27.06,0.0102933082,0.0230165369,False,2025-01-21,9.1028567415,2364336.381135162,2026-04-15 20:52:06.077652,0.01665492255,2026-04-15 15:56:41
3564040,(2011 HO5),24.23,0.0378926498,0.0847305409,False,2025-01-20,4.602340047,42821495.0040872,2026-04-15 20:52:06.077656,0.06131159535,2026-04-15 15:56:41
3801962,(2018 FV),24.68,0.0308003021,0.0688715693,False,2025-01-20,8.2939199444,18061902.511950005,2026-04-15 20:52:06.077661,0.0498359357,2026-04-15 15:56:41
3843555,(2019 PZ2),19.81,0.2901048414,0.648694146,False,2025-01-20,33.06308275,58807367.032593474,2026-04-15 20:52:06.077665,0.4693994937,2026-04-15 15:56:41
54075318,(2020 US1),25.09,0.0255008688,0.0570216761,False,2025-01-20,3.5396076415,62499626.708930165,2026-04-15 20:52:06.077669,0.04126127245,2026-04-15 15:56:41
54253543,(2022 EH4),24.93,0.0274507982,0.0613818507,False,2025-01-20,21.9113934164,66492011.36739615,2026-04-15 20:52:06.077673,0.04441632445,2026-04-15 15:56:41
54307204,(2022 SA8),28.01,0.006645918,0.0148607244,False,2025-01-20,14.1999462319,25373594.240595527,2026-04-15 20:52:06.077678,0.0107533212,2026-04-15 15:56:41
54336061,(2022 YF2),23.03,0.0658498783,0.1472448042,False,2025-01-20,15.887110866,36364645.581891045,2026-04-15 20:52:06.077682,0.10654734125,2026-04-15 15:56:41
54340106,(2023 BE4),25.67,0.0195233786,0.0436556017,False,2025-01-20,18.4885067316,23568730.122158825,2026-04-15 20:52:06.077686,0.031589490149999996,2026-04-15 15:56:41
54392942,(2023 TG8),28.1,0.0063760979,0.0142573883,False,2025-01-20,8.7992362319,26592305.2862997,2026-04-15 20:52:06.077690,0.0103167431,2026-04-15 15:56:41
54418267,(2023 YO1),25.93,0.0173202827,0.0387293295,False,2025-01-20,2.4337624164,8891651.576187612,2026-04-15 20:52:06.077695,0.0280248061,2026-04-15 15:56:41
54427938,(2024 BW17),23.55,0.0518268695,0.1158884032,False,2025-01-20,12.6054400536,27217079.427778862,2026-04-15 20:52:06.077699,0.08385763635,2026-04-15 15:56:41
54514904,(2025 AJ2),23.49,0.0532788665,0.1191351672,False,2025-01-20,16.6134321961,24165689.77102548,2026-04-15 20:52:06.077703,0.08620701685,2026-04-15 15:56:41
54515078,(2025 AY2),23.54,0.0520660914,0.1164233197,False,2025-01-20,23.274478684,6785583.321466797,2026-04-15 20:52:06.077707,0.08424470554999999,2026-04-15 15:56:41
54516460,(2025 BB1),27.42,0.0087207729,0.019500241,False,2025-01-20,6.2551372775,2863923.404729872,2026-04-15 20:52:06.077711,0.01411050695,2026-04-15 15:56:41
54517088,(2025 BL2),24.66,0.0310852938,0.0695088301,False,2025-01-20,19.3167233042,13955967.549992617,2026-04-15 20:52:06.077715,0.05029706195,2026-04-15 15:56:41
54517335,(2025 BE4),26.5,0.0133215567,0.0297879063,False,2025-01-20,23.4871328278,2244992.107259298,2026-04-15 20:52:06.077719,0.0215547315,2026-04-15 15:56:41
54517528,(2025 BT4),28.6,0.0050647146,0.0113250461,False,2025-01-20,6.4480977091,120253.275413345,2026-04-15 20:52:06.077724,0.00819488035,2026-04-15 15:56:41
54517726,(2025 BJ7),25.39,0.0222103282,0.0496638037,False,2025-01-20,23.3402485955,4391488.10924295,2026-04-15 20:52:06.077728,0.03593706595,2026-04-15 15:56:41
54516468,(2025 BH1),23.5,0.0530340723,0.1185877909,False,2025-01-20,18.4287942442,7534200.548686974,2026-04-15 20:52:06.077732,0.0858109316,2026-04-15 15:56:41
54516116,(2025 BA),23.62,0.0501828101,0.1122121746,False,2025-01-20,24.8330749574,3006608.087881006,2026-04-15 20:52:06.077736,0.08119749235000001,2026-04-15 15:56:41
54516183,(2025 BJ),26.2,0.0152951935,0.0342010925,False,2025-01-20,7.1977468138,4107693.454999663,2026-04-15 20:52:06.077740,0.024748143,2026-04-15 15:56:41
54517097,(2025 BV2),25.8,0.0183888672,0.0411187571,False,2025-01-20,7.1736611272,4391863.59989665,2026-04-15 20:52:06.077745,0.02975381215,2026-04-15 15:56:41
54517332,(2025 BC4),25.79,0.0184737464,0.0413085527,False,2025-01-20,8.6488434128,3889952.094678306,2026-04-15 20:52:06.077749,0.029891149550000003,2026-04-15 15:56:41
54579269,(2026 BD6),29.01,0.0041932908,0.0093764832,False,2025-01-20,15.6630268485,3433716.574077499,2026-04-15 20:52:06.077754,0.006784887,2026-04-15 15:56:41
3515028,(2010 GH7),27.35,0.0090064777,0.0201390963,False,2025-01-19,12.5995105472,38462131.78080464,2026-04-15 20:52:06.077758,0.014572787,2026-04-15 15:56:41
3752780,(2016 JW5),22.01,0.1053307015,0.2355266087,True,2025-01-19,14.2370224289,9206432.018369963,2026-04-15 20:52:06.077762,0.1704286551,2026-04-15 15:56:41
3781595,(2017 RO16),27.8,0.0073207399,0.016369672,False,2025-01-19,16.6175129449,42638166.09059555,2026-04-15 20:52:06.077766,0.01184520595,2026-04-15 15:56:41
3840791,(2019 GM1),27.25,0.0094309399,0.0210882227,False,2025-01-19,2.933403853,22252617.025281675,2026-04-15 20:52:06.077770,0.015259581299999998,2026-04-15 15:56:41
54106087,(2021 BD),26.89,0.011131533,0.0248908644,False,2025-01-19,22.3135148668,16103263.362028439,2026-04-15 20:52:06.077775,0.0180111987,2026-04-15 15:56:41
54144284,(2021 JE3),25.33,0.0228325794,0.0510551996,False,2025-01-19,6.2182853129,65592017.656220175,2026-04-15 20:52:06.077779,0.0369438895,2026-04-15 15:56:41
54167163,(2021 NG2),23.18,0.0614546821,0.1374168468,False,2025-01-19,15.2147228086,37992809.66293304,2026-04-15 20:52:06.077783,0.09943576444999999,2026-04-15 15:56:41
54216190,(2021 TO57),21.09,0.1608996045,0.3597824532,False,2025-01-19,12.492001707,25999104.792549554,2026-04-15 20:52:06.077787,0.26034102885,2026-04-15 15:56:41
54299573,(2022 QP31),26.53,0.0131387781,0.0293792009,False,2025-01-19,6.4723626449,9034449.325408893,2026-04-15 20:52:06.077791,0.0212589895,2026-04-15 15:56:41
54467966,(2024 RD1),23.82,0.0457672667,0.1023387195,False,2025-01-19,12.5116164365,48124680.43434812,2026-04-15 20:52:06.077795,0.07405299309999999,2026-04-15 15:56:41
54509642,(2024 YQ5),25.5,0.0211132445,0.0472106499,False,2025-01-19,5.0085894484,6722166.989199357,2026-04-15 20:52:06.077799,0.0341619472,2026-04-15 15:56:41
54509622,(2024 YS4),23.73,0.0477040198,0.1066694311,False,2025-01-19,3.8754999861,23032991.66625437,2026-04-15 20:52:06.077804,0.07718672545,2026-04-15 15:56:41
54517330,(2025 BV3),26.54,0.0130784109,0.0292442157,False,2025-01-19,12.9643601312,2514560.198542816,2026-04-15 20:52:06.077808,0.021161313299999998,2026-04-15 15:56:41
54516840,(2025 BO1),27.21,0.0096062741,0.021480282,False,2025-01-19,7.8000179388,1556390.95743997,2026-04-15 20:52:06.077812,0.01554327805,2026-04-15 15:56:41
54519243,(2025 CX2),24.74,0.0299609084,0.0669946278,False,2025-01-19,10.2479949839,6902492.830169263,2026-04-15 20:52:06.077816,0.0484777681,2026-04-15 15:56:41
54516130,(2025 BC),26.73,0.011982708,0.0267941497,False,2025-01-19,3.6492179175,1103721.356386992,2026-04-15 20:52:06.077820,0.01938842885,2026-04-15 15:56:41
54517327,(2025 BL3),25.16,0.0246919266,0.0552128263,False,2025-01-19,7.4560054041,7393362.112688658,2026-04-15 20:52:06.077825,0.03995237645,2026-04-15 15:56:41
3626687,(2013 CW87),25.87,0.0178055329,0.039814382,False,2025-01-28,3.3405116656,13131492.803324748,2026-04-15 20:52:17.884047,0.02880995745,2026-04-15 15:56:41
3708364,(2015 BP509),27.8,0.0073207399,0.016369672,False,2025-01-28,22.1781653855,32976155.779947046,2026-04-15 20:52:17.884068,0.01184520595,2026-04-15 15:56:41
3738913,(2015 YC1),26.0,0.0167708462,0.0375007522,False,2025-01-28,5.6968805763,25054817.85978803,2026-04-15 20:52:17.884073,0.0271357992,2026-04-15 15:56:41
54213280,(2021 UQ3),27.63,0.0079168967,0.0177027191,False,2025-01-28,7.4933188974,74789892.1528336,2026-04-15 20:52:17.884078,0.012809807900000001,2026-04-15 15:56:41
54244183,(2022 BX6),25.86,0.0178877195,0.0399981568,False,2025-01-28,14.2814444629,7539229.370845746,2026-04-15 20:52:17.884082,0.02894293815,2026-04-15 15:56:41
54248561,(2022 DE3),28.0,0.0066765941,0.0149293183,False,2025-01-28,19.6556880888,70530654.76898226,2026-04-15 20:52:17.884086,0.0108029562,2026-04-15 15:56:41
54338714,(2023 AW),25.68,0.0194336768,0.0434550225,False,2025-01-28,5.9277431581,28875545.454976574,2026-04-15 20:52:17.884091,0.03144434965,2026-04-15 15:56:41
54423136,(2024 BZ3),27.8,0.0073207399,0.016369672,False,2025-01-28,9.9510085107,21779660.187801827,2026-04-15 20:52:17.884095,0.01184520595,2026-04-15 15:56:41
54514036,(2024 YL17),22.29,0.0925880583,0.2070331923,False,2025-01-28,14.2918326423,27498476.35728137,2026-04-15 20:52:17.884099,0.1498106253,2026-04-15 15:56:41
54517725,(2025 BH7),25.04,0.0260948603,0.0583498816,False,2025-01-28,2.4451007506,17180917.7832409,2026-04-15 20:52:17.884103,0.042222370950000004,2026-04-15 15:56:41
54516847,(2025 BZ1),24.75,0.0298232505,0.0666868155,False,2025-01-28,9.8588545613,16381114.253540032,2026-04-15 20:52:17.884107,0.048255032999999996,2026-04-15 15:56:41
54517531,(2025 BF5),27.25,0.0094309399,0.0210882227,False,2025-01-28,11.3155520042,1283088.36476892,2026-04-15 20:52:17.884112,0.015259581299999998,2026-04-15 15:56:41
54519251,(2025 CK3),23.6,0.0506471459,0.1132504611,False,2025-01-28,6.3978891502,28820353.370330893,2026-04-15 20:52:17.884116,0.0819488035,2026-04-15 15:56:41
54517527,(2025 BS4),28.51,0.0052790403,0.0118042929,False,2025-01-28,16.0048290887,822011.243743646,2026-04-15 20:52:17.884120,0.008541666600000001,2026-04-15 15:56:41
54521217,(2025 CB8),29.43,0.0034558507,0.0077275172,False,2025-01-28,5.3200874399,838965.858500948,2026-04-15 20:52:17.884124,0.00559168395,2026-04-15 15:56:41
3767241,(2017 BO31),19.76,0.2968622513,0.6638041738,False,2025-01-27,22.0738818018,16873153.914995372,2026-04-15 20:52:17.884128,0.48033321255,2026-04-15 15:56:41
3795129,(2017 YJ7),26.3,0.0146067964,0.0326617897,False,2025-01-27,15.3765851684,40488906.86635513,2026-04-15 20:52:17.884132,0.023634293049999998,2026-04-15 15:56:41
3797906,(2018 BL5),24.3,0.0366906138,0.0820427065,False,2025-01-27,4.0071364752,15204334.817606444,2026-04-15 20:52:17.884137,0.05936666015,2026-04-15 15:56:41
3989349,(2020 CA),29.6,0.0031956189,0.007145621,False,2025-01-27,19.2589757924,28849084.793167993,2026-04-15 20:52:17.884141,0.00517061995,2026-04-15 15:56:41
54228655,(2021 XP3),25.71,0.0191670368,0.0428587972,False,2025-01-27,25.2921968453,68223999.75113,2026-04-15 20:52:17.884145,0.031012917,2026-04-15 15:56:41
54471061,(2024 RT15),22.64,0.0788052183,0.1762138252,False,2025-01-27,10.6553527764,43071327.05229586,2026-04-15 20:52:17.884149,0.12750952175,2026-04-15 15:56:41
54504555,(2024 XS6),23.0,0.0667659413,0.1492931834,False,2025-01-27,9.9930171082,15694195.571125448,2026-04-15 20:52:17.884153,0.10802956235,2026-04-15 15:56:41
54509094,(2024 YO3),21.63,0.1254743564,0.2805691903,False,2025-01-27,14.3464362016,26942697.247119173,2026-04-15 20:52:17.884157,0.20302177335,2026-04-15 15:56:41
54514677,(2025 AU1),24.35,0.0358554334,0.0801751865,False,2025-01-27,7.7921688167,12659435.617515508,2026-04-15 20:52:17.884161,0.058015309949999996,2026-04-15 15:56:41
54517535,(2025 BM5),24.09,0.0404161533,0.0903732663,False,2025-01-27,11.4395894773,11076700.56492726,2026-04-15 20:52:17.884165,0.0653947098,2026-04-15 15:56:41
54517682,(2025 BM6),27.09,0.0101520787,0.0227007381,False,2025-01-27,6.081982884,968252.16746042,2026-04-15 20:52:17.884169,0.016426408400000002,2026-04-15 15:56:41
54517086,(2025 BH2),25.12,0.0251509837,0.0562393094,False,2025-01-27,7.1174918598,6880605.599643386,2026-04-15 20:52:17.884174,0.04069514655,2026-04-15 15:56:41
54520705,(2025 DF5),26.52,0.0131994239,0.0295148091,False,2025-01-27,5.8667358654,5514203.712706611,2026-04-15 20:52:17.884178,0.021357116500000002,2026-04-15 15:56:41
2806899,806899 (2017 BO31),19.76,0.2968622513,0.6638041738,False,2025-01-27,22.0738818056,16873153.900035586,2026-04-15 20:52:17.884182,0.48033321255,2026-04-15 15:56:41
54538768,(2025 OR2),24.0,0.0421264611,0.0941976306,False,2025-01-27,15.5646107942,11892906.289330881,2026-04-15 20:52:17.884186,0.06816204584999999,2026-04-15 15:56:41
3342322,(2006 SE6),22.97,0.0676947481,0.1513700585,False,2025-01-26,14.0614715644,62393709.517077215,2026-04-15 20:52:17.884190,0.1095324033,2026-04-15 15:56:41
3557543,(2011 CD66),26.9,0.0110803882,0.0247765013,False,2025-01-26,16.6155200823,35323013.69946353,2026-04-15 20:52:17.884194,0.01792844475,2026-04-15 15:56:41
3740499,(2016 AK193),22.08,0.1019893859,0.2280551997,False,2025-01-26,20.6336578598,54834065.5272183,2026-04-15 20:52:17.884198,0.1650222928,2026-04-15 15:56:41
3763102,(2016 UB107),25.2,0.0242412481,0.0542050786,False,2025-01-26,9.6943277145,20407917.238032017,2026-04-15 20:52:17.884203,0.03922316335,2026-04-15 15:56:41
3769438,(2017 BG136),25.98,0.0169260249,0.0378477424,False,2025-01-26,19.9828928401,66042979.08895435,2026-04-15 20:52:17.884207,0.02738688365,2026-04-15 15:56:41
3989284,(2020 BW12),26.1,0.0160160338,0.0358129403,False,2025-01-26,14.3681200798,59120739.42970381,2026-04-15 20:52:17.884211,0.025914487049999997,2026-04-15 15:56:41
54048845,(2020 OC),26.6,0.0127219879,0.0284472297,False,2025-01-26,4.9364877306,38689233.79400742,2026-04-15 20:52:17.884215,0.0205846088,2026-04-15 15:56:41
54130039,(2021 ET),21.51,0.1326034968,0.2965104328,False,2025-01-26,17.6449369022,24356983.903426975,2026-04-15 20:52:17.884219,0.2145569648,2026-04-15 15:56:41
54131384,(2021 EW3),26.59,0.0127807099,0.0285785361,False,2025-01-26,6.488044036,58225468.1044097,2026-04-15 20:52:17.884223,0.020679623,2026-04-15 15:56:41
54243529,(2022 AV13),31.82,0.0011496218,0.0025706324,False,2025-01-26,15.5091491565,41565809.42363276,2026-04-15 20:52:17.884227,0.0018601271,2026-04-15 15:56:41
54339214,(2023 BG),23.29,0.0584191154,0.1306291133,False,2025-01-26,17.379623454,33375966.30505657,2026-04-15 20:52:17.884231,0.09452411435,2026-04-15 15:56:41
54466138,(2024 PV5),24.07,0.0407901194,0.0912094798,False,2025-01-26,12.7946936196,34987952.42364315,2026-04-15 20:52:17.884236,0.0659997996,2026-04-15 15:56:41
54510155,(2024 YY5),27.0,0.0105816886,0.023661375,False,2025-01-26,2.4347075978,4781448.796436144,2026-04-15 20:52:17.884240,0.0171215318,2026-04-15 15:56:41
54518915,(2025 CF2),26.85,0.0113384836,0.0253536201,False,2025-01-26,11.4419836527,2804694.750677555,2026-04-15 20:52:17.884244,0.01834605185,2026-04-15 15:56:41
54517683,(2025 BP6),31.82,0.0011496218,0.0025706324,False,2025-01-26,21.0469764561,9711.953559548,2026-04-15 20:52:17.884248,0.0018601271,2026-04-15 15:56:41
54518665,(2025 CX),26.52,0.0131994239,0.0295148091,False,2025-01-26,16.1994385542,1736309.996921985,2026-04-15 20:52:17.884252,0.021357116500000002,2026-04-15 15:56:41
3102783,(2002 BM5),22.51,0.0836671502,0.1870854353,False,2025-01-25,12.3499082823,44000505.00410164,2026-04-15 20:52:17.884256,0.13537629275,2026-04-15 15:56:41
3409964,(2008 JG),20.84,0.1805323255,0.4036825521,True,2025-01-25,21.9717281134,62420482.0306056,2026-04-15 20:52:17.884260,0.2921074388,2026-04-15 15:56:41
3602706,(2012 HG2),27.0,0.0105816886,0.023661375,False,2025-01-25,6.659504546,15702473.015749779,2026-04-15 20:52:17.884264,0.0171215318,2026-04-15 15:56:41
3781359,(2017 QC36),20.7,0.1925550782,0.4305662442,True,2025-01-25,18.5116471622,63297391.65349676,2026-04-15 20:52:17.884268,0.31156066120000003,2026-04-15 15:56:41
3797745,(2018 AM13),22.13,0.099667824,0.2228640296,False,2025-01-25,10.6407705396,72726084.11456461,2026-04-15 20:52:17.884272,0.16126592680000001,2026-04-15 15:56:41
3837955,(2019 BA1),22.19,0.0969515991,0.2167903661,False,2025-01-25,19.2359979664,38217464.898253456,2026-04-15 20:52:17.884276,0.1568709826,2026-04-15 15:56:41
54212682,(2021 UO1),28.03,0.0065849878,0.0147244804,False,2025-01-25,22.9922200734,28506625.61844016,2026-04-15 20:52:17.884280,0.0106547341,2026-04-15 15:56:41
54225010,(2021 WJ3),26.11,0.0159424468,0.0356483948,False,2025-01-25,7.4943109904,26058093.476658605,2026-04-15 20:52:17.884284,0.025795420799999996,2026-04-15 15:56:41
54239888,(2022 BV1),24.16,0.0391340663,0.0875064325,False,2025-01-25,13.9752890824,52099330.71411922,2026-04-15 20:52:17.884288,0.0633202494,2026-04-15 15:56:41
54395898,(2023 UY),29.96,0.0027074159,0.006053966,False,2025-01-25,5.4968913209,19465557.036077373,2026-04-15 20:52:17.884292,0.00438069095,2026-04-15 15:56:41
54509028,(2024 YT2),22.59,0.0806408277,0.1803183724,False,2025-01-25,9.0500001748,19875258.20940216,2026-04-15 20:52:17.884296,0.13047960005,2026-04-15 15:56:41
54513665,(2025 AL),24.59,0.0321036917,0.0717860371,False,2025-01-25,10.0374642707,12024179.766636712,2026-04-15 20:52:17.884300,0.0519448644,2026-04-15 15:56:41
54516264,(2025 BW),27.74,0.0075258399,0.0168282897,False,2025-01-25,6.1288379388,4035851.755734036,2026-04-15 20:52:17.884304,0.0121770648,2026-04-15 15:56:41
54516184,(2025 BK),24.09,0.0404161533,0.0903732663,False,2025-01-25,10.4423743993,5902200.299545001,2026-04-15 20:52:17.884308,0.0653947098,2026-04-15 15:56:41
54517680,(2025 BN6),28.23,0.0060055803,0.0134288857,False,2025-01-25,8.4979993197,756047.903020947,2026-04-15 20:52:17.884312,0.009717233,2026-04-15 15:56:41
54518666,(2025 CY),25.29,0.0232570687,0.0520043867,False,2025-01-25,11.5993696236,4109507.164615756,2026-04-15 20:52:17.884316,0.037630727700000005,2026-04-15 15:56:41
54517901,(2025 BY7),23.02,0.0661538275,0.1479244553,False,2025-01-25,22.4225275032,15869586.851554468,2026-04-15 20:52:17.884321,0.10703914140000001,2026-04-15 15:56:41
3445079,(2009 BO58),21.87,0.1123453177,0.2512117673,False,2025-01-24,20.7132427233,28772488.99327206,2026-04-15 20:52:17.884325,0.1817785425,2026-04-15 15:56:41
3558375,(2011 EL11),19.88,0.2809020939,0.6281161771,True,2025-01-24,21.9129794217,9810797.749147562,2026-04-15 20:52:17.884329,0.4545091355,2026-04-15 15:56:41
3728857,(2015 SY16),21.58,0.1283970296,0.2871044863,True,2025-01-24,28.6669867139,63180869.88751353,2026-04-15 20:52:17.884334,0.20775075795,2026-04-15 15:56:41
3989213,(2020 BN9),23.76,0.0470494961,0.1052058716,False,2025-01-24,10.9199365882,13418191.780535787,2026-04-15 20:52:17.884338,0.07612768385,2026-04-15 15:56:41
54110059,(2021 CX),28.0,0.0066765941,0.0149293183,False,2025-01-24,22.9467123252,68571195.26922096,2026-04-15 20:52:17.884342,0.0108029562,2026-04-15 15:56:41
54200470,(2021 SD3),25.12,0.0251509837,0.0562393094,False,2025-01-24,8.5252863531,20368906.661311265,2026-04-15 20:52:17.884346,0.04069514655,2026-04-15 15:56:41
54500719,(2024 WE4),22.52,0.0832827346,0.1862258558,False,2025-01-24,7.2866797163,11287371.735435188,2026-04-15 20:52:17.884350,0.1347542952,2026-04-15 15:56:41
54505044,(2024 XB9),22.41,0.0876102615,0.1959025002,False,2025-01-24,7.8515432466,28255397.463069502,2026-04-15 20:52:17.884354,0.14175638085,2026-04-15 15:56:41
54517529,(2025 BU4),24.47,0.0339277435,0.0758647409,False,2025-01-24,4.4917267225,18366740.56001386,2026-04-15 20:52:17.884358,0.0548962422,2026-04-15 15:56:41
54522253,(2025 EM),28.09,0.0064055286,0.0143231974,False,2025-01-24,1.6575369749,3710364.354639193,2026-04-15 20:52:17.884362,0.010364363,2026-04-15 15:56:41
2877808,877808 (2011 EL11),19.88,0.2809020939,0.6281161771,True,2025-01-24,21.9129794225,9810797.749147562,2026-04-15 20:52:17.884366,0.4545091355,2026-04-15 15:56:41
3797709,(2018 AH13),24.18,0.038775283,0.0867041687,False,2025-01-23,7.9548118104,19343743.260402694,2026-04-15 20:52:17.884370,0.06273972585,2026-04-15 15:56:41
54054459,(2020 RS9),23.9,0.04411182,0.0986370281,False,2025-01-23,15.8020969264,39070582.16174429,2026-04-15 20:52:17.884374,0.07137442405,2026-04-15 15:56:41
54194348,(2021 RX5),23.72,0.0479242116,0.1071617948,False,2025-01-23,7.9677284273,65234027.54478448,2026-04-15 20:52:17.884378,0.0775430032,2026-04-15 15:56:41
54246383,(2022 CX4),27.88,0.0070559416,0.015777565,False,2025-01-23,16.4654660933,52911674.763986014,2026-04-15 20:52:17.884383,0.0114167533,2026-04-15 15:56:41
54383282,(2023 RA10),28.8,0.0046190746,0.0103285648,False,2025-01-23,5.4705408895,26175844.503299396,2026-04-15 20:52:17.884387,0.0074738197,2026-04-15 15:56:41
54517331,(2025 BB4),28.15,0.0062309602,0.0139328506,False,2025-01-23,14.5578657881,522490.397652562,2026-04-15 20:52:17.884391,0.0100819054,2026-04-15 15:56:41
54517341,(2025 BP4),29.27,0.0037201031,0.0083184034,False,2025-01-23,22.0799070252,320380.488847931,2026-04-15 20:52:17.884395,0.00601925325,2026-04-15 15:56:41
54519238,(2025 CS2),23.55,0.0518268695,0.1158884032,False,2025-01-23,8.8308207488,22735889.15949056,2026-04-15 20:52:17.884399,0.08385763635,2026-04-15 15:56:41
54519950,(2025 DA),22.04,0.1038855101,0.2322950625,False,2025-01-23,23.0828947973,17330213.4655435,2026-04-15 20:52:17.884403,0.1680902863,2026-04-15 15:56:41
54520796,(2025 BO16),26.61,0.0126635356,0.0283165265,False,2025-01-23,15.5296737735,224550.980564822,2026-04-15 20:52:17.884408,0.02049003105,2026-04-15 15:56:41
2265196,265196 (2004 BW58),18.84,0.453476699,1.0140047252,True,2025-01-22,10.4985312422,10773851.9441376,2026-04-15 20:52:17.884412,0.7337407120999999,2026-04-15 15:56:41
3145514,(2003 AA3),20.2,0.2424124811,0.5420507863,True,2025-01-22,12.0784332692,34255211.195577785,2026-04-15 20:52:17.884417,0.3922316337,2026-04-15 15:56:41
3837565,(2019 AV),24.3,0.0366906138,0.0820427065,False,2025-01-22,17.9109546116,39823525.774324656,2026-04-15 20:52:17.884421,0.05936666015,2026-04-15 15:56:41
54087438,(2020 VW),28.36,0.0056565936,0.0126485278,False,2025-01-22,17.9367434791,39492355.53910298,2026-04-15 20:52:17.884425,0.0091525607,2026-04-15 15:56:41
54106310,(2021 BZ),24.76,0.0296862251,0.0663804174,False,2025-01-22,18.0369407463,27366983.65925684,2026-04-15 20:52:17.884429,0.048033321250000004,2026-04-15 15:56:41
54190077,(2021 QL1),24.04,0.0413575665,0.0924783301,False,2025-01-22,13.2835034952,45480625.791329294,2026-04-15 20:52:17.884434,0.0669179483,2026-04-15 15:56:41
54248949,(2022 EO),29.49,0.0033616692,0.0075169209,False,2025-01-22,6.4929472524,36168728.63594996,2026-04-15 20:52:17.884438,0.00543929505,2026-04-15 15:56:41
54422948,(2024 BA3),28.86,0.004493192,0.0100470827,False,2025-01-22,12.7988678374,41110953.70402611,2026-04-15 20:52:17.884442,0.00727013735,2026-04-15 15:56:41
54511092,(2024 YM8),21.03,0.1654074158,0.3698622257,False,2025-01-22,30.6649200548,27476023.257852428,2026-04-15 20:52:17.884446,0.26763482075,2026-04-15 15:56:41
54513663,(2025 AK),23.77,0.0468333233,0.1047224945,False,2025-01-22,5.9481628099,20617437.17813136,2026-04-15 20:52:17.884450,0.0757779089,2026-04-15 15:56:41
54516467,(2025 BJ1),26.29,0.0146742183,0.0328125497,False,2025-01-22,14.3082805056,2716982.617297877,2026-04-15 20:52:17.884454,0.023743384,2026-04-15 15:56:41
54517084,(2025 BG2),23.41,0.0552783379,0.1236061213,False,2025-01-22,15.1845196981,5223692.009381815,2026-04-15 20:52:17.884459,0.0894422296,2026-04-15 15:56:41
54517678,(2025 BG6),22.62,0.079534394,0.1778443116,False,2025-01-22,16.5093019966,22408222.61110279,2026-04-15 20:52:17.884463,0.1286893528,2026-04-15 15:56:41
54518923,(2025 CO2),24.46,0.0340843469,0.0762149166,False,2025-01-22,9.5747979399,20018324.38208158,2026-04-15 20:52:17.884467,0.05514963175,2026-04-15 15:56:41
3709715,(2015 CL),25.52,0.0209196771,0.04677782,False,2025-01-29,12.162006247,17982845.109022796,2026-04-15 20:52:32.674317,0.03384874855,2026-04-15 15:56:41
3799425,(2018 CR3),25.63,0.0198863453,0.04446722,False,2025-01-29,30.9387411296,48245526.82043666,2026-04-15 20:52:32.674340,0.03217678265,2026-04-15 15:56:41
3837925,(2019 BL),25.2,0.0242412481,0.0542050786,False,2025-01-29,17.8360300648,68421299.95377605,2026-04-15 20:52:32.674345,0.03922316335,2026-04-15 15:56:41
3989084,(2020 BB5),29.7,0.0030517923,0.0068240151,False,2025-01-29,11.667582948,13832150.195085244,2026-04-15 20:52:32.674350,0.004937903699999999,2026-04-15 15:56:41
54016687,(2020 HL4),24.6,0.0319561887,0.0714562102,False,2025-01-29,8.3616478137,55225803.03319285,2026-04-15 20:52:32.674354,0.05170619945,2026-04-15 15:56:41
54244790,(2022 CN1),21.5,0.1332155667,0.2978790628,True,2025-01-29,15.1472494533,8870168.095353078,2026-04-15 20:52:32.674359,0.21554731475,2026-04-15 15:56:41
54414145,(2023 XZ2),27.67,0.007772397,0.0173796081,False,2025-01-29,4.9285938605,26259719.346595064,2026-04-15 20:52:32.674363,0.01257600255,2026-04-15 15:56:41
54516846,(2025 BY1),27.68,0.0077366861,0.017299756,False,2025-01-29,7.7191496595,2628639.136027438,2026-04-15 20:52:32.674367,0.01251822105,2026-04-15 15:56:41
54517721,(2025 BS6),24.55,0.0327005439,0.0731206391,False,2025-01-29,15.3143515245,9509103.874316432,2026-04-15 20:52:32.674371,0.05291059149999999,2026-04-15 15:56:41
54518629,(2025 CU),24.14,0.0394961694,0.0883161196,False,2025-01-29,14.9067520583,25150847.799297366,2026-04-15 20:52:32.674375,0.06390614450000001,2026-04-15 15:56:41
54518676,(2025 CH1),26.93,0.0109283596,0.0244365549,False,2025-01-29,5.3433234343,5891937.047914929,2026-04-15 20:52:32.674379,0.01768245725,2026-04-15 15:56:41
54517095,(2025 BS2),26.7,0.0121494041,0.0271668934,False,2025-01-29,9.854047585,3754840.220264229,2026-04-15 20:52:32.674383,0.01965814875,2026-04-15 15:56:41
2886933,886933 (2022 CN1),21.5,0.1332155667,0.2978790628,True,2025-01-29,15.1472494527,8870168.095353078,2026-04-15 20:52:32.674387,0.21554731475,2026-04-15 15:56:41
3114026,(2002 CC14),24.8,0.0291443905,0.0651688382,False,2025-02-04,12.6879328422,3221481.327919149,2026-04-15 20:52:32.674392,0.04715661435,2026-04-15 15:56:41
3550466,(2010 VZ11),25.6,0.0201629919,0.0450858206,False,2025-02-04,5.509707406,42213564.68518282,2026-04-15 20:52:32.674396,0.03262440625,2026-04-15 15:56:41
3553988,(2010 XR69),25.4,0.022108281,0.0494356193,False,2025-02-04,11.7834695066,41739188.1190373,2026-04-15 20:52:32.674400,0.035771950149999995,2026-04-15 15:56:41
3721991,(2015 MT59),19.56,0.3255029858,0.727846803,False,2025-02-04,29.3302868504,60364054.971724965,2026-04-15 20:52:32.674404,0.5266748944,2026-04-15 15:56:41
3721289,(2015 MC),24.11,0.0400456158,0.0895447192,False,2025-02-04,6.724320869,27392185.06603491,2026-04-15 20:52:32.674408,0.0647951675,2026-04-15 15:56:41
3739246,(2016 AZ8),21.07,0.1623883902,0.3631114793,True,2025-02-04,22.5247297071,67311767.7074855,2026-04-15 20:52:32.674412,0.26274993474999997,2026-04-15 15:56:41
3789390,(2017 VU13),20.89,0.1764229081,0.3944936153,False,2025-02-04,16.3666022187,52858560.7433525,2026-04-15 20:52:32.674416,0.2854582617,2026-04-15 15:56:41
3836246,(2018 VR9),22.7,0.0766575574,0.1714115092,False,2025-02-04,33.5783332757,45636721.07081808,2026-04-15 20:52:32.674420,0.1240345333,2026-04-15 15:56:41
3838075,(2019 BZ4),26.27,0.0148099972,0.0331161605,False,2025-02-04,7.6764888296,14941503.44752434,2026-04-15 20:52:32.674424,0.02396307885,2026-04-15 15:56:41
3989259,(2020 BL11),27.8,0.0073207399,0.016369672,False,2025-02-04,14.1089292678,65392950.77752837,2026-04-15 20:52:32.674428,0.01184520595,2026-04-15 15:56:41
54245563,(2022 CX1),27.05,0.01034082,0.0231227764,False,2025-02-04,16.2877622095,23831307.609695747,2026-04-15 20:52:32.674432,0.016731798200000002,2026-04-15 15:56:41
54317855,(2022 UG3),29.32,0.0036354232,0.0081290534,False,2025-02-04,11.8702618464,33652398.94892142,2026-04-15 20:52:32.674436,0.0058822383,2026-04-15 15:56:41
54485070,(2024 SV5),23.18,0.0614546821,0.1374168468,False,2025-02-04,10.6608432255,50258543.19540602,2026-04-15 20:52:32.674440,0.09943576444999999,2026-04-15 15:56:41
54518888,(2025 CC2),25.41,0.0220067027,0.0492084832,False,2025-02-04,14.8545586945,6296416.043833966,2026-04-15 20:52:32.674444,0.03560759295,2026-04-15 15:56:41
54516260,(2025 BR),26.49,0.0133830462,0.029925401,False,2025-02-04,6.03776507,4713681.739235068,2026-04-15 20:52:32.674448,0.0216542236,2026-04-15 15:56:41
54518710,(2025 CN1),26.32,0.0144728805,0.0323623447,False,2025-02-04,9.9074562626,4549773.8755432,2026-04-15 20:52:32.674452,0.0234176126,2026-04-15 15:56:41
54516850,(2025 BB2),25.64,0.0197949759,0.0442629117,False,2025-02-04,6.5318647808,291451.566902858,2026-04-15 20:52:32.674456,0.0320289438,2026-04-15 15:56:41
54520519,(2025 DC4),25.99,0.0168482569,0.0376738478,False,2025-02-04,5.6594166059,6059420.495177028,2026-04-15 20:52:32.674461,0.027261052350000002,2026-04-15 15:56:41
54524506,(2025 FP5),26.06,0.0163137941,0.0364787526,False,2025-02-04,4.15224082,8649286.810378505,2026-04-15 20:52:32.674465,0.02639627335,2026-04-15 15:56:41
2326290,326290 Akhenaten (1998 HE3),21.83,0.1144339731,0.2558821427,True,2025-02-03,16.1458805072,18470365.05979055,2026-04-15 20:52:32.674469,0.1851580579,2026-04-15 15:56:41
3092284,(2001 BX15),21.75,0.1187284988,0.2654849942,False,2025-02-03,13.6018707409,18251012.380811423,2026-04-15 20:52:32.674473,0.19210674649999998,2026-04-15 15:56:41
3358222,(2006 VX2),24.78,0.0294140602,0.0657718381,False,2025-02-03,9.3297750145,48256790.29838534,2026-04-15 20:52:32.674477,0.047592949149999994,2026-04-15 15:56:41
3601299,(2012 EL8),28.3,0.0058150704,0.0130028927,False,2025-02-03,10.0620446051,42225926.04693964,2026-04-15 20:52:32.674481,0.009408981549999999,2026-04-15 15:56:41
3656792,(2014 BA3),28.32,0.0057617575,0.0128836815,False,2025-02-03,14.7928492108,60818033.74861768,2026-04-15 20:52:32.674485,0.0093227195,2026-04-15 15:56:41
3745111,(2016 EJ27),25.3,0.0231502122,0.0517654482,False,2025-02-03,25.7941190379,73557953.63354445,2026-04-15 20:52:32.674489,0.0374578302,2026-04-15 15:56:41
3797702,(2018 AE13),24.5,0.0334622374,0.0748238376,False,2025-02-03,9.9602797086,45765037.56670592,2026-04-15 20:52:32.674494,0.0541430375,2026-04-15 15:56:41
3827356,(2018 RE3),27.3,0.0092162655,0.0206081961,False,2025-02-03,11.122841899,5948840.412515114,2026-04-15 20:52:32.674498,0.014912230799999999,2026-04-15 15:56:41
3989158,(2020 BY6),24.16,0.0391340663,0.0875064325,False,2025-02-03,12.0254400751,39942884.70879178,2026-04-15 20:52:32.674502,0.0633202494,2026-04-15 15:56:41
54138698,(2021 HR),25.8,0.0183888672,0.0411187571,False,2025-02-03,3.0255908505,64672958.93817504,2026-04-15 20:52:32.674507,0.02975381215,2026-04-15 15:56:41
54225504,(2021 PL132),28.21,0.0060611492,0.0135531417,False,2025-02-03,14.1684688503,13373453.789522938,2026-04-15 20:52:32.674511,0.00980714545,2026-04-15 15:56:41
54236439,(2022 AV4),25.8,0.0183888672,0.0411187571,False,2025-02-03,3.3848489195,6486643.259186414,2026-04-15 20:52:32.674515,0.02975381215,2026-04-15 15:56:41
54340307,(2023 BF6),26.73,0.011982708,0.0267941497,False,2025-02-03,14.079537012,19318931.780472785,2026-04-15 20:52:32.674519,0.01938842885,2026-04-15 15:56:41
54342224,(2023 DO),25.6,0.0201629919,0.0450858206,False,2025-02-03,12.741497576,26908457.76534676,2026-04-15 20:52:32.674523,0.03262440625,2026-04-15 15:56:41
54485066,(2024 SG5),24.37,0.0355267088,0.079440136,False,2025-02-03,3.9415980211,13967803.67362787,2026-04-15 20:52:32.674527,0.0574834224,2026-04-15 15:56:41
54496406,(2024 UN8),27.23,0.0095182033,0.0212833496,False,2025-02-03,3.0042970585,27528954.290371355,2026-04-15 20:52:32.674531,0.01540077645,2026-04-15 15:56:41
54505735,(2024 XT11),23.42,0.0550243571,0.1230382028,False,2025-02-03,7.5036264457,23229729.30611029,2026-04-15 20:52:32.674535,0.08903127995,2026-04-15 15:56:41
54517101,(2025 BZ2),26.3,0.0146067964,0.0326617897,False,2025-02-03,8.0750597237,11692296.443248102,2026-04-15 20:52:32.674539,0.023634293049999998,2026-04-15 15:56:41
54518077,(2025 CD),28.45,0.0054269395,0.0121350055,False,2025-02-03,13.6474197029,637720.819862148,2026-04-15 20:52:32.674543,0.008780972500000001,2026-04-15 15:56:41
54518083,(2025 CF),29.86,0.0028350125,0.0063392806,False,2025-02-03,12.2323913374,124256.828570072,2026-04-15 20:52:32.674547,0.004587146550000001,2026-04-15 15:56:41
54518078,(2025 CE),27.13,0.0099667824,0.022286403,False,2025-02-03,12.6566622549,1095429.580286715,2026-04-15 20:52:32.674551,0.0161265927,2026-04-15 15:56:41
54518670,(2025 CC1),28.18,0.0061454682,0.0137416847,False,2025-02-03,7.0020366146,2442469.747938953,2026-04-15 20:52:32.674556,0.00994357645,2026-04-15 15:56:41
54519244,(2025 CY2),28.21,0.0060611492,0.0135531417,False,2025-02-03,3.4162562514,1012794.678936541,2026-04-15 20:52:32.674560,0.00980714545,2026-04-15 15:56:41
54517242,(2025 BK3),27.72,0.0075954757,0.0169839999,False,2025-02-03,3.5483510215,4249271.338309602,2026-04-15 20:52:32.674564,0.0122897378,2026-04-15 15:56:41
54520180,(2025 DA2),25.57,0.0204434871,0.0457130269,False,2025-02-03,8.0964431081,5512279.734500541,2026-04-15 20:52:32.674568,0.033078257,2026-04-15 15:56:41
54554631,(2025 UC6),29.49,0.0033616692,0.0075169209,False,2025-02-03,4.1669669007,28999646.50728461,2026-04-15 20:52:32.674572,0.00543929505,2026-04-15 15:56:41
3617387,(2012 VE46),20.2,0.2424124811,0.5420507863,True,2025-02-02,13.2056022631,66886272.21544292,2026-04-15 20:52:32.674576,0.3922316337,2026-04-15 15:56:41
3831890,(2018 UJ1),23.4,0.0555334912,0.1241766613,False,2025-02-02,6.2623765853,70331538.85210866,2026-04-15 20:52:32.674580,0.08985507625,2026-04-15 15:56:41
3991734,(2020 DH2),25.2,0.0242412481,0.0542050786,False,2025-02-02,12.0543231711,28601105.1405846,2026-04-15 20:52:32.674584,0.03922316335,2026-04-15 15:56:41
54017272,(2020 KV5),24.2,0.0384197891,0.0859092601,False,2025-02-02,17.6371601147,41759581.40539422,2026-04-15 20:52:32.674588,0.06216452459999999,2026-04-15 15:56:41
54244181,(2022 BV6),25.51,0.0210162379,0.0469937366,False,2025-02-02,11.118865325,10787910.628367657,2026-04-15 20:52:32.674592,0.03400498725,2026-04-15 15:56:41
54324412,(2022 VU),24.96,0.0270741591,0.0605396602,False,2025-02-02,14.5134910753,64623216.24018005,2026-04-15 20:52:32.674596,0.043806909649999996,2026-04-15 15:56:41
54441265,(2024 JO10),25.08,0.0256185754,0.0572848762,False,2025-02-02,16.7896898637,65346143.80309406,2026-04-15 20:52:32.674600,0.0414517258,2026-04-15 15:56:41
54516263,(2025 BU),26.53,0.0131387781,0.0293792009,False,2025-02-02,5.0751430847,3384359.539391381,2026-04-15 20:52:32.674605,0.0212589895,2026-04-15 15:56:41
54518713,(2025 CS1),26.99,0.0106305314,0.023770591,False,2025-02-02,16.3439992628,2031071.356859445,2026-04-15 20:52:32.674609,0.0172005612,2026-04-15 15:56:41
54518887,(2025 CD2),26.71,0.0120935826,0.0270420729,False,2025-02-02,11.2620090354,1130084.046550511,2026-04-15 20:52:32.674613,0.01956782775,2026-04-15 15:56:41
54518677,(2025 CJ1),28.21,0.0060611492,0.0135531417,False,2025-02-02,5.9734066133,1267347.97608326,2026-04-15 20:52:32.674617,0.00980714545,2026-04-15 15:56:41
3729141,(2015 TQ21),27.4,0.0088014652,0.0196806745,False,2025-02-01,24.400840832,23170348.451185033,2026-04-15 20:52:32.674621,0.01424106985,2026-04-15 15:56:41
3741971,(2016 CA30),27.5,0.008405334,0.0187948982,False,2025-02-01,10.904761728,22274384.816868145,2026-04-15 20:52:32.674625,0.0136001161,2026-04-15 15:56:41
3743127,(2016 CZ192),24.6,0.0319561887,0.0714562102,False,2025-02-01,13.3424161951,25059845.559962776,2026-04-15 20:52:32.674629,0.05170619945,2026-04-15 15:56:41
3745113,(2016 EL27),26.1,0.0160160338,0.0358129403,False,2025-02-01,8.7209352847,34471592.29238681,2026-04-15 20:52:32.674633,0.025914487049999997,2026-04-15 15:56:41
3797901,(2018 BG5),24.08,0.0406027058,0.0907904103,False,2025-02-01,18.961352417,53438187.010614805,2026-04-15 20:52:32.674637,0.06569655804999999,2026-04-15 15:56:41
54319154,(2022 UF6),23.18,0.0614546821,0.1374168468,False,2025-02-01,12.2330783651,63594610.45764471,2026-04-15 20:52:32.674641,0.09943576444999999,2026-04-15 15:56:41
54341593,(2023 CC3),26.94,0.0108781483,0.0243242791,False,2025-02-01,19.3021633997,55115373.41606858,2026-04-15 20:52:32.674645,0.0176012137,2026-04-15 15:56:41
54518919,(2025 CJ2),23.82,0.0457672667,0.1023387195,False,2025-02-01,11.1781619717,17760100.193622913,2026-04-15 20:52:32.674649,0.07405299309999999,2026-04-15 15:56:41
54516182,(2025 BG),20.76,0.1873074177,0.4188321187,False,2025-02-01,12.0593152413,13487997.273273272,2026-04-15 20:52:32.674655,0.3030697682,2026-04-15 15:56:41
54517336,(2025 BG4),25.82,0.0182202771,0.0407417781,False,2025-02-01,17.8705060694,4973888.265090152,2026-04-15 20:52:32.674659,0.0294810276,2026-04-15 15:56:41
54517794,(2025 BR7),25.13,0.0250354255,0.0559809132,False,2025-02-01,16.6001065134,5763536.49298394,2026-04-15 20:52:32.674663,0.04050816935,2026-04-15 15:56:41
54521710,(2025 DH25),26.93,0.0109283596,0.0244365549,False,2025-02-01,3.6339554271,7821715.716916948,2026-04-15 20:52:32.674667,0.01768245725,2026-04-15 15:56:41
3626029,(2013 CW32),22.09,0.1015207872,0.2270073813,False,2025-01-31,19.2240909884,18905648.38143234,2026-04-15 20:52:32.674671,0.16426408425,2026-04-15 15:56:41
3711778,(2015 DJ155),23.99,0.042320908,0.0946324271,False,2025-01-31,9.2304153359,7112686.274839131,2026-04-15 20:52:32.674675,0.06847666755,2026-04-15 15:56:41
3825180,(2018 LM4),18.72,0.4792421155,1.071617948,False,2025-01-31,18.2459644812,16203071.60518164,2026-04-15 20:52:32.674679,0.77543003175,2026-04-15 15:56:41
3830887,(2018 SO2),25.9,0.0175612318,0.0392681082,False,2025-01-31,14.8103566636,62011409.16833482,2026-04-15 20:52:32.674683,0.02841467,2026-04-15 15:56:41
3989089,(2020 BG5),23.7,0.0483676488,0.1081533507,False,2025-01-31,6.5531346755,49386912.38767418,2026-04-15 20:52:32.674688,0.07826049975,2026-04-15 15:56:41
54117596,(2021 CW7),31.22,0.0015154966,0.0033887535,False,2025-01-31,14.3333193976,33481792.79572094,2026-04-15 20:52:32.674692,0.00245212505,2026-04-15 15:56:41
54200007,(2021 SG1),25.56,0.02053785,0.0459240286,False,2025-01-31,16.8593797574,50464204.75212168,2026-04-15 20:52:32.674696,0.0332309393,2026-04-15 15:56:41
54245561,(2022 CV1),25.49,0.0212106988,0.0474285643,False,2025-01-31,12.0185901847,36947225.46461927,2026-04-15 20:52:32.674700,0.03431963155,2026-04-15 15:56:41
54342168,(2023 DF),27.05,0.01034082,0.0231227764,False,2025-01-31,16.0767535281,38705662.04865913,2026-04-15 20:52:32.674704,0.016731798200000002,2026-04-15 15:56:41
54353681,(2023 FG14),22.05,0.1034081995,0.2312277636,False,2025-01-31,14.4133188846,24989812.85798034,2026-04-15 20:52:32.674708,0.16731798155,2026-04-15 15:56:41
54423944,(2024 CZ),26.61,0.0126635356,0.0283165265,False,2025-01-31,6.080491547,8552362.82911869,2026-04-15 20:52:32.674712,0.02049003105,2026-04-15 15:56:41
54518622,(2025 CN),26.03,0.0165407416,0.0369862226,False,2025-01-31,9.2249544322,10118763.843793755,2026-04-15 20:52:32.674716,0.0267634821,2026-04-15 15:56:41
54518628,(2025 CT),25.79,0.0184737464,0.0413085527,False,2025-01-31,8.2465845001,7928310.1233676,2026-04-15 20:52:32.674721,0.029891149550000003,2026-04-15 15:56:41
54518707,(2025 CL1),25.36,0.0225193047,0.050354696,False,2025-01-31,10.6019830382,7219772.678764639,2026-04-15 20:52:32.674725,0.03643700035,2026-04-15 15:56:41
54518709,(2025 CM1),27.75,0.0074912618,0.0167509707,False,2025-01-31,8.0640278593,1523804.666769137,2026-04-15 20:52:32.674729,0.01212111625,2026-04-15 15:56:41
54518716,(2025 CU1),27.26,0.0093876087,0.0209913311,False,2025-01-31,14.1374991423,1677783.749748679,2026-04-15 20:52:32.674733,0.015189469899999999,2026-04-15 15:56:41
54519248,(2025 CB3),27.03,0.0104365024,0.0233367288,False,2025-01-31,15.481159451,1543340.009341596,2026-04-15 20:52:32.674737,0.0168866156,2026-04-15 15:56:41
54518921,(2025 CM2),23.84,0.0453476699,0.1014004725,False,2025-01-31,2.9816413707,26220037.344714176,2026-04-15 20:52:32.674741,0.0733740712,2026-04-15 15:56:41
54519949,(2025 CK4),24.13,0.0396784754,0.0887237683,False,2025-01-31,10.4978659077,4872800.197199312,2026-04-15 20:52:32.674745,0.06420112185,2026-04-15 15:56:41
54515426,(2025 AN3),23.26,0.0592318063,0.1324463452,False,2025-01-31,7.8304871787,21565998.615711752,2026-04-15 20:52:32.674748,0.09583907575,2026-04-15 15:56:41
54517093,(2025 BR2),26.14,0.0157237082,0.0351592805,False,2025-01-31,13.7643737959,5171187.27095324,2026-04-15 20:52:32.674752,0.02544149435,2026-04-15 15:56:41
54518080,(2025 CH),27.4,0.0088014652,0.0196806745,False,2025-01-31,6.8091345638,3022408.420433175,2026-04-15 20:52:32.674756,0.01424106985,2026-04-15 15:56:41
2790064,790064 (2018 LM4),18.71,0.4814541966,1.0765643117,False,2025-01-31,18.2459646016,16203071.036709735,2026-04-15 20:52:32.674761,0.77900925415,2026-04-15 15:56:41
3313733,(2006 BC8),25.1,0.0253837029,0.0567596853,False,2025-01-30,17.4920200063,21833713.772817664,2026-04-15 20:52:32.674765,0.0410716941,2026-04-15 15:56:41
3337734,(2006 OT9),20.02,0.263363131,0.5888978636,False,2025-01-30,8.8196122053,9365762.381717063,2026-04-15 20:52:32.674769,0.42613049729999997,2026-04-15 15:56:41
3736807,(2015 YA),27.4,0.0088014652,0.0196806745,False,2025-01-30,7.1850330139,38150710.409195274,2026-04-15 20:52:32.674773,0.01424106985,2026-04-15 15:56:41
3741978,(2016 CH30),27.88,0.0070559416,0.015777565,False,2025-01-30,4.0257849458,8197888.147949686,2026-04-15 20:52:32.674778,0.0114167533,2026-04-15 15:56:41
54467103,(2024 QH),24.95,0.0271991277,0.0608190985,False,2025-01-30,13.722662634,57219160.0639153,2026-04-15 20:52:32.674782,0.0440091131,2026-04-15 15:56:41
54517642,(2025 BV5),28.33,0.0057352846,0.0128244863,False,2025-01-30,4.111911891,424322.674661353,2026-04-15 20:52:32.674786,0.00927988545,2026-04-15 15:56:41
54518074,(2025 CA),26.14,0.0157237082,0.0351592805,False,2025-01-30,13.275916109,1273149.755476535,2026-04-15 20:52:32.674791,0.02544149435,2026-04-15 15:56:41
54517087,(2025 BJ2),24.72,0.0302381333,0.0676145215,False,2025-01-30,15.6010558031,5845912.500260292,2026-04-15 20:52:32.674795,0.0489263274,2026-04-15 15:56:41
54517329,(2025 BU3),24.94,0.0273246732,0.0610998267,False,2025-01-30,12.3457716175,1307205.695622248,2026-04-15 20:52:32.674800,0.04421224995,2026-04-15 15:56:41
54518669,(2025 CB1),24.53,0.0330031183,0.0737972161,False,2025-01-30,8.5262806045,13725091.00301229,2026-04-15 20:52:32.674804,0.0534001672,2026-04-15 15:56:41
54518889,(2025 CE2),25.19,0.0243531406,0.0544552779,False,2025-01-30,9.5337200734,6217218.183466616,2026-04-15 20:52:32.674808,0.03940420925,2026-04-15 15:56:41
54519247,(2025 CA3),25.33,0.0228325794,0.0510551996,False,2025-01-30,11.3517187874,8376816.565296348,2026-04-15 20:52:32.674812,0.0369438895,2026-04-15 15:56:41
54520306,(2025 DJ2),25.78,0.0185590173,0.0414992243,False,2025-01-30,6.0735218673,11600222.60445113,2026-04-15 20:52:32.674816,0.0300291208,2026-04-15 15:56:41
2875863,875863 (2006 OT9),20.02,0.263363131,0.5888978636,False,2025-01-30,8.819612197,9365762.381717063,2026-04-15 20:52:32.674820,0.42613049729999997,2026-04-15 15:56:41
54123428,(2021 DK1),23.63,0.049952241,0.1116966065,False,2025-02-08,29.3691632031,74036131.37684816,2026-04-15 20:52:44.687979,0.08082442375,2026-04-15 15:56:41
54246946,(2022 CO6),26.05,0.0163890951,0.0366471308,False,2025-02-08,20.8458871328,58093579.03186882,2026-04-15 20:52:44.688004,0.02651811295,2026-04-15 15:56:41
54518082,(2025 CG),26.58,0.012839703,0.0287104486,False,2025-02-08,8.9828128285,2096099.98017081,2026-04-15 20:52:44.688009,0.0207750758,2026-04-15 15:56:41
54518079,(2025 CK),28.25,0.0059505208,0.013305769,False,2025-02-08,5.0554263193,2083444.015328597,2026-04-15 20:52:44.688014,0.0096281449,2026-04-15 15:56:41
54518918,(2025 CK2),24.34,0.0360209346,0.0805452583,False,2025-02-08,7.2947699577,16055120.41877588,2026-04-15 20:52:44.688018,0.05828309645,2026-04-15 15:56:41
54520813,(2025 DQ7),21.67,0.1231841913,0.2754482254,True,2025-02-08,13.1716618597,13491668.090847544,2026-04-15 20:52:44.688022,0.19931620835000002,2026-04-15 15:56:41
54520537,(2025 DD5),23.2,0.0608912622,0.1361570015,False,2025-02-08,20.7365326029,19951715.97534344,2026-04-15 20:52:44.688026,0.09852413185,2026-04-15 15:56:41
54520713,(2025 DX5),23.28,0.0586887658,0.1312320699,False,2025-02-08,20.1723973377,11286442.358667811,2026-04-15 20:52:44.688030,0.09496041785,2026-04-15 15:56:41
3744562,(2016 CO248),27.5,0.008405334,0.0187948982,False,2025-02-07,5.8975396377,5161943.094973395,2026-04-15 20:52:44.688035,0.0136001161,2026-04-15 15:56:41
3824091,(2018 JF2),24.1,0.040230458,0.0899580388,False,2025-02-07,6.0349484606,54028760.26657201,2026-04-15 20:52:44.688039,0.0650942484,2026-04-15 15:56:41
54016528,(2020 GZ2),27.9,0.0069912523,0.0156329154,False,2025-02-07,8.9107238338,6791599.160452255,2026-04-15 20:52:44.688044,0.01131208385,2026-04-15 15:56:41
54158076,(2021 LJ4),20.11,0.2526707542,0.5649889822,False,2025-02-07,13.5296304677,34301806.0851118,2026-04-15 20:52:44.688048,0.4088298682,2026-04-15 15:56:41
54294032,(2022 PK1),25.19,0.0243531406,0.0544552779,False,2025-02-07,10.9537147015,5753816.281621968,2026-04-15 20:52:44.688052,0.03940420925,2026-04-15 15:56:41
54421074,(2024 BH),23.22,0.0603330078,0.1349087066,False,2025-02-07,16.0467581622,48729611.79467219,2026-04-15 20:52:44.688056,0.09762085720000001,2026-04-15 15:56:41
54497570,(2024 VF1),24.89,0.0279611466,0.0625230245,False,2025-02-07,5.3265323656,16159554.198149908,2026-04-15 20:52:44.688060,0.04524208555,2026-04-15 15:56:41
54509624,(2024 YU4),19.04,0.4135756649,0.9247833005,True,2025-02-07,29.1418194599,11229778.410498776,2026-04-15 20:52:44.688065,0.6691794826999999,2026-04-15 15:56:41
54518885,(2025 CZ1),29.36,0.0035690693,0.0079806815,False,2025-02-07,12.8469264462,314010.506824822,2026-04-15 20:52:44.688069,0.0057748754,2026-04-15 15:56:41
54522689,(2025 EV1),22.55,0.0821400526,0.1836707413,False,2025-02-07,10.5497625992,21804811.82336855,2026-04-15 20:52:44.688074,0.13290539695,2026-04-15 15:56:41
3477945,(2009 WN8),25.2,0.0242412481,0.0542050786,False,2025-02-06,20.5298294533,57577232.99273184,2026-04-15 20:52:44.688078,0.03922316335,2026-04-15 15:56:41
54518081,(2025 CJ),28.28,0.0058688766,0.013123207,False,2025-02-06,4.8745347877,599339.436822829,2026-04-15 20:52:44.688082,0.0094960418,2026-04-15 15:56:41
54518711,(2025 CP1),28.72,0.0047924212,0.0107161795,False,2025-02-06,11.0677310616,565082.257622392,2026-04-15 20:52:44.688086,0.00775430035,2026-04-15 15:56:41
54517090,(2025 BN2),25.51,0.0210162379,0.0469937366,False,2025-02-06,5.0179687616,9658527.732074048,2026-04-15 20:52:44.688090,0.03400498725,2026-04-15 15:56:41
54518667,(2025 CZ),25.44,0.0217047594,0.0485333175,False,2025-02-06,5.9563665563,9697008.612656703,2026-04-15 20:52:44.688094,0.03511903845,2026-04-15 15:56:41
54519241,(2025 CV2),23.51,0.0527904029,0.1180429295,False,2025-02-06,19.8428027021,11484020.977909716,2026-04-15 20:52:44.688098,0.0854166662,2026-04-15 15:56:41
54519649,(2025 CF4),27.88,0.0070559416,0.015777565,False,2025-02-06,11.3842908394,625975.786369939,2026-04-15 20:52:44.688102,0.0114167533,2026-04-15 15:56:41
54517238,(2025 BC3),23.33,0.0573528464,0.1282448632,False,2025-02-06,10.8876096797,11251581.32766512,2026-04-15 20:52:44.688107,0.0927988548,2026-04-15 15:56:41
54517677,(2025 BH6),24.83,0.0287445144,0.0642746882,False,2025-02-06,7.9559597862,8591433.60402233,2026-04-15 20:52:44.688111,0.0465096013,2026-04-15 15:56:41
54517793,(2025 BQ7),22.16,0.0983003302,0.2198062205,False,2025-02-06,11.6496732885,21464876.963099096,2026-04-15 20:52:44.688115,0.15905327535,2026-04-15 15:56:41
54518706,(2025 CK1),27.98,0.0067383719,0.0150674576,False,2025-02-06,10.1146415794,1573184.96392404,2026-04-15 20:52:44.688119,0.01090291475,2026-04-15 15:56:41
54518714,(2025 CR1),30.41,0.0022006703,0.0049208483,False,2025-02-06,6.0192283268,513776.246926127,2026-04-15 20:52:44.688123,0.0035607593,2026-04-15 15:56:41
54519353,(2025 CS3),22.98,0.067383719,0.1506745763,False,2025-02-06,13.4315153595,22019522.809556887,2026-04-15 20:52:44.688127,0.10902914764999999,2026-04-15 15:56:41
54520518,(2025 DB4),25.55,0.0206326484,0.0461360043,False,2025-02-06,10.1465556151,5020497.78529585,2026-04-15 20:52:44.688131,0.03338432635,2026-04-15 15:56:41
54520536,(2025 DA5),24.49,0.0336166921,0.0751692087,False,2025-02-06,15.7491691036,8869446.091153098,2026-04-15 20:52:44.688135,0.0543929504,2026-04-15 15:56:41
54520715,(2025 DA6),25.47,0.021406959,0.0478674154,False,2025-02-06,6.792161794,4677690.496324526,2026-04-15 20:52:44.688139,0.0346371872,2026-04-15 15:56:41
2006239,6239 Minos (1989 QF),18.59,0.5088092249,1.1377320144,True,2025-02-05,10.1763046837,14819302.2881653,2026-04-15 20:52:44.688143,0.82327061965,2026-04-15 15:56:41
3798973,(2018 BN6),26.8,0.0116025908,0.0259441818,False,2025-02-05,18.2049786622,39424236.53795294,2026-04-15 20:52:44.688148,0.0187733863,2026-04-15 15:56:41
3799640,(2018 CD14),24.0,0.0421264611,0.0941976306,False,2025-02-05,7.882129409,72054174.07781437,2026-04-15 20:52:44.688152,0.06816204584999999,2026-04-15 15:56:41
3803762,(2018 GY4),19.04,0.4135756649,0.9247833005,False,2025-02-05,15.2066569853,60875727.7529206,2026-04-15 20:52:44.688156,0.6691794826999999,2026-04-15 15:56:41
3879536,(2019 UQ4),28.0,0.0066765941,0.0149293183,False,2025-02-05,5.2888255903,43946464.29946241,2026-04-15 20:52:44.688159,0.0108029562,2026-04-15 15:56:41
54110088,(2021 CD2),22.91,0.0695913044,0.1556108872,False,2025-02-05,26.8441473714,60658568.53775056,2026-04-15 20:52:44.688163,0.1126010958,2026-04-15 15:56:41
54483140,(2024 SC3),26.46,0.0135692229,0.0303417048,False,2025-02-05,3.4116323729,50491455.91899491,2026-04-15 20:52:44.688167,0.021955463850000002,2026-04-15 15:56:41
54496631,(2024 UB10),24.01,0.0419329075,0.0937648318,False,2025-02-05,8.1666240453,19785929.17736416,2026-04-15 20:52:44.688172,0.06784886965,2026-04-15 15:56:41
54502869,(2024 WC20),22.18,0.0973991073,0.217791025,False,2025-02-05,6.283777382,14152846.06616271,2026-04-15 20:52:44.688176,0.15759506615,2026-04-15 15:56:41
54517089,(2025 BM2),25.31,0.0230438467,0.0515276076,False,2025-02-05,5.4697425335,10472281.083634973,2026-04-15 20:52:44.688180,0.037285727149999996,2026-04-15 15:56:41
54518076,(2025 CC),27.57,0.0081386988,0.0181986838,False,2025-02-05,4.7576555877,6386715.233018702,2026-04-15 20:52:44.688184,0.0131686913,2026-04-15 15:56:41
54518715,(2025 CQ1),26.2,0.0152951935,0.0342010925,False,2025-02-05,18.0517221545,879490.709741201,2026-04-15 20:52:44.688188,0.024748143,2026-04-15 15:56:41
54518085,(2025 CM),26.96,0.0107784169,0.0241012728,False,2025-02-05,6.5984279276,322921.51338839,2026-04-15 20:52:44.688192,0.01743984485,2026-04-15 15:56:41
54518624,(2025 CP),23.53,0.0523064176,0.1169607054,False,2025-02-05,15.4223986971,21836254.961915776,2026-04-15 20:52:44.688196,0.08463356150000001,2026-04-15 15:56:41
54518668,(2025 CA1),27.86,0.0071212294,0.015923553,False,2025-02-05,9.6829842505,1109701.516280455,2026-04-15 20:52:44.688200,0.011522391199999999,2026-04-15 15:56:41
54519255,(2025 CQ3),25.46,0.021505769,0.0480883614,False,2025-02-05,15.5270712629,3932565.810896943,2026-04-15 20:52:44.688204,0.034797065200000005,2026-04-15 15:56:41
54518626,(2025 CQ),24.43,0.0345585074,0.0772751717,False,2025-02-05,16.9208765731,2244881.330036563,2026-04-15 20:52:44.688208,0.05591683955,2026-04-15 15:56:41
54520812,(2025 DR7),25.12,0.0251509837,0.0562393094,False,2025-02-05,7.8597852012,3858333.522708929,2026-04-15 20:52:44.688212,0.04069514655,2026-04-15 15:56:41
54521714,(2025 DG27),24.5,0.0334622374,0.0748238376,False,2025-02-05,4.592599511,20378347.902565263,2026-04-15 20:52:44.688216,0.0541430375,2026-04-15 15:56:41
3666683,(2014 FL38),23.8,0.046190746,0.1032856481,False,2025-02-11,9.0496097238,29168871.60286883,2026-04-15 20:52:44.688221,0.07473819705,2026-04-15 15:56:41
3838138,(2019 CC2),26.3,0.0146067964,0.0326617897,False,2025-02-11,19.0656907753,73688472.44943528,2026-04-15 20:52:44.688225,0.023634293049999998,2026-04-15 15:56:41
3989220,(2020 BV9),26.1,0.0160160338,0.0358129403,False,2025-02-11,17.1382454386,44417714.479561925,2026-04-15 20:52:44.688229,0.025914487049999997,2026-04-15 15:56:41
54054280,(2020 RY5),18.91,0.439091446,0.9818383215,False,2025-02-11,18.889575627,29553969.057785556,2026-04-15 20:52:44.688233,0.71046488375,2026-04-15 15:56:41
54076351,(2020 UT4),28.22,0.0060333008,0.0134908707,False,2025-02-11,12.1063074153,74657827.06343888,2026-04-15 20:52:44.688237,0.00976208575,2026-04-15 15:56:41
54210294,(2021 TQ21),22.46,0.0856160085,0.1914432149,False,2025-02-11,9.9849473171,11227335.626879545,2026-04-15 20:52:44.688241,0.1385296117,2026-04-15 15:56:41
54213610,(2021 UY3),24.07,0.0407901194,0.0912094798,False,2025-02-11,14.8124499099,52057739.48438224,2026-04-15 20:52:44.688245,0.0659997996,2026-04-15 15:56:41
54304628,(2022 SV),24.13,0.0396784754,0.0887237683,False,2025-02-11,14.090799059,52825976.20297675,2026-04-15 20:52:44.688249,0.06420112185,2026-04-15 15:56:41
54354974,(2023 HX2),25.23,0.0239086457,0.0534613571,False,2025-02-11,14.1276731856,46205770.00572224,2026-04-15 20:52:44.688253,0.0386850014,2026-04-15 15:56:41
54425950,(2024 CA2),24.35,0.0358554334,0.0801751865,False,2025-02-11,13.7428317839,15708940.460785192,2026-04-15 20:52:44.688257,0.058015309949999996,2026-04-15 15:56:41
54426474,(2024 CG4),23.67,0.0490405098,0.1096579137,False,2025-02-11,18.655698583,8930302.175553784,2026-04-15 20:52:44.688261,0.07934921175,2026-04-15 15:56:41
54431587,(2024 FS1),23.6,0.0506471459,0.1132504611,False,2025-02-11,10.816052953,66118028.80982362,2026-04-15 20:52:44.688265,0.0819488035,2026-04-15 15:56:41
54480949,(2024 SK),27.85,0.0071540995,0.0159970528,False,2025-02-11,4.1491704522,19091318.366951402,2026-04-15 20:52:44.688270,0.011575576150000001,2026-04-15 15:56:41
54483149,(2024 SM3),25.69,0.0193443872,0.0432553648,False,2025-02-11,16.3357228211,50955697.72312089,2026-04-15 20:52:44.688274,0.031299876000000004,2026-04-15 15:56:41
54483150,(2024 SN3),26.91,0.0110294785,0.0246626636,False,2025-02-11,11.5924358724,36724255.79337949,2026-04-15 20:52:44.688278,0.01784607105,2026-04-15 15:56:41
54489186,(2024 TA7),27.22,0.0095621373,0.0213815891,False,2025-02-11,4.9506564465,48230540.95852792,2026-04-15 20:52:44.688282,0.015471863200000002,2026-04-15 15:56:41
54486537,(2024 TD),26.9,0.0110803882,0.0247765013,False,2025-02-11,6.7053288921,61902204.63808755,2026-04-15 20:52:44.688286,0.01792844475,2026-04-15 15:56:41
54492953,(2024 TK21),25.14,0.0249203981,0.0557237043,False,2025-02-11,9.592593572,45300052.620200925,2026-04-15 20:52:44.688290,0.0403220512,2026-04-15 15:56:41
54514891,(2024 YA26),24.0,0.0421264611,0.0941976306,False,2025-02-11,4.0163521282,10163957.180803312,2026-04-15 20:52:44.688294,0.06816204584999999,2026-04-15 15:56:41
54519692,(2025 CH4),21.23,0.1508533561,0.3373183589,True,2025-02-11,31.6832556664,3424071.490765841,2026-04-15 20:52:44.688298,0.2440858575,2026-04-15 15:56:41
54520169,(2025 DO1),27.1,0.0101054342,0.0225964377,False,2025-02-11,3.8736164868,4395868.095519958,2026-04-15 20:52:44.688302,0.01635093595,2026-04-15 15:56:41
54520814,(2025 DT7),24.56,0.0325502986,0.0727846803,False,2025-02-11,14.5487284116,10661312.96712676,2026-04-15 20:52:44.688306,0.05266748945,2026-04-15 15:56:41
54539069,(2025 OR5),28.41,0.0055278338,0.0123606121,False,2025-02-11,2.662700944,7676597.061461127,2026-04-15 20:52:44.688315,0.00894422295,2026-04-15 15:56:41
3507181,(2010 CT),20.25,0.2368944994,0.5297122041,False,2025-02-10,14.8293512711,69157753.42306589,2026-04-15 20:52:44.688319,0.38330335174999997,2026-04-15 15:56:41
3548666,(2010 TW54),27.6,0.0080270317,0.0179489885,False,2025-02-10,6.2480658598,38931976.66843296,2026-04-15 20:52:44.688324,0.012988010099999999,2026-04-15 15:56:41
3710246,(2015 CA14),22.82,0.0725362295,0.1621959399,False,2025-02-10,18.4433842006,55263521.51815062,2026-04-15 20:52:44.688328,0.1173660847,2026-04-15 15:56:41
3738932,(2015 YQ1),28.0,0.0066765941,0.0149293183,False,2025-02-10,9.7689681858,45495645.267879434,2026-04-15 20:52:44.688332,0.0108029562,2026-04-15 15:56:41
3761750,(2016 UP41),21.78,0.1170994827,0.2618424035,False,2025-02-10,10.9140132953,28375476.516803447,2026-04-15 20:52:44.688336,0.18947094309999998,2026-04-15 15:56:41
3785705,(2017 SS32),22.8,0.0732073989,0.1636967205,False,2025-02-10,13.159048858,64725034.151199274,2026-04-15 20:52:44.688340,0.1184520597,2026-04-15 15:56:41
3888744,(2019 UV11),23.3,0.058150704,0.130028927,False,2025-02-10,3.2201473358,60303213.57783512,2026-04-15 20:52:44.688344,0.09408981549999999,2026-04-15 15:56:41
54234943,(2022 AD),24.33,0.0361871997,0.0809170384,False,2025-02-10,11.5232499411,49343324.59484462,2026-04-15 20:52:44.688348,0.058552119050000004,2026-04-15 15:56:41
54246378,(2022 CT4),23.79,0.0464039528,0.1037623929,False,2025-02-10,18.9846183026,63102022.6546339,2026-04-15 20:52:44.688352,0.07508317285,2026-04-15 15:56:41
54271308,(2022 GT3),25.9,0.0175612318,0.0392681082,False,2025-02-10,6.1252715533,47063647.41359732,2026-04-15 20:52:44.688356,0.02841467,2026-04-15 15:56:41
54465827,(2024 PK3),26.73,0.011982708,0.0267941497,False,2025-02-10,7.9078781265,36429966.56431976,2026-04-15 20:52:44.688360,0.01938842885,2026-04-15 15:56:41
54483134,(2024 SV2),28.69,0.0048590904,0.0108652564,False,2025-02-10,6.6282420675,68416868.93966559,2026-04-15 20:52:44.688364,0.0078621734,2026-04-15 15:56:41
54516465,(2025 BG1),25.39,0.0222103282,0.0496638037,False,2025-02-10,7.0036642632,8203555.005024008,2026-04-15 20:52:44.688368,0.03593706595,2026-04-15 15:56:41
54518674,(2025 CF1),25.72,0.0190789723,0.0426618789,False,2025-02-10,12.6124044673,4319283.261147898,2026-04-15 20:52:44.688372,0.0308704256,2026-04-15 15:56:41
54519250,(2025 CJ3),25.99,0.0168482569,0.0376738478,False,2025-02-10,8.6998957546,2340689.580462345,2026-04-15 20:52:44.688376,0.027261052350000002,2026-04-15 15:56:41
54518623,(2025 CO),26.36,0.0142087207,0.0317716653,False,2025-02-10,10.0568477667,5498927.556131135,2026-04-15 20:52:44.688380,0.022990193,2026-04-15 15:56:41
54520706,(2025 DG5),25.08,0.0256185754,0.0572848762,False,2025-02-10,6.8859730177,17279056.110250656,2026-04-15 20:52:44.688384,0.0414517258,2026-04-15 15:56:41
54601891,(2026 CP1),27.25,0.0094309399,0.0210882227,False,2025-02-10,5.2445638866,17911097.56665655,2026-04-15 20:52:44.688388,0.015259581299999998,2026-04-15 15:56:41
3363697,(2006 XP4),23.9,0.04411182,0.0986370281,False,2025-02-09,13.6688641603,37192843.505387686,2026-04-15 20:52:44.688393,0.07137442405,2026-04-15 15:56:41
3607530,(2012 PB20),24.79,0.0292789148,0.0654696439,False,2025-02-09,4.2616705301,1335063.30234089,2026-04-15 20:52:44.688397,0.04737427935,2026-04-15 15:56:41
3647027,(2013 RE6),21.51,0.1326034968,0.2965104328,False,2025-02-09,7.0114763134,25859981.615809083,2026-04-15 20:52:44.688401,0.2145569648,2026-04-15 15:56:41
3744318,(2016 CY247),23.9,0.04411182,0.0986370281,False,2025-02-09,7.9269036258,56005507.92450156,2026-04-15 20:52:44.688405,0.07137442405,2026-04-15 15:56:41
3843428,(2019 OW3),22.08,0.1019893859,0.2280551997,False,2025-02-09,20.9706263115,26188867.970269047,2026-04-15 20:52:44.688409,0.1650222928,2026-04-15 15:56:41
54016533,(2020 GE3),26.1,0.0160160338,0.0358129403,False,2025-02-09,20.7716354938,68224335.17947412,2026-04-15 20:52:44.688413,0.025914487049999997,2026-04-15 15:56:41
54243523,(2022 BM5),25.63,0.0198863453,0.04446722,False,2025-02-09,10.0380860126,18804224.645840798,2026-04-15 20:52:44.688417,0.03217678265,2026-04-15 15:56:41
54244176,(2022 CB),26.05,0.0163890951,0.0366471308,False,2025-02-09,13.623560671,30688618.606931657,2026-04-15 20:52:44.688422,0.02651811295,2026-04-15 15:56:41
54370593,(2023 LH),24.86,0.0283501249,0.0633928065,False,2025-02-09,17.9162691819,54248249.064653054,2026-04-15 20:52:44.688426,0.045871465699999996,2026-04-15 15:56:41
54412460,(2023 XH),26.69,0.0122054832,0.0272922901,False,2025-02-09,5.2697563677,24874994.518063456,2026-04-15 20:52:44.688430,0.019748886650000002,2026-04-15 15:56:41
54517530,(2025 BY4),23.49,0.0532788665,0.1191351672,False,2025-02-09,12.9118821624,17050505.062159475,2026-04-15 20:52:44.688434,0.08620701685,2026-04-15 15:56:41
54519354,(2025 CT3),24.07,0.0407901194,0.0912094798,False,2025-02-09,16.8492645058,7514874.957288042,2026-04-15 20:52:44.688438,0.0659997996,2026-04-15 15:56:41
54519970,(2025 DB),23.46,0.0540200494,0.1207925025,False,2025-02-09,9.8558185562,4940762.524500099,2026-04-15 20:52:44.688443,0.08740627595,2026-04-15 15:56:41
54520923,(2025 DT14),25.0,0.02658,0.0594346868,False,2025-02-09,12.5446686775,8148089.754667707,2026-04-15 20:52:44.688447,0.043007343399999995,2026-04-15 15:56:41
54520310,(2025 DN2),25.27,0.0234722638,0.0524855773,False,2025-02-09,7.4350863443,6521689.926185989,2026-04-15 20:52:44.688451,0.03797892055,2026-04-15 15:56:41
2837610,837610 (2013 RE6),21.49,0.1338304618,0.2992540101,False,2025-02-09,7.0114757572,25859983.111787785,2026-04-15 20:52:44.688455,0.21654223595,2026-04-15 15:56:41
3370278,(2007 EK),29.3,0.0036690614,0.0082042706,False,2025-02-18,22.2032872016,68757446.62198243,2026-04-15 20:52:58.194153,0.005936666,2026-04-15 15:56:41
3514798,(2010 FG81),23.05,0.065246163,0.1458948557,False,2025-02-18,8.9615515115,14630970.821900852,2026-04-15 20:52:58.194176,0.10557050935,2026-04-15 15:56:41
3709400,(2015 BL514),24.6,0.0319561887,0.0714562102,False,2025-02-18,9.3701582739,28867796.74906397,2026-04-15 20:52:58.194181,0.05170619945,2026-04-15 15:56:41
3843793,(2019 RM1),27.8,0.0073207399,0.016369672,False,2025-02-18,8.2603253414,41044467.71322499,2026-04-15 20:52:58.194185,0.01184520595,2026-04-15 15:56:41
54130035,(2021 EP),26.14,0.0157237082,0.0351592805,False,2025-02-18,10.3336847457,32598883.939207897,2026-04-15 20:52:58.194189,0.02544149435,2026-04-15 15:56:41
54130488,(2021 EO1),26.21,0.0152249185,0.0340439527,False,2025-02-18,10.3114491867,20601659.13566182,2026-04-15 20:52:58.194194,0.024634435599999997,2026-04-15 15:56:41
54147685,(2021 KF2),22.93,0.0689532874,0.154184238,False,2025-02-18,15.0002266412,36278522.53692566,2026-04-15 20:52:58.194198,0.11156876269999999,2026-04-15 15:56:41
54195870,(2021 RL10),23.52,0.052547853,0.1175005715,False,2025-02-18,19.2077853378,55428859.6421982,2026-04-15 20:52:58.194202,0.08502421225,2026-04-15 15:56:41
54265631,(2022 FQ1),25.35,0.0226232491,0.0505871228,False,2025-02-18,18.2189127823,51117440.00804664,2026-04-15 20:52:58.194206,0.03660518595,2026-04-15 15:56:41
54289177,(2022 MP2),25.95,0.0171614894,0.0383742569,False,2025-02-18,6.0846307529,27765881.95151489,2026-04-15 20:52:58.194210,0.02776787315,2026-04-15 15:56:41
54495430,(2024 UZ2),24.31,0.0365220357,0.0816657545,False,2025-02-18,13.0423590256,62175694.4674527,2026-04-15 20:52:58.194214,0.0590938951,2026-04-15 15:56:41
54518916,(2025 CG2),23.78,0.0466181437,0.1042413384,False,2025-02-18,20.8824112694,9174526.996399112,2026-04-15 20:52:58.194218,0.07542974105,2026-04-15 15:56:41
54520041,(2025 DW),30.9,0.0017561232,0.0039268108,False,2025-02-18,7.9384648308,122573.209261731,2026-04-15 20:52:58.194222,0.002841467,2026-04-15 15:56:41
54518886,(2025 CA2),26.11,0.0159424468,0.0356483948,False,2025-02-18,7.3714728099,5099934.927456265,2026-04-15 20:52:58.194226,0.025795420799999996,2026-04-15 15:56:41
54520322,(2025 DC3),23.73,0.0477040198,0.1066694311,False,2025-02-18,25.5915667451,6080013.135655499,2026-04-15 20:52:58.194230,0.07718672545,2026-04-15 15:56:41
54520534,(2025 DZ4),27.25,0.0094309399,0.0210882227,False,2025-02-18,18.1163747149,815973.159554919,2026-04-15 20:52:58.194234,0.015259581299999998,2026-04-15 15:56:41
54520168,(2025 DN1),24.42,0.0347180222,0.0776318577,False,2025-02-18,17.9303194996,20414488.174873896,2026-04-15 20:52:58.194238,0.05617493995,2026-04-15 15:56:41
54520314,(2025 DV2),28.02,0.0066153828,0.0147924455,False,2025-02-18,11.1703399118,734134.971581004,2026-04-15 20:52:58.194243,0.01070391415,2026-04-15 15:56:41
54520517,(2025 DA4),25.25,0.0236894499,0.0529712204,False,2025-02-18,12.3689346489,14989939.49788359,2026-04-15 20:52:58.194247,0.03833033515,2026-04-15 15:56:41
54520798,(2025 DY6),24.0,0.0421264611,0.0941976306,False,2025-02-18,23.5707540545,11918226.057943696,2026-04-15 20:52:58.194251,0.06816204584999999,2026-04-15 15:56:41
54522532,(2025 EF1),25.65,0.0197040262,0.044059542,False,2025-02-18,11.0875577432,7233030.341199779,2026-04-15 20:52:58.194255,0.0318817841,2026-04-15 15:56:41
3404165,(2008 DL4),26.9,0.0110803882,0.0247765013,False,2025-02-17,5.9130631483,13372373.109469844,2026-04-15 20:52:58.194259,0.01792844475,2026-04-15 15:56:41
3743123,(2016 CA138),23.31,0.0578835257,0.1294314984,False,2025-02-17,14.4182481013,10955952.674076336,2026-04-15 20:52:58.194263,0.09365751205,2026-04-15 15:56:41
3797750,(2018 BP1),24.6,0.0319561887,0.0714562102,False,2025-02-17,10.2457400011,8928767.286447797,2026-04-15 20:52:58.194267,0.05170619945,2026-04-15 15:56:41
54054711,(2020 SR6),25.7,0.0192555078,0.0430566244,False,2025-02-17,10.3738765331,47877987.502964176,2026-04-15 20:52:58.194272,0.031156066099999997,2026-04-15 15:56:41
54073360,(2020 UP),24.03,0.0415484643,0.0929051906,False,2025-02-17,13.4399030161,34284898.144889936,2026-04-15 20:52:58.194276,0.06722682745,2026-04-15 15:56:41
54246616,(2022 CK6),26.58,0.012839703,0.0287104486,False,2025-02-17,14.5763800514,35483679.20884059,2026-04-15 20:52:58.194280,0.0207750758,2026-04-15 15:56:41
54248645,(2022 DM4),29.21,0.0038243266,0.0085514543,False,2025-02-17,18.8658102295,49435314.04548312,2026-04-15 20:52:58.194284,0.0061878904500000005,2026-04-15 15:56:41
54339966,(2023 BC2),25.43,0.021804944,0.0487573371,False,2025-02-17,19.263021698,46164273.18720103,2026-04-15 20:52:58.194288,0.03528114055,2026-04-15 15:56:41
54404085,(2023 VR5),27.69,0.0077011393,0.0172202709,False,2025-02-17,2.5891100117,11608540.0515459,2026-04-15 20:52:58.194292,0.0124607051,2026-04-15 15:56:41
54480237,(2024 SH),24.73,0.0300992017,0.067303861,False,2025-02-17,12.3993836534,56436066.43677599,2026-04-15 20:52:58.194296,0.04870153135000001,2026-04-15 15:56:41
54480954,(2024 SS),25.84,0.0180532326,0.0403682552,False,2025-02-17,6.2375004783,37022749.425696224,2026-04-15 20:52:58.194300,0.029210743900000002,2026-04-15 15:56:41
54518675,(2025 CG1),24.29,0.0368599699,0.0824213984,False,2025-02-17,3.8025810024,20820092.700287454,2026-04-15 20:52:58.194304,0.05964068415,2026-04-15 15:56:41
54519998,(2025 DO),25.47,0.021406959,0.0478674154,False,2025-02-17,5.4189026234,2040140.05453778,2026-04-15 20:52:58.194308,0.0346371872,2026-04-15 15:56:41
54519997,(2025 DN),27.87,0.0070885103,0.015850391,False,2025-02-17,8.4943299087,1321730.571694584,2026-04-15 20:52:58.194312,0.011469450649999999,2026-04-15 15:56:41
54520093,(2025 DB1),27.09,0.0101520787,0.0227007381,False,2025-02-17,5.8780097352,2663544.642476881,2026-04-15 20:52:58.194316,0.016426408400000002,2026-04-15 15:56:41
54520710,(2025 DT5),29.38,0.0035363478,0.0079075142,False,2025-02-17,11.7533557681,214811.441158046,2026-04-15 20:52:58.194320,0.0057219309999999995,2026-04-15 15:56:41
54520818,(2025 DX7),26.24,0.0150160248,0.0335768522,False,2025-02-17,6.9448280968,10794415.996463116,2026-04-15 20:52:58.194324,0.0242964385,2026-04-15 15:56:41
54521618,(2025 DC25),24.57,0.0324007435,0.0724502651,False,2025-02-17,14.0605389986,3787266.665610967,2026-04-15 20:52:58.194328,0.052425504299999995,2026-04-15 15:56:41
2322756,322756 (2001 CK32),19.23,0.3789264984,0.8473054089,False,2025-02-16,22.114256769,63055129.06303286,2026-04-15 20:52:58.194332,0.6131159536499999,2026-04-15 15:56:41
3263232,(2004 XG),24.16,0.0391340663,0.0875064325,False,2025-02-16,9.0854327148,5971407.206325253,2026-04-15 20:52:58.194336,0.0633202494,2026-04-15 15:56:41
3557958,(2011 DT9),25.2,0.0242412481,0.0542050786,False,2025-02-16,14.867620112,70190193.26437125,2026-04-15 20:52:58.194341,0.03922316335,2026-04-15 15:56:41
3717081,(2015 HS11),27.1,0.0101054342,0.0225964377,False,2025-02-16,3.6429180163,36645545.756706424,2026-04-15 20:52:58.194345,0.01635093595,2026-04-15 15:56:41
3739011,(2015 YU7),21.38,0.1407845434,0.3148038092,True,2025-02-16,9.0574227607,24420557.118980687,2026-04-15 20:52:58.194349,0.22779417629999998,2026-04-15 15:56:41
3758923,(2016 RB1),28.3,0.0058150704,0.0130028927,False,2025-02-16,11.457484558,51547196.01750724,2026-04-15 20:52:58.194353,0.009408981549999999,2026-04-15 15:56:41
3769917,(2017 DU36),24.9,0.0278326768,0.0622357573,False,2025-02-16,12.6965379322,16500925.317649659,2026-04-15 20:52:58.194357,0.04503421705,2026-04-15 15:56:41
3838104,(2019 CH1),21.22,0.1515496636,0.3388753497,True,2025-02-16,38.040793626,66162244.794028886,2026-04-15 20:52:58.194361,0.24521250665,2026-04-15 15:56:41
54201808,(2021 SZ3),26.55,0.013018321,0.0291098508,False,2025-02-16,7.950637862,72375198.48077413,2026-04-15 20:52:58.194365,0.0210640859,2026-04-15 15:56:41
54341442,(2023 CU),27.23,0.0095182033,0.0212833496,False,2025-02-16,10.6788442327,29781916.867425743,2026-04-15 20:52:58.194369,0.01540077645,2026-04-15 15:56:41
54487275,(2024 TM2),28.19,0.0061172324,0.0136785474,False,2025-02-16,2.7287942651,38232246.918104544,2026-04-15 20:52:58.194400,0.0098978899,2026-04-15 15:56:41
54499276,(2024 UD26),20.54,0.2072788434,0.4634895841,True,2025-02-16,9.3195372805,6420246.802710491,2026-04-15 20:52:58.194405,0.33538421375,2026-04-15 15:56:41
54511095,(2024 YQ8),22.12,0.1001278698,0.2238927232,False,2025-02-16,11.4062155925,9534390.851076143,2026-04-15 20:52:58.194409,0.1620102965,2026-04-15 15:56:41
54519240,(2025 CU2),22.48,0.0848310762,0.189688053,False,2025-02-16,16.0993974082,18726118.356251474,2026-04-15 20:52:58.194413,0.1372595646,2026-04-15 15:56:41
54519253,(2025 CM3),24.97,0.0269497646,0.0602615057,False,2025-02-16,9.550916694,10140848.049835062,2026-04-15 20:52:58.194418,0.04360563515,2026-04-15 15:56:41
54520037,(2025 DS),24.49,0.0336166921,0.0751692087,False,2025-02-16,11.7410218242,6338994.425035709,2026-04-15 20:52:58.194422,0.0543929504,2026-04-15 15:56:41
54519993,(2025 DJ),27.13,0.0099667824,0.022286403,False,2025-02-16,12.5124470439,916545.90766297,2026-04-15 20:52:58.194425,0.0161265927,2026-04-15 15:56:41
54519994,(2025 DK),28.04,0.0065547326,0.0146568276,False,2025-02-16,19.0439284869,764251.820292173,2026-04-15 20:52:58.194429,0.0106057801,2026-04-15 15:56:41
54519996,(2025 DM),26.13,0.0157962856,0.0353215683,False,2025-02-16,8.7209618855,4838383.112835632,2026-04-15 20:52:58.194434,0.02555892695,2026-04-15 15:56:41
54516845,(2025 BX1),24.44,0.0343997255,0.0769201245,False,2025-02-16,10.2962302809,2762394.666393373,2026-04-15 20:52:58.194438,0.055659925,2026-04-15 15:56:41
54518708,(2025 CO1),25.7,0.0192555078,0.0430566244,False,2025-02-16,7.4086064892,6947466.961419908,2026-04-15 20:52:58.194442,0.031156066099999997,2026-04-15 15:56:41
54520339,(2025 DV3),25.87,0.0178055329,0.039814382,False,2025-02-16,4.7892435385,6875805.407909335,2026-04-15 20:52:58.194451,0.02880995745,2026-04-15 15:56:41
54520178,(2025 DY1),24.53,0.0330031183,0.0737972161,False,2025-02-16,19.391963212,17651345.773446903,2026-04-15 20:52:58.194455,0.0534001672,2026-04-15 15:56:41
54522259,(2025 EQ),22.57,0.0813869881,0.1819868378,False,2025-02-16,13.9200780406,11424903.0262812,2026-04-15 20:52:58.194459,0.13168691295,2026-04-15 15:56:41
2786479,786479 (2015 YU7),21.38,0.1407845434,0.3148038092,True,2025-02-16,9.0574227367,24420557.133940477,2026-04-15 20:52:58.194463,0.22779417629999998,2026-04-15 15:56:41
2458452,458452 (2011 BR15),19.77,0.2954982931,0.6607542706,False,2025-02-15,23.4502826952,73541062.29868616,2026-04-15 20:52:58.194468,0.47812628185,2026-04-15 15:56:41
3626614,(2013 CV83),23.95,0.0431077124,0.0963917753,False,2025-02-15,16.2218378179,21480732.06343147,2026-04-15 20:52:58.194472,0.06974974384999999,2026-04-15 15:56:41
3644814,(2013 NG10),22.7,0.0766575574,0.1714115092,False,2025-02-15,15.3755260533,40089856.896816686,2026-04-15 20:52:58.194476,0.1240345333,2026-04-15 15:56:41
3742333,(2016 CY135),24.5,0.0334622374,0.0748238376,False,2025-02-15,12.9144756493,29666449.048356254,2026-04-15 20:52:58.194480,0.0541430375,2026-04-15 15:56:41
3748182,(2016 FJ3),22.51,0.0836671502,0.1870854353,False,2025-02-15,14.3241936987,13056058.720648088,2026-04-15 20:52:58.194484,0.13537629275,2026-04-15 15:56:41
3760679,(2016 TU19),24.4,0.0350392641,0.0783501764,False,2025-02-15,12.7103954459,59299958.56059125,2026-04-15 20:52:58.194488,0.05669472025,2026-04-15 15:56:41
54245812,(2022 CG3),23.36,0.0565659358,0.1264852778,False,2025-02-15,17.9652085084,60978383.127775855,2026-04-15 20:52:58.194492,0.09152560679999999,2026-04-15 15:56:41
54246399,(2022 CQ5),23.91,0.0439091446,0.0981838322,False,2025-02-15,9.9132289491,39179897.140098974,2026-04-15 20:52:58.194496,0.0710464884,2026-04-15 15:56:41
54347919,(2023 EE1),23.59,0.0508809225,0.1137732014,False,2025-02-15,7.7083443342,52569662.84201012,2026-04-15 20:52:58.194500,0.08232706195,2026-04-15 15:56:41
54424573,(2024 CL1),25.74,0.0189040552,0.0422707525,False,2025-02-15,12.0226135332,10417125.0071966,2026-04-15 20:52:58.194504,0.03058740385,2026-04-15 15:56:41
54426463,(2024 CJ3),23.74,0.0474848397,0.1061793296,False,2025-02-15,20.4721415267,66586122.624464005,2026-04-15 20:52:58.194508,0.07683208465,2026-04-15 15:56:41
54467981,(2024 RS1),26.25,0.0149470324,0.0334225806,False,2025-02-15,13.3979545399,42850195.74440116,2026-04-15 20:52:58.194512,0.024184806500000003,2026-04-15 15:56:41
54489169,(2024 TX5),26.4,0.0139493823,0.0311917671,False,2025-02-15,5.6088777034,31015008.382378343,2026-04-15 20:52:58.194516,0.0225705747,2026-04-15 15:56:41
54518625,(2025 CR),25.36,0.0225193047,0.050354696,False,2025-02-15,10.1437014823,4985725.076875606,2026-04-15 20:52:58.194521,0.03643700035,2026-04-15 15:56:41
54519971,(2025 DD),24.1,0.040230458,0.0899580388,False,2025-02-15,14.4373906444,5948694.22547655,2026-04-15 20:52:58.194525,0.0650942484,2026-04-15 15:56:41
54519969,(2025 DC),27.52,0.0083282735,0.0186225856,False,2025-02-15,13.4955767153,284646.793630381,2026-04-15 20:52:58.194529,0.013475429550000001,2026-04-15 15:56:41
54519989,(2025 DE),23.85,0.0451393163,0.1009345797,False,2025-02-15,11.4388001658,3006401.283785518,2026-04-15 20:52:58.194545,0.073036948,2026-04-15 15:56:41
54520340,(2025 DW3),23.09,0.0640552863,0.1432319745,False,2025-02-15,13.7995722723,11737265.233854787,2026-04-15 20:52:58.194549,0.10364363039999999,2026-04-15 15:56:41
54520325,(2025 DF3),25.73,0.0189913123,0.0424658654,False,2025-02-15,9.1626686835,2732956.677856477,2026-04-15 20:52:58.194553,0.03072858885,2026-04-15 15:56:41
54520522,(2025 DG4),27.93,0.0068953287,0.0154184238,False,2025-02-15,6.6318215048,708943.782337455,2026-04-15 20:52:58.194557,0.01115687625,2026-04-15 15:56:41
54520816,(2025 DV7),25.76,0.0187307418,0.0418832119,False,2025-02-15,9.2944221651,7804111.772604911,2026-04-15 20:52:58.194561,0.03030697685,2026-04-15 15:56:41
54520043,(2025 DX),26.35,0.0142743051,0.0319183166,False,2025-02-15,8.5978730116,2450747.297281793,2026-04-15 20:52:58.194565,0.023096310850000003,2026-04-15 15:56:41
54520336,(2025 DQ3),28.05,0.0065246163,0.0145894856,False,2025-02-15,7.3183394372,2321619.262868781,2026-04-15 20:52:58.194569,0.01055705095,2026-04-15 15:56:41
54520538,(2025 DC5),27.7,0.0076657557,0.0171411509,False,2025-02-15,17.9049167221,1629837.617453892,2026-04-15 20:52:58.194573,0.012403453299999999,2026-04-15 15:56:41
54520709,(2025 DU5),28.0,0.0066765941,0.0149293183,False,2025-02-15,11.0729159222,1958913.138420472,2026-04-15 20:52:58.194577,0.0108029562,2026-04-15 15:56:41
54520793,(2025 DT6),26.26,0.014878357,0.0332690178,False,2025-02-15,4.3953031782,12190301.604005644,2026-04-15 20:52:58.194581,0.024073687400000002,2026-04-15 15:56:41
54523429,(2025 EW3),23.57,0.0513517179,0.1148259319,False,2025-02-15,23.2266519232,21289589.009918883,2026-04-15 20:52:58.194585,0.0830888249,2026-04-15 15:56:41
3711781,(2015 DL155),24.35,0.0358554334,0.0801751865,False,2025-02-14,18.6318758161,54056654.34525136,2026-04-15 20:52:58.194589,0.058015309949999996,2026-04-15 15:56:41
3759775,(2016 SL3),25.0,0.02658,0.0594346868,False,2025-02-14,9.6544151171,22972887.7001049,2026-04-15 20:52:58.194593,0.043007343399999995,2026-04-15 15:56:41
3986832,(2020 BT2),23.67,0.0490405098,0.1096579137,False,2025-02-14,15.6169238234,28251635.809668567,2026-04-15 20:52:58.194598,0.07934921175,2026-04-15 15:56:41
54244527,(2022 CM),25.05,0.0259749653,0.0580817882,False,2025-02-14,28.2199252854,56619794.1333097,2026-04-15 20:52:58.194602,0.04202837675,2026-04-15 15:56:41
54350417,(2023 EZ2),25.55,0.0206326484,0.0461360043,False,2025-02-14,12.2739465282,43055567.42532412,2026-04-15 20:52:58.194606,0.03338432635,2026-04-15 15:56:41
54376897,(2023 PY),22.44,0.0864082036,0.1932146172,False,2025-02-14,27.7568384484,68811382.8025899,2026-04-15 20:52:58.194610,0.1398114104,2026-04-15 15:56:41
54518882,(2025 CW1),23.92,0.0437074004,0.0977327184,False,2025-02-14,11.9519068574,18111366.53903275,2026-04-15 20:52:58.194614,0.07072005940000001,2026-04-15 15:56:41
54516841,(2025 BQ1),23.36,0.0565659358,0.1264852778,False,2025-02-14,4.8687887048,26608237.66889172,2026-04-15 20:52:58.194618,0.09152560679999999,2026-04-15 15:56:41
54519878,(2025 CJ4),26.16,0.0155795524,0.0348369383,False,2025-02-14,12.2063971988,703443.248174999,2026-04-15 20:52:58.194626,0.025208245350000002,2026-04-15 15:56:41
54520927,(2025 DB15),26.11,0.0159424468,0.0356483948,False,2025-02-14,7.6826020734,5841551.961706384,2026-04-15 20:52:58.194630,0.025795420799999996,2026-04-15 15:56:41
54520172,(2025 DQ1),23.6,0.0506471459,0.1132504611,False,2025-02-14,13.9079303614,6710319.496125985,2026-04-15 20:52:58.194634,0.0819488035,2026-04-15 15:56:41
54520341,(2025 DX3),26.1,0.0160160338,0.0358129403,False,2025-02-14,5.2756726686,17029540.53633597,2026-04-15 20:52:58.194638,0.025914487049999997,2026-04-15 15:56:41
3054373,(2000 UK11),25.3,0.0231502122,0.0517654482,False,2025-02-13,9.8773447779,46432132.76609064,2026-04-15 20:52:58.194643,0.0374578302,2026-04-15 15:56:41
3991654,(2020 DA1),29.8,0.002914439,0.0065168838,False,2025-02-13,22.4173701231,17420012.48920968,2026-04-15 20:52:58.194647,0.0047156614,2026-04-15 15:56:41
54105558,(2021 AG6),26.88,0.0111829138,0.0250057554,False,2025-02-13,13.9370038443,33497510.08649547,2026-04-15 20:52:58.194651,0.018094334599999998,2026-04-15 15:56:41
54121897,(2021 CS8),24.51,0.0333084924,0.0744800533,False,2025-02-13,5.093061233,41192808.602082096,2026-04-15 20:52:58.194655,0.05389427285,2026-04-15 15:56:41
54317859,(2022 UM3),27.27,0.0093444765,0.0208948847,False,2025-02-13,4.3513998731,68249252.97861025,2026-04-15 20:52:58.194659,0.015119680600000001,2026-04-15 15:56:41
54518922,(2025 CN2),27.91,0.0069591304,0.0155610887,False,2025-02-13,8.3613490794,1475923.6095478,2026-04-15 20:52:58.194663,0.01126010955,2026-04-15 15:56:41
54519252,(2025 CL3),25.38,0.0223128464,0.0498930414,False,2025-02-13,12.4817725624,3559802.281487682,2026-04-15 20:52:58.194667,0.0361029439,2026-04-15 15:56:41
54519477,(2025 CE4),25.48,0.0213086029,0.0476474846,False,2025-02-13,11.340879511,8526131.755161196,2026-04-15 20:52:58.194672,0.03447804375,2026-04-15 15:56:41
54597131,(2026 CW),24.87,0.0282198679,0.063101543,False,2025-02-13,4.2434795792,20610696.38786788,2026-04-15 20:52:58.194676,0.04566070545,2026-04-15 15:56:41
3704156,(2015 BG4),26.4,0.0139493823,0.0311917671,False,2025-02-12,9.6361407864,34563201.83923445,2026-04-15 20:52:58.194680,0.0225705747,2026-04-15 15:56:41
54105517,(2021 AV5),26.56,0.0129585073,0.0289761031,False,2025-02-12,16.7015013032,63813439.08032544,2026-04-15 20:52:58.194684,0.0209673052,2026-04-15 15:56:41
54144921,(2021 JJ4),26.13,0.0157962856,0.0353215683,False,2025-02-12,8.8619430593,49918049.497333385,2026-04-15 20:52:58.194688,0.02555892695,2026-04-15 15:56:41
54167171,(2021 NM3),26.61,0.0126635356,0.0283165265,False,2025-02-12,4.6165029984,25149395.966928802,2026-04-15 20:52:58.194692,0.02049003105,2026-04-15 15:56:41
54203710,(2021 TC4),26.54,0.0130784109,0.0292442157,False,2025-02-12,10.0706380176,40096262.45321328,2026-04-15 20:52:58.194696,0.021161313299999998,2026-04-15 15:56:41
54248961,(2022 ED1),24.47,0.0339277435,0.0758647409,False,2025-02-12,7.4434566969,65485894.04922621,2026-04-15 20:52:58.194700,0.0548962422,2026-04-15 15:56:41
54518075,(2025 CB),24.57,0.0324007435,0.0724502651,False,2025-02-12,5.7798652103,8900667.884691874,2026-04-15 20:52:58.194704,0.052425504299999995,2026-04-15 15:56:41
54518630,(2025 CV),26.91,0.0110294785,0.0246626636,False,2025-02-12,9.4200971558,4760501.62396556,2026-04-15 20:52:58.194708,0.01784607105,2026-04-15 15:56:41
54520092,(2025 DC1),25.99,0.0168482569,0.0376738478,False,2025-02-12,7.7782910032,8042862.223955245,2026-04-15 20:52:58.194712,0.027261052350000002,2026-04-15 15:56:41
3661494,(2014 CE13),24.09,0.0404161533,0.0903732663,False,2025-02-19,16.8056397296,3434808.414131694,2026-04-15 20:53:13.607846,0.0653947098,2026-04-15 15:56:41
3743897,(2016 CO246),25.8,0.0183888672,0.0411187571,False,2025-02-19,11.1730984193,33031067.74258116,2026-04-15 20:53:13.607871,0.02975381215,2026-04-15 15:56:41
3759722,(2016 SZ1),26.3,0.0146067964,0.0326617897,False,2025-02-19,13.9844830606,21566261.57884764,2026-04-15 20:53:13.607877,0.023634293049999998,2026-04-15 15:56:41
3801945,(2018 FD),24.27,0.037201031,0.0831840342,False,2025-02-19,23.6575666446,74076175.6748506,2026-04-15 20:53:13.607881,0.0601925326,2026-04-15 15:56:41
3837981,(2019 BV1),28.8,0.0046190746,0.0103285648,False,2025-02-19,27.7769956637,69260145.71510696,2026-04-15 20:53:13.607886,0.0074738197,2026-04-15 15:56:41
3838874,(2019 DB2),25.7,0.0192555078,0.0430566244,False,2025-02-19,14.7726907039,58518894.2135987,2026-04-15 20:53:13.607890,0.031156066099999997,2026-04-15 15:56:41
54016641,(2020 HW2),24.89,0.0279611466,0.0625230245,False,2025-02-19,19.9377431446,48447001.357167825,2026-04-15 20:53:13.607894,0.04524208555,2026-04-15 15:56:41
54178995,(2021 PW2),25.68,0.0194336768,0.0434550225,False,2025-02-19,11.5048963211,51566790.15204261,2026-04-15 20:53:13.607898,0.03144434965,2026-04-15 15:56:41
54239559,(2022 BH),26.04,0.0164647438,0.0368162863,False,2025-02-19,21.2439728285,72131813.4874112,2026-04-15 20:53:13.607903,0.02664051505,2026-04-15 15:56:41
54248462,(2022 DG2),28.46,0.0054020049,0.0120792502,False,2025-02-19,10.3673599019,4410167.707119648,2026-04-15 20:53:13.607907,0.008740627550000001,2026-04-15 15:56:41
54469017,(2024 RQ5),28.04,0.0065547326,0.0146568276,False,2025-02-19,4.5606973226,42593117.2800882,2026-04-15 20:53:13.607911,0.0106057801,2026-04-15 15:56:41
54519990,(2025 DF),28.19,0.0061172324,0.0136785474,False,2025-02-19,3.9500521372,278598.132872245,2026-04-15 20:53:13.607915,0.0098978899,2026-04-15 15:56:41
54516265,(2025 BX),25.63,0.0198863453,0.04446722,False,2025-02-19,4.2464267286,9281255.05358682,2026-04-15 20:53:13.607920,0.03217678265,2026-04-15 15:56:41
54520523,(2025 DF4),26.38,0.0140784543,0.0314803809,False,2025-02-19,34.9088634162,1763465.735313948,2026-04-15 20:53:13.607924,0.0227794176,2026-04-15 15:56:41
54520316,(2025 DW2),27.94,0.0068636476,0.0153475826,False,2025-02-19,13.9349899449,1457463.546545327,2026-04-15 20:53:13.607928,0.0111056151,2026-04-15 15:56:41
54520160,(2025 DE1),25.04,0.0260948603,0.0583498816,False,2025-02-19,11.6909952371,575852.01772071,2026-04-15 20:53:13.607932,0.042222370950000004,2026-04-15 15:56:41
54520162,(2025 DG1),27.5,0.008405334,0.0187948982,False,2025-02-19,8.5038582787,707513.192866432,2026-04-15 20:53:13.607936,0.0136001161,2026-04-15 15:56:41
54520320,(2025 DA3),23.29,0.0584191154,0.1306291133,False,2025-02-19,18.1055298253,9868446.036341412,2026-04-15 20:53:13.607940,0.09452411435,2026-04-15 15:56:41
54520324,(2025 DE3),28.08,0.0064350952,0.0143893103,False,2025-02-19,7.1484782094,3207835.80308646,2026-04-15 20:53:13.607944,0.01041220275,2026-04-15 15:56:41
54522540,(2025 EM1),23.91,0.0439091446,0.0981838322,False,2025-02-19,18.9367416154,23054167.78330521,2026-04-15 20:53:13.607948,0.0710464884,2026-04-15 15:56:41
54522846,(2025 DV39),25.12,0.0251509837,0.0562393094,False,2025-02-19,20.7132318615,8232848.407219549,2026-04-15 20:53:13.607953,0.04069514655,2026-04-15 15:56:41
2101955,101955 Bennu (1999 RQ36),20.21,0.2412986969,0.5395602892,True,2025-02-25,16.8962992971,58574507.31152992,2026-04-15 20:53:13.607957,0.39042949304999996,2026-04-15 15:56:41
3693428,(2014 UR),26.6,0.0127219879,0.0284472297,False,2025-02-25,15.4247254715,70813589.4000307,2026-04-15 20:53:13.607961,0.0205846088,2026-04-15 15:56:41
3708359,(2015 BK509),22.36,0.0896509666,0.2004656557,False,2025-02-25,14.5528180487,3600240.186445891,2026-04-15 20:53:13.607966,0.14505831115,2026-04-15 15:56:41
54240399,(2022 BH3),26.33,0.0144063837,0.0322136532,False,2025-02-25,24.1772173081,59260640.78464445,2026-04-15 20:53:13.607970,0.023310018449999997,2026-04-15 15:56:41
54248454,(2022 DW1),25.26,0.0235806068,0.0527278398,False,2025-02-25,14.4946858932,12027964.622667287,2026-04-15 20:53:13.607974,0.0381542233,2026-04-15 15:56:41
54248796,(2022 DT4),26.19,0.0153657929,0.0343589575,False,2025-02-25,9.6330885786,11056066.979511771,2026-04-15 20:53:13.607979,0.0248623752,2026-04-15 15:56:41
54320728,(2022 UM11),24.67,0.0309424699,0.069189466,False,2025-02-25,6.9434101727,22786186.551427715,2026-04-15 20:53:13.607983,0.05006596795,2026-04-15 15:56:41
54381338,(2023 RW3),26.62,0.012605352,0.0281864239,False,2025-02-25,5.1488362368,2742173.013672715,2026-04-15 20:53:13.607987,0.02039588795,2026-04-15 15:56:41
54467564,(2024 QH2),26.87,0.0112345318,0.0251211767,False,2025-02-25,23.5874574608,49203705.27676829,2026-04-15 20:53:13.607991,0.01817785425,2026-04-15 15:56:41
54519999,(2025 DP),26.62,0.012605352,0.0281864239,False,2025-02-25,6.4880031627,5580476.257266813,2026-04-15 20:53:13.607995,0.02039588795,2026-04-15 15:56:41
54520038,(2025 DT),25.32,0.0229379698,0.0512908597,False,2025-02-25,24.4765406746,975755.772222815,2026-04-15 20:53:13.607999,0.03711441475,2026-04-15 15:56:41
54520315,(2025 DT2),26.63,0.0125474356,0.028056919,False,2025-02-25,9.8493832586,289924.591524194,2026-04-15 20:53:13.608003,0.0203021773,2026-04-15 15:56:41
54520516,(2025 DZ3),24.82,0.0288771931,0.0645713667,False,2025-02-25,9.8692928242,8069202.564196986,2026-04-15 20:53:13.608008,0.0467242799,2026-04-15 15:56:41
54520171,(2025 DR1),27.37,0.0089239058,0.01995446,False,2025-02-25,6.25410658,2783202.518367626,2026-04-15 20:53:13.608012,0.0144391829,2026-04-15 15:56:41
54520309,(2025 DM2),27.42,0.0087207729,0.019500241,False,2025-02-25,14.7660395301,907782.688835175,2026-04-15 20:53:13.608016,0.01411050695,2026-04-15 15:56:41
54520327,(2025 DH3),24.83,0.0287445144,0.0642746882,False,2025-02-25,11.576934293,8773427.745478688,2026-04-15 20:53:13.608021,0.0465096013,2026-04-15 15:56:41
54520329,(2025 DJ3),23.72,0.0479242116,0.1071617948,False,2025-02-25,30.0208044891,15791859.987042828,2026-04-15 20:53:13.608025,0.0775430032,2026-04-15 15:56:41
54520166,(2025 DL1),27.79,0.0073545309,0.016445231,False,2025-02-25,3.5885209999,3838243.306676853,2026-04-15 20:53:13.608029,0.01189988095,2026-04-15 15:56:41
54520302,(2025 DE2),26.81,0.0115492818,0.0258249791,False,2025-02-25,9.5152542531,1295820.48988675,2026-04-15 20:53:13.608033,0.01868713045,2026-04-15 15:56:41
54520922,(2025 DP13),24.25,0.0375452479,0.0839537266,False,2025-02-25,14.8745859203,13187773.317193188,2026-04-15 20:53:13.608037,0.06074948725,2026-04-15 15:56:41
54521726,(2025 DW29),25.9,0.0175612318,0.0392681082,False,2025-02-25,5.9595966722,16134742.77805914,2026-04-15 20:53:13.608042,0.02841467,2026-04-15 15:56:41
54522093,(2025 DH30),27.49,0.0084441313,0.0188816516,False,2025-02-25,28.0730045961,400336.705697672,2026-04-15 20:53:13.608046,0.013662891449999999,2026-04-15 15:56:41
54521711,(2025 DJ25),26.59,0.0127807099,0.0285785361,False,2025-02-25,7.4982259846,6033752.402883706,2026-04-15 20:53:13.608050,0.020679623,2026-04-15 15:56:41
54526667,(2025 FE26),26.47,0.013506878,0.0302022973,False,2025-02-25,6.7557362958,4575607.512839464,2026-04-15 20:53:13.608054,0.02185458765,2026-04-15 15:56:41
54541503,(2025 QL3),27.59,0.0080640828,0.0180318372,False,2025-02-25,3.9177121297,21143054.859417126,2026-04-15 20:53:13.608058,0.01304796,2026-04-15 15:56:41
54542539,(2025 QM9),26.28,0.0147419515,0.0329640056,False,2025-02-25,11.3814520254,14769379.339696757,2026-04-15 20:53:13.608063,0.02385297855,2026-04-15 15:56:41
54604135,(2026 DS8),26.43,0.0137579896,0.0307638,False,2025-02-25,17.5947460937,5008973.288983595,2026-04-15 20:53:13.608067,0.0222608948,2026-04-15 15:56:41
54604520,(2026 DR14),23.46,0.0540200494,0.1207925025,False,2025-02-25,12.3900727481,17030532.6843696,2026-04-15 20:53:13.608071,0.08740627595,2026-04-15 15:56:41
2455176,455176 (1999 VF22),20.71,0.191670368,0.428587972,True,2025-02-24,23.61028202,10466234.711724248,2026-04-15 20:53:13.608075,0.31012917,2026-04-15 15:56:41
3136735,(2002 SQ),19.6,0.3195618867,0.7145621017,False,2025-02-24,10.5949764699,29332106.06670868,2026-04-15 20:53:13.608079,0.5170619942,2026-04-15 15:56:41
3141526,(2002 UZ30),19.5,0.3346223745,0.7482383761,False,2025-02-24,24.4606550279,54231473.54846572,2026-04-15 20:53:13.608084,0.5414303753,2026-04-15 15:56:41
3740494,(2016 AF193),22.03,0.1043650238,0.2333672878,True,2025-02-24,6.4304145902,21057834.05416549,2026-04-15 20:53:13.608088,0.1688661558,2026-04-15 15:56:41
3742875,(2016 CD137),26.1,0.0160160338,0.0358129403,False,2025-02-24,5.3462372007,12117164.566703262,2026-04-15 20:53:13.608092,0.025914487049999997,2026-04-15 15:56:41
3762168,(2016 UC57),23.9,0.04411182,0.0986370281,False,2025-02-24,5.3360644505,64752234.00600309,2026-04-15 20:53:13.608096,0.07137442405,2026-04-15 15:56:41
3799832,(2018 EU1),26.7,0.0121494041,0.0271668934,False,2025-02-24,22.1345609188,56469844.85791306,2026-04-15 20:53:13.608100,0.01965814875,2026-04-15 15:56:41
54248632,(2022 DV3),24.75,0.0298232505,0.0666868155,False,2025-02-24,12.9105834004,21856672.55792656,2026-04-15 20:53:13.608105,0.048255032999999996,2026-04-15 15:56:41
2612472,612472 (2002 SQ),19.85,0.2848098313,0.6368541435,False,2025-02-24,10.5950031112,29332071.00096795,2026-04-15 20:53:13.608109,0.4608319874,2026-04-15 15:56:41
54296730,(2022 QB2),25.38,0.0223128464,0.0498930414,False,2025-02-24,27.6842240368,58775165.56748343,2026-04-15 20:53:13.608113,0.0361029439,2026-04-15 15:56:41
54341525,(2023 CA2),24.1,0.040230458,0.0899580388,False,2025-02-24,24.1843284593,57212338.56560096,2026-04-15 20:53:13.608117,0.0650942484,2026-04-15 15:56:41
54403809,(2023 VS4),28.58,0.0051115778,0.0114298355,False,2025-02-24,9.1937830599,13043968.684548084,2026-04-15 20:53:13.608121,0.008270706650000001,2026-04-15 15:56:41
54515310,(2025 AE3),22.2,0.096506147,0.2157943048,False,2025-02-24,10.0867730194,10512144.652450675,2026-04-15 20:53:13.608125,0.1561502259,2026-04-15 15:56:41
54516843,(2025 BT1),21.58,0.1283970296,0.2871044863,True,2025-02-24,14.135377109,7829952.904754462,2026-04-15 20:53:13.608129,0.20775075795,2026-04-15 15:56:41
54520161,(2025 DF1),24.96,0.0270741591,0.0605396602,False,2025-02-24,11.5657264585,4055172.709598998,2026-04-15 20:53:13.608133,0.043806909649999996,2026-04-15 15:56:41
54520528,(2025 DS4),27.75,0.0074912618,0.0167509707,False,2025-02-24,8.3759045164,1130975.978971025,2026-04-15 20:53:13.608138,0.01212111625,2026-04-15 15:56:41
54520921,(2025 DJ13),28.1,0.0063760979,0.0142573883,False,2025-02-24,7.8588627568,1552338.126744865,2026-04-15 20:53:13.608143,0.0103167431,2026-04-15 15:56:41
54521708,(2025 DF25),29.06,0.0040978398,0.0091630484,False,2025-02-24,7.5561002034,725099.993262567,2026-04-15 20:53:13.608147,0.0066304441000000006,2026-04-15 15:56:41
54521722,(2025 DE29),25.41,0.0220067027,0.0492084832,False,2025-02-24,4.5206783748,22739454.540486056,2026-04-15 20:53:13.608151,0.03560759295,2026-04-15 15:56:41
54603880,(2026 DN5),30.91,0.0017480545,0.0039087688,False,2025-02-24,8.8972755512,7201979.313629608,2026-04-15 20:53:13.608156,0.0028284116500000003,2026-04-15 15:56:41
3368493,(2007 DW),20.38,0.2231284644,0.4989304142,False,2025-02-23,26.0224072912,27220027.238847427,2026-04-15 20:53:13.608160,0.3610294393,2026-04-15 15:56:41
3672459,(2014 KG39),25.0,0.02658,0.0594346868,False,2025-02-23,13.5178139657,18878369.62871188,2026-04-15 20:53:13.608164,0.043007343399999995,2026-04-15 15:56:41
3712903,(2015 EF),26.8,0.0116025908,0.0259441818,False,2025-02-23,24.0424055148,48040384.099053726,2026-04-15 20:53:13.608169,0.0187733863,2026-04-15 15:56:41
3781003,(2017 QF17),19.7,0.3051792326,0.6824015094,False,2025-02-23,8.8682135417,53112198.636172906,2026-04-15 20:53:13.608173,0.493790371,2026-04-15 15:56:41
3994622,(2020 DV2),25.1,0.0253837029,0.0567596853,False,2025-02-23,13.1066103502,45025589.98580674,2026-04-15 20:53:13.608177,0.0410716941,2026-04-15 15:56:41
54065901,(2020 TS5),26.2,0.0152951935,0.0342010925,False,2025-02-23,4.3456154287,35361938.57156456,2026-04-15 20:53:13.608182,0.024748143,2026-04-15 15:56:41
54253541,(2022 EF4),25.71,0.0191670368,0.0428587972,False,2025-02-23,6.4030153398,64155612.882156454,2026-04-15 20:53:13.608186,0.031012917,2026-04-15 15:56:41
54467481,(2024 QR1),23.59,0.0508809225,0.1137732014,False,2025-02-23,17.2755732176,18829575.81504652,2026-04-15 20:53:13.608190,0.08232706195,2026-04-15 15:56:41
54510160,(2024 YE6),22.0,0.1058168859,0.2366137501,False,2025-02-23,4.7628283653,25867858.093262453,2026-04-15 20:53:13.608196,0.171215318,2026-04-15 15:56:41
54520789,(2025 DP6),23.31,0.0578835257,0.1294314984,False,2025-02-23,12.6214542109,7240426.714208958,2026-04-15 20:53:13.608200,0.09365751205,2026-04-15 15:56:41
54520790,(2025 DQ6),24.78,0.0294140602,0.0657718381,False,2025-02-23,17.4240356181,1034218.978853703,2026-04-15 20:53:13.608204,0.047592949149999994,2026-04-15 15:56:41
54520319,(2025 DZ2),29.56,0.0032550299,0.007278468,False,2025-02-23,11.9922761339,187671.171185841,2026-04-15 20:53:13.608208,0.00526674895,2026-04-15 15:56:41
54520170,(2025 DP1),27.96,0.0068007213,0.0152068751,False,2025-02-23,5.6181923275,3851015.179948742,2026-04-15 20:53:13.608212,0.0110037982,2026-04-15 15:56:41
54520312,(2025 DS2),24.54,0.0328514828,0.0734581487,False,2025-02-23,11.047265096,3601836.440598152,2026-04-15 20:53:13.608216,0.05315481575,2026-04-15 15:56:41
54520317,(2025 DX2),25.75,0.0188171989,0.042076536,False,2025-02-23,15.8433210026,4694765.911361853,2026-04-15 20:53:13.608221,0.030446867449999998,2026-04-15 15:56:41
54520526,(2025 DQ4),24.77,0.0295498293,0.0660754271,False,2025-02-23,10.194331949,6302042.928357424,2026-04-15 20:53:13.608225,0.0478126282,2026-04-15 15:56:41
54521718,(2025 DQ27),27.54,0.0082519194,0.0184518527,False,2025-02-23,16.1816615616,1588077.28228467,2026-04-15 20:53:13.608229,0.013351886050000001,2026-04-15 15:56:41
3342249,(2006 SC),25.1,0.0253837029,0.0567596853,False,2025-02-22,18.8058470477,34736492.54117186,2026-04-15 20:53:13.608234,0.0410716941,2026-04-15 15:56:41
3409433,(2008 GC110),22.3,0.0921626549,0.2060819612,False,2025-02-22,6.9995784115,51174999.44906549,2026-04-15 20:53:13.608238,0.14912230804999999,2026-04-15 15:56:41
3825491,(2018 MJ7),23.16,0.0620233153,0.1386883492,False,2025-02-22,14.4177280298,52129708.58119396,2026-04-15 20:53:13.608242,0.10035583225,2026-04-15 15:56:41
3838888,(2019 EO),23.18,0.0614546821,0.1374168468,False,2025-02-22,11.0115769909,47266886.60680301,2026-04-15 20:53:13.608247,0.09943576444999999,2026-04-15 15:56:41
54291601,(2022 OT1),25.25,0.0236894499,0.0529712204,False,2025-02-22,17.4534543801,57597444.48775713,2026-04-15 20:53:13.608251,0.03833033515,2026-04-15 15:56:41
54341550,(2023 CK2),22.68,0.077366861,0.1729975604,False,2025-02-22,24.5960186565,37384908.81480904,2026-04-15 20:53:13.608255,0.1251822107,2026-04-15 15:56:41
54520039,(2025 DU),27.88,0.0070559416,0.015777565,False,2025-02-22,8.6617107778,1311812.965943147,2026-04-15 20:53:13.608259,0.0114167533,2026-04-15 15:56:41
54519356,(2025 CY3),24.75,0.0298232505,0.0666868155,False,2025-02-22,7.9157002397,4695377.617052283,2026-04-15 20:53:13.608264,0.048255032999999996,2026-04-15 15:56:41
54520167,(2025 DM1),24.74,0.0299609084,0.0669946278,False,2025-02-22,14.6902526221,8595789.624720562,2026-04-15 20:53:13.608268,0.0484777681,2026-04-15 15:56:41
54520165,(2025 DK1),30.24,0.0023798795,0.0053215724,False,2025-02-22,15.430940786,150543.238779678,2026-04-15 20:53:13.608273,0.00385072595,2026-04-15 15:56:41
54520173,(2025 DS1),30.32,0.002293797,0.005129086,False,2025-02-22,3.944883676,154713.458923372,2026-04-15 20:53:13.608277,0.0037114415,2026-04-15 15:56:41
54520305,(2025 DH2),26.42,0.0138214936,0.0309057992,False,2025-02-22,7.6881809988,2693143.792799128,2026-04-15 20:53:13.608288,0.0223636464,2026-04-15 15:56:41
54520527,(2025 DR4),26.18,0.0154367182,0.0345175513,False,2025-02-22,13.1835858453,1056587.211410991,2026-04-15 20:53:13.608292,0.024977134749999998,2026-04-15 15:56:41
54520920,(2025 DK13),26.88,0.0111829138,0.0250057554,False,2025-02-22,7.670355488,3857564.395179898,2026-04-15 20:53:13.608296,0.018094334599999998,2026-04-15 15:56:41
54521709,(2025 DG25),26.33,0.0144063837,0.0322136532,False,2025-02-22,4.5746169495,8992641.178760419,2026-04-15 20:53:13.608300,0.023310018449999997,2026-04-15 15:56:41
54521712,(2025 DL25),28.82,0.0045767267,0.010233872,False,2025-02-22,11.2269388331,451174.579779346,2026-04-15 20:53:13.608305,0.00740529935,2026-04-15 15:56:41
3092144,(1996 BG1),23.72,0.0479242116,0.1071617948,False,2025-02-21,20.3339786527,57070250.0000422,2026-04-15 20:53:13.608309,0.0775430032,2026-04-15 15:56:41
3599405,(2012 DZ),26.27,0.0148099972,0.0331161605,False,2025-02-21,16.6721788629,1066006.820812985,2026-04-15 20:53:13.608313,0.02396307885,2026-04-15 15:56:41
3600563,(2012 EO3),22.98,0.067383719,0.1506745763,False,2025-02-21,22.3498910075,71784376.96715167,2026-04-15 20:53:13.608317,0.10902914764999999,2026-04-15 15:56:41
3736497,(2015 XF261),25.25,0.0236894499,0.0529712204,False,2025-02-21,8.222728285,43975800.32209111,2026-04-15 20:53:13.608321,0.03833033515,2026-04-15 15:56:41
3786458,(2017 UG),27.5,0.008405334,0.0187948982,False,2025-02-21,11.5823604501,48115814.0229096,2026-04-15 20:53:13.608325,0.0136001161,2026-04-15 15:56:41
3825135,(2018 LV2),25.3,0.0231502122,0.0517654482,False,2025-02-21,10.4099866945,43476378.81357977,2026-04-15 20:53:13.608329,0.0374578302,2026-04-15 15:56:41
54123627,(2021 DU1),23.89,0.0443154309,0.099092316,False,2025-02-21,18.1713061427,25486594.143603623,2026-04-15 20:53:13.608333,0.07170387345,2026-04-15 15:56:41
54130507,(2021 EH2),26.16,0.0155795524,0.0348369383,False,2025-02-21,9.5598357129,13381082.32346657,2026-04-15 20:53:13.608338,0.025208245350000002,2026-04-15 15:56:41
54166395,(2021 NG1),23.54,0.0520660914,0.1164233197,False,2025-02-21,15.4239273381,57289112.07280666,2026-04-15 20:53:13.608343,0.08424470554999999,2026-04-15 15:56:41
54203037,(2021 SP5),26.51,0.0132603497,0.0296510433,False,2025-02-21,10.8004834342,50945763.227769926,2026-04-15 20:53:13.608347,0.0214556965,2026-04-15 15:56:41
54520040,(2025 DV),26.22,0.0151549664,0.033887535,False,2025-02-21,10.5178180726,4168098.920696335,2026-04-15 20:53:13.608351,0.024521250700000004,2026-04-15 15:56:41
54520035,(2025 DQ),29.93,0.0027450798,0.0061381851,False,2025-02-21,6.6930029204,299199.898820786,2026-04-15 20:53:13.608355,0.00444163245,2026-04-15 15:56:41
54520304,(2025 DG2),24.87,0.0282198679,0.063101543,False,2025-02-21,9.329281972,2170195.266629478,2026-04-15 20:53:13.608360,0.04566070545,2026-04-15 15:56:41
54520321,(2025 DB3),27.2,0.0096506147,0.0215794305,False,2025-02-21,5.1884088726,2121594.494055571,2026-04-15 20:53:13.608364,0.0156150226,2026-04-15 15:56:41
54520332,(2025 DO3),24.5,0.0334622374,0.0748238376,False,2025-02-21,10.8434601895,21167495.7255839,2026-04-15 20:53:13.608369,0.0541430375,2026-04-15 15:56:41
54520524,(2025 DP4),24.49,0.0336166921,0.0751692087,False,2025-02-21,20.3170159726,5465517.48982936,2026-04-15 20:53:13.608373,0.0543929504,2026-04-15 15:56:41
54520311,(2025 DP2),26.67,0.0123184191,0.0275448225,False,2025-02-21,7.1669381207,1203133.299822778,2026-04-15 20:53:13.608377,0.0199316208,2026-04-15 15:56:41
54520808,(2025 DN7),25.14,0.0249203981,0.0557237043,False,2025-02-21,8.6016804763,8581633.013724806,2026-04-15 20:53:13.608381,0.0403220512,2026-04-15 15:56:41
54520791,(2025 DR6),27.38,0.0088829042,0.0198627775,False,2025-02-21,6.1165377296,2717974.944848948,2026-04-15 20:53:13.608386,0.01437284085,2026-04-15 15:56:41
54520915,(2025 DE8),27.46,0.0085616008,0.0191443215,False,2025-02-21,15.2755267178,1822227.299936764,2026-04-15 20:53:13.608390,0.013852961149999999,2026-04-15 15:56:41
54520318,(2025 DY2),24.57,0.0324007435,0.0724502651,False,2025-02-21,15.8207433614,10012193.986353572,2026-04-15 20:53:13.608394,0.052425504299999995,2026-04-15 15:56:41
54522522,(2025 EV),23.81,0.0459785188,0.1028110936,False,2025-02-21,14.854711064,18933265.988288146,2026-04-15 20:53:13.608398,0.0743948062,2026-04-15 15:56:41
54541548,(2025 QF4),27.3,0.0092162655,0.0206081961,False,2025-02-21,10.9148777305,16995575.925689895,2026-04-15 20:53:13.608403,0.014912230799999999,2026-04-15 15:56:41
54603178,(2026 DY),26.88,0.0111829138,0.0250057554,False,2025-02-21,7.3474138296,8538569.531510014,2026-04-15 20:53:13.608407,0.018094334599999998,2026-04-15 15:56:41
54607547,(2026 GM1),25.476,0.021347891,0.0477353354,False,2025-02-21,4.5717273102,21758482.60469187,2026-04-15 20:53:13.608411,0.0345416132,2026-04-15 15:56:41
3435023,(2008 UB95),24.8,0.0291443905,0.0651688382,False,2025-02-20,22.0516156932,65360740.66566144,2026-04-15 20:53:13.608415,0.04715661435,2026-04-15 15:56:41
3599931,(2012 DV32),21.8,0.1160259082,0.2594418179,False,2025-02-20,7.3016816492,29453387.214127008,2026-04-15 20:53:13.608419,0.18773386305,2026-04-15 15:56:41
3740096,(2016 AX165),23.13,0.0628861456,0.1406176963,False,2025-02-20,9.1912906633,5724654.196436713,2026-04-15 20:53:13.608423,0.10175192095,2026-04-15 15:56:41
3745060,(2016 ET1),28.9,0.004411182,0.0098637028,False,2025-02-20,4.1177050206,9170110.852316923,2026-04-15 20:53:13.608427,0.0071374424,2026-04-15 15:56:41
3989813,(2020 CX1),24.13,0.0396784754,0.0887237683,False,2025-02-20,6.8885720054,17238026.515797023,2026-04-15 20:53:13.608431,0.06420112185,2026-04-15 15:56:41
54153128,(2021 LO),22.24,0.0947447113,0.2118556149,False,2025-02-20,18.5610690382,16319532.993464522,2026-04-15 20:53:13.608435,0.1533001631,2026-04-15 15:56:41
54212701,(2021 UH2),25.08,0.0256185754,0.0572848762,False,2025-02-20,3.6661640977,15375635.673395628,2026-04-15 20:53:13.608439,0.0414517258,2026-04-15 15:56:41
54439707,(2024 JK1),26.42,0.0138214936,0.0309057992,False,2025-02-20,9.251897338,64067162.67776556,2026-04-15 20:53:13.608443,0.0223636464,2026-04-15 15:56:41
54520036,(2025 DR),25.01,0.026457876,0.0591616093,False,2025-02-20,31.1873542239,4726711.234998884,2026-04-15 20:53:13.608447,0.04280974265,2026-04-15 15:56:41
54521226,(2025 DK22),23.75,0.0472666667,0.1056914799,False,2025-02-20,20.4498141291,9314541.73156542,2026-04-15 20:53:13.608450,0.0764790733,2026-04-15 15:56:41
54520928,(2025 DD15),27.5,0.008405334,0.0187948982,False,2025-02-20,6.7981832263,3484862.530012651,2026-04-15 20:53:13.608454,0.0136001161,2026-04-15 15:56:41
54521715,(2025 DJ27),26.53,0.0131387781,0.0293792009,False,2025-02-20,4.8906372233,9578692.22574561,2026-04-15 20:53:13.608458,0.0212589895,2026-04-15 15:56:41
2798099,798099 (2012 DV32),21.79,0.1165614595,0.2606393469,False,2025-02-20,7.3016816579,29453387.214127008,2026-04-15 20:53:13.608462,0.18860040320000002,2026-04-15 15:56:41
3520662,(2010 JR34),27.7,0.0076657557,0.0171411509,False,2025-02-28,3.6961578244,15545534.453067811,2026-04-15 20:53:27.865181,0.012403453299999999,2026-04-15 15:56:41
3653537,(2013 VO5),21.36,0.1420872067,0.317716653,True,2025-02-28,28.7525118688,27094717.360950846,2026-04-15 20:53:27.865203,0.22990192985000002,2026-04-15 15:56:41
3713289,(2015 FF),26.6,0.0127219879,0.0284472297,False,2025-02-28,20.3667687959,54539057.65991066,2026-04-15 20:53:27.865207,0.0205846088,2026-04-15 15:56:41
54377971,(2023 QG4),22.68,0.077366861,0.1729975604,False,2025-02-28,28.0315643405,41883660.57153388,2026-04-15 20:53:27.865210,0.1251822107,2026-04-15 15:56:41
54469024,(2024 RB6),27.76,0.0074568426,0.016674007,False,2025-02-28,9.3179422488,34092722.477119885,2026-04-15 20:53:27.865213,0.0120654248,2026-04-15 15:56:41
54494737,(2024 UE2),25.16,0.0246919266,0.0552128263,False,2025-02-28,9.5561880944,60222931.74626153,2026-04-15 20:53:27.865216,0.03995237645,2026-04-15 15:56:41
54518040,(2025 BZ7),24.61,0.0318093633,0.0711278987,False,2025-02-28,3.5337495082,13867595.824644323,2026-04-15 20:53:27.865219,0.051468631,2026-04-15 15:56:41
54520335,(2025 DR3),24.81,0.0290104841,0.0648694146,False,2025-02-28,4.950982898,26303005.49027956,2026-04-15 20:53:27.865222,0.046939949349999996,2026-04-15 15:56:41
54520815,(2025 DU7),29.45,0.0034241673,0.0076566709,False,2025-02-28,3.2064430243,685293.48107448,2026-04-15 20:53:27.865225,0.0055404191,2026-04-15 15:56:41
54521617,(2025 DB25),24.43,0.0345585074,0.0772751717,False,2025-02-28,17.909035111,12685059.87763292,2026-04-15 20:53:27.865229,0.05591683955,2026-04-15 15:56:41
54522101,(2025 EK),28.54,0.0052066091,0.011642332,False,2025-02-28,10.0137764271,262122.081701073,2026-04-15 20:53:27.865232,0.00842447055,2026-04-15 15:56:41
54521720,(2025 EA),25.95,0.0171614894,0.0383742569,False,2025-02-28,11.4477191826,3780668.93579057,2026-04-15 20:53:27.865234,0.02776787315,2026-04-15 15:56:41
3617076,(2012 VC26),28.7,0.0048367649,0.0108153351,False,2025-02-27,7.132276212,33769070.836367175,2026-04-15 20:53:27.865238,0.007826050000000001,2026-04-15 15:56:41
3745029,(2016 EG1),29.1,0.0040230458,0.0089958039,False,2025-02-27,15.3375680981,18913001.924571335,2026-04-15 20:53:27.865241,0.00650942485,2026-04-15 15:56:41
3748560,(2016 GE1),26.7,0.0121494041,0.0271668934,False,2025-02-27,20.7836753311,61737703.72355965,2026-04-15 20:53:27.865244,0.01965814875,2026-04-15 15:56:41
3802437,(2018 GC2),26.8,0.0116025908,0.0259441818,False,2025-02-27,18.2997100887,73269220.78353204,2026-04-15 20:53:27.865247,0.0187733863,2026-04-15 15:56:41
3843427,(2019 OV3),24.26,0.0373727432,0.0835679943,False,2025-02-27,15.1658785279,59048541.50799014,2026-04-15 20:53:27.865250,0.06047036875,2026-04-15 15:56:41
54110070,(2021 CH1),24.58,0.0322518756,0.0721173863,False,2025-02-27,17.2700464857,51210540.23782968,2026-04-15 20:53:27.865253,0.052184630950000005,2026-04-15 15:56:41
54132968,(2021 FY2),25.78,0.0185590173,0.0414992243,False,2025-02-27,10.4223140535,33249975.158460017,2026-04-15 20:53:27.865256,0.0300291208,2026-04-15 15:56:41
54235541,(2022 AK2),26.2,0.0152951935,0.0342010925,False,2025-02-27,25.9796805031,65639675.52837927,2026-04-15 20:53:27.865259,0.024748143,2026-04-15 15:56:41
54248345,(2022 DN1),26.32,0.0144728805,0.0323623447,False,2025-02-27,11.1892495488,8591696.626997363,2026-04-15 20:53:27.865261,0.0234176126,2026-04-15 15:56:41
54322907,(2022 UG28),26.3,0.0146067964,0.0326617897,False,2025-02-27,8.8142905836,16126990.676274888,2026-04-15 20:53:27.865264,0.023634293049999998,2026-04-15 15:56:41
54350901,(2023 FM2),24.39,0.035200998,0.0787118244,False,2025-02-27,12.9765480458,74490680.89953448,2026-04-15 20:53:27.865267,0.0569564112,2026-04-15 15:56:41
54427163,(2024 CC7),26.36,0.0142087207,0.0317716653,False,2025-02-27,8.2347294628,7931633.44004965,2026-04-15 20:53:27.865270,0.022990193,2026-04-15 15:56:41
54483853,(2024 SS3),24.03,0.0415484643,0.0929051906,False,2025-02-27,9.6828810377,45617257.894258104,2026-04-15 20:53:27.865273,0.06722682745,2026-04-15 15:56:41
54507070,(2024 XZ18),22.02,0.1048467509,0.2344444622,False,2025-02-27,8.9969082718,25467645.32940008,2026-04-15 20:53:27.865276,0.16964560655,2026-04-15 15:56:41
54517337,(2025 BH4),23.19,0.0611723235,0.1367854737,False,2025-02-27,8.9922310572,13169194.264044916,2026-04-15 20:53:27.865279,0.0989788986,2026-04-15 15:56:41
54520164,(2025 DJ1),25.31,0.0230438467,0.0515276076,False,2025-02-27,6.4510634001,4955628.079801786,2026-04-15 20:53:27.865282,0.037285727149999996,2026-04-15 15:56:41
54520177,(2025 DX1),25.58,0.0203495578,0.0455029946,False,2025-02-27,13.6480034295,11397647.521069733,2026-04-15 20:53:27.865285,0.0329262762,2026-04-15 15:56:41
54520919,(2025 DF9),26.95,0.0108281678,0.0242125192,False,2025-02-27,4.5464351427,4682324.574583729,2026-04-15 20:53:27.865288,0.0175203435,2026-04-15 15:56:41
54520308,(2025 DL2),25.37,0.0224158379,0.0501233372,False,2025-02-27,7.7470143237,12875879.006877597,2026-04-15 20:53:27.865291,0.036269587549999996,2026-04-15 15:56:41
54520328,(2025 DK3),27.1,0.0101054342,0.0225964377,False,2025-02-27,15.6476792565,1069332.979854565,2026-04-15 20:53:27.865293,0.01635093595,2026-04-15 15:56:41
54522525,(2025 EX),23.39,0.0557898221,0.1247498347,False,2025-02-27,10.1064588111,7120215.505716657,2026-04-15 20:53:27.865296,0.0902698284,2026-04-15 15:56:41
3447919,(2009 DE1),24.55,0.0327005439,0.0731206391,False,2025-02-26,18.2947751197,2508262.038457094,2026-04-15 20:53:27.865300,0.05291059149999999,2026-04-15 15:56:41
3607626,(2012 PK24),23.64,0.0497227313,0.1111834072,False,2025-02-26,22.1029974323,53345755.917144485,2026-04-15 20:53:27.865302,0.08045306925000001,2026-04-15 15:56:41
3673598,(2014 LZ20),24.46,0.0340843469,0.0762149166,False,2025-02-26,9.6513980248,62559063.01978583,2026-04-15 20:53:27.865305,0.05514963175,2026-04-15 15:56:41
3693267,(2014 TC36),25.0,0.02658,0.0594346868,False,2025-02-26,14.5809732707,61269520.135237455,2026-04-15 20:53:27.865308,0.043007343399999995,2026-04-15 15:56:41
3733138,(2015 VK1),26.6,0.0127219879,0.0284472297,False,2025-02-26,21.6570577293,43424729.90960568,2026-04-15 20:53:27.865311,0.0205846088,2026-04-15 15:56:41
3758248,(2016 QG44),22.43,0.0868070458,0.1941064553,False,2025-02-26,15.4936598204,29690660.85026449,2026-04-15 20:53:27.865314,0.14045675055,2026-04-15 15:56:41
3773595,(2017 FL127),22.8,0.0732073989,0.1636967205,False,2025-02-26,16.1975427591,9629977.053383484,2026-04-15 20:53:27.865317,0.1184520597,2026-04-15 15:56:41
54016311,(2020 FA3),23.4,0.0555334912,0.1241766613,False,2025-02-26,17.2407513181,66056453.3092661,2026-04-15 20:53:27.865320,0.08985507625,2026-04-15 15:56:41
54316897,(2022 UY),25.49,0.0212106988,0.0474285643,False,2025-02-26,9.2250676049,35060789.5022564,2026-04-15 20:53:27.865323,0.03431963155,2026-04-15 15:56:41
54426894,(2024 CX6),23.67,0.0490405098,0.1096579137,False,2025-02-26,10.4541511884,41779099.25997568,2026-04-15 20:53:27.865326,0.07934921175,2026-04-15 15:56:41
54468514,(2024 QH3),25.5,0.0211132445,0.0472106499,False,2025-02-26,3.6548261648,34566695.26365448,2026-04-15 20:53:27.865328,0.0341619472,2026-04-15 15:56:41
54519995,(2025 DL),23.43,0.0547715431,0.1224728936,False,2025-02-26,6.7041888382,19072267.915954977,2026-04-15 20:53:27.865331,0.08862221835,2026-04-15 15:56:41
54520174,(2025 DT1),28.66,0.0049266871,0.0110164072,False,2025-02-26,7.8383759054,854413.708551823,2026-04-15 20:53:27.865334,0.007971547150000001,2026-04-15 15:56:41
54521229,(2025 DO22),26.04,0.0164647438,0.0368162863,False,2025-02-26,14.1029805143,7511328.410664378,2026-04-15 20:53:27.865337,0.02664051505,2026-04-15 15:56:41
54520042,(2025 DY),26.0,0.0167708462,0.0375007522,False,2025-02-26,12.8083786704,3638561.535859979,2026-04-15 20:53:27.865340,0.0271357992,2026-04-15 15:56:41
54520788,(2025 DN6),30.17,0.0024578477,0.0054959146,False,2025-02-26,5.9986719686,298312.125221058,2026-04-15 20:53:27.865343,0.00397688115,2026-04-15 15:56:41
54521729,(2025 DB30),29.14,0.0039496169,0.008831612,False,2025-02-26,9.1366032314,385538.648954929,2026-04-15 20:53:27.865346,0.00639061445,2026-04-15 15:56:41
54522096,(2025 EE),25.99,0.0168482569,0.0376738478,False,2025-02-26,16.9352581414,2716476.108829631,2026-04-15 20:53:27.865349,0.027261052350000002,2026-04-15 15:56:41
54543547,(2025 RB),26.57,0.0128989683,0.02884297,False,2025-02-26,16.9719035804,24273548.458995078,2026-04-15 20:53:27.865352,0.02087096915,2026-04-15 15:56:41
2523950,523950 (1998 SZ27),20.17,0.2457847746,0.5495914639,True,2025-03-01,23.2810457639,69970734.14650762,2026-04-15 20:53:27.865354,0.39768811925,2026-04-15 15:56:41
3576729,(2011 OB57),26.0,0.0167708462,0.0375007522,False,2025-03-01,9.2899468185,41207184.50859549,2026-04-15 20:53:27.865357,0.0271357992,2026-04-15 15:56:41
3685814,(2014 RF11),23.8,0.046190746,0.1032856481,False,2025-03-01,7.1053348142,60273612.796896085,2026-04-15 20:53:27.865360,0.07473819705,2026-04-15 15:56:41
3757410,(2016 PA40),24.49,0.0336166921,0.0751692087,False,2025-03-01,8.1415048656,22121481.178016245,2026-04-15 20:53:27.865363,0.0543929504,2026-04-15 15:56:41
54236423,(2022 AQ3),26.5,0.0133215567,0.0297879063,False,2025-03-01,5.5141393963,58022295.72161276,2026-04-15 20:53:27.865366,0.0215547315,2026-04-15 15:56:41
54322905,(2022 UE28),21.32,0.1447288051,0.3236234466,True,2025-03-01,11.0809651348,33198695.761224825,2026-04-15 20:53:27.865369,0.23417612584999997,2026-04-15 15:56:41
54340101,(2023 BA4),24.78,0.0294140602,0.0657718381,False,2025-03-01,13.4086956584,24763928.137605533,2026-04-15 20:53:27.865371,0.047592949149999994,2026-04-15 15:56:41
54426893,(2024 CW6),27.59,0.0080640828,0.0180318372,False,2025-03-01,18.249145105,73579831.85827854,2026-04-15 20:53:27.865374,0.01304796,2026-04-15 15:56:41
54458197,(2024 MS2),25.93,0.0173202827,0.0387293295,False,2025-03-01,11.6510868762,55651515.20279033,2026-04-15 20:53:27.865377,0.0280248061,2026-04-15 15:56:41
54520711,(2025 DV5),25.43,0.021804944,0.0487573371,False,2025-03-01,23.5137728288,6203781.646858317,2026-04-15 20:53:27.865380,0.03528114055,2026-04-15 15:56:41
54520794,(2025 DV6),23.9,0.04411182,0.0986370281,False,2025-03-01,12.7758398859,17464582.751090683,2026-04-15 20:53:27.865382,0.07137442405,2026-04-15 15:56:41
54520795,(2025 DX6),24.26,0.0373727432,0.0835679943,False,2025-03-01,20.8402044616,9723769.24811421,2026-04-15 20:53:27.865385,0.06047036875,2026-04-15 15:56:41
54520819,(2025 DY7),25.06,0.0258556212,0.0578149266,False,2025-03-01,6.6905133477,20209070.0438123,2026-04-15 20:53:27.865388,0.0418352739,2026-04-15 15:56:41
54520323,(2025 DD3),23.4,0.0555334912,0.1241766613,False,2025-03-01,12.7994670189,21350746.42930911,2026-04-15 20:53:27.865391,0.08985507625,2026-04-15 15:56:41
54521225,(2025 DJ22),26.95,0.0108281678,0.0242125192,False,2025-03-01,13.1039566571,558382.412295933,2026-04-15 20:53:27.865394,0.0175203435,2026-04-15 15:56:41
54521731,(2025 EC),24.55,0.0327005439,0.0731206391,False,2025-03-01,9.7326874861,16711897.89794606,2026-04-15 20:53:27.865396,0.05291059149999999,2026-04-15 15:56:41
54522099,(2025 EG),24.48,0.0337718597,0.0755161741,False,2025-03-01,12.4605518082,3596297.744019059,2026-04-15 20:53:27.865399,0.054644016899999995,2026-04-15 15:56:41
54521608,(2025 DS24),26.23,0.0150853356,0.0337318359,False,2025-03-01,32.144972255,3309823.058894509,2026-04-15 20:53:27.865402,0.02440858575,2026-04-15 15:56:41
54521716,(2025 DH27),25.69,0.0193443872,0.0432553648,False,2025-03-01,11.2849407139,6852969.278094048,2026-04-15 20:53:27.865405,0.031299876000000004,2026-04-15 15:56:41
54522546,(2025 ER1),25.04,0.0260948603,0.0583498816,False,2025-03-01,8.2599736266,7448954.850349773,2026-04-15 20:53:27.865407,0.042222370950000004,2026-04-15 15:56:41
54522526,(2025 EZ),26.8,0.0116025908,0.0259441818,False,2025-03-01,7.1369697923,3297529.240575992,2026-04-15 20:53:27.865410,0.0187733863,2026-04-15 15:56:41
54525465,(2025 FT16),23.21,0.0606114923,0.1355314169,False,2025-03-01,14.1133115498,12958745.306213088,2026-04-15 20:53:27.865413,0.0980714546,2026-04-15 15:56:41
54605713,(2026 EJ),26.5,0.0133215567,0.0297879063,False,2025-03-01,9.8152075392,7536722.664056665,2026-04-15 20:53:27.865415,0.0215547315,2026-04-15 15:56:41
3404530,(2008 EP),24.31,0.0365220357,0.0816657545,False,2025-03-02,10.0777491143,9303846.875120612,2026-04-15 20:53:27.865418,0.0590938951,2026-04-15 15:56:41
3578917,(2011 SB25),21.04,0.1646474378,0.3681628631,False,2025-03-02,15.2576280799,26977432.63087085,2026-04-15 20:53:27.865421,0.26640515045,2026-04-15 15:56:41
3736205,(2015 XT128),22.1,0.1010543415,0.2259643771,False,2025-03-02,9.1227683636,20055830.841978204,2026-04-15 20:53:27.865425,0.1635093593,2026-04-15 15:56:41
3766342,(2017 AT4),26.6,0.0127219879,0.0284472297,False,2025-03-02,15.3833948602,61249402.19872008,2026-04-15 20:53:27.865427,0.0205846088,2026-04-15 15:56:41
3838913,(2019 EM1),22.29,0.0925880583,0.2070331923,False,2025-03-02,22.6963354878,35272064.07577297,2026-04-15 20:53:27.865430,0.1498106253,2026-04-15 15:56:41
3838892,(2019 ER),27.1,0.0101054342,0.0225964377,False,2025-03-02,16.812668502,54125880.46039813,2026-04-15 20:53:27.865433,0.01635093595,2026-04-15 15:56:41
3989721,(2020 CU1),24.19,0.0385971268,0.0863057993,False,2025-03-02,4.6708900901,57935308.59935025,2026-04-15 20:53:27.865436,0.06245146305,2026-04-15 15:56:41
54184278,(2021 PR6),24.01,0.0419329075,0.0937648318,False,2025-03-02,7.625051023,69391027.64990763,2026-04-15 20:53:27.865438,0.06784886965,2026-04-15 15:56:41
54353620,(2023 FW13),26.03,0.0165407416,0.0369862226,False,2025-03-02,3.5131402805,10094734.326890118,2026-04-15 20:53:27.865441,0.0267634821,2026-04-15 15:56:41
54429269,(2024 DW1),23.87,0.0447254765,0.1000092059,False,2025-03-02,25.2921960844,22354877.835754804,2026-04-15 20:53:27.865444,0.07236734119999999,2026-04-15 15:56:41
54490129,(2024 TO9),26.66,0.0123752784,0.0276719637,False,2025-03-02,4.5058994489,57355099.4090277,2026-04-15 20:53:27.865447,0.02002362105,2026-04-15 15:56:41
54518717,(2025 CV1),24.23,0.0378926498,0.0847305409,False,2025-03-02,10.320497765,6307693.494223703,2026-04-15 20:53:27.865450,0.06131159535,2026-04-15 15:56:41
54520704,(2025 DE5),28.51,0.0052790403,0.0118042929,False,2025-03-02,7.3772193077,767637.190170699,2026-04-15 20:53:27.865452,0.008541666600000001,2026-04-15 15:56:41
54520091,(2025 DA1),25.08,0.0256185754,0.0572848762,False,2025-03-02,7.5114534013,11801580.978436243,2026-04-15 20:53:27.865455,0.0414517258,2026-04-15 15:56:41
54520163,(2025 DH1),26.42,0.0138214936,0.0309057992,False,2025-03-02,4.2696996043,1535527.245621059,2026-04-15 20:53:27.865458,0.0223636464,2026-04-15 15:56:41
54521222,(2025 DB22),27.15,0.0098754064,0.02208208,False,2025-03-02,14.9739576294,1474403.440872221,2026-04-15 20:53:27.865461,0.0159787432,2026-04-15 15:56:41
54521728,(2025 DA30),24.66,0.0310852938,0.0695088301,False,2025-03-02,13.7164679984,15351821.652223727,2026-04-15 20:53:27.865463,0.05029706195,2026-04-15 15:56:41
54522920,(2025 ER2),27.68,0.0077366861,0.017299756,False,2025-03-02,10.9973105319,840362.698692499,2026-04-15 20:53:27.865466,0.01251822105,2026-04-15 15:56:41
54522868,(2025 EK2),25.56,0.02053785,0.0459240286,False,2025-03-02,8.3525457896,5829868.053903857,2026-04-15 20:53:27.865469,0.0332309393,2026-04-15 15:56:41
54523821,(2025 EM4),26.32,0.0144728805,0.0323623447,False,2025-03-02,6.3504974064,8140759.59367579,2026-04-15 20:53:27.865472,0.0234176126,2026-04-15 15:56:41
54522694,(2025 EA2),26.59,0.0127807099,0.0285785361,False,2025-03-02,11.0897504819,2090399.478535525,2026-04-15 20:53:27.865474,0.020679623,2026-04-15 15:56:41
54524530,(2025 FR6),24.98,0.0268259417,0.0599846292,False,2025-03-02,8.9927608946,13631948.018158002,2026-04-15 20:53:27.865477,0.04340528545,2026-04-15 15:56:41
2465402,465402 (2008 HW1),17.39,0.8842090927,1.9771516375,False,2025-03-03,38.7813818691,16114897.603338124,2026-04-15 20:53:27.865480,1.4306803651,2026-04-15 15:56:41
3662633,(2014 DE23),24.7,0.0305179233,0.0682401509,False,2025-03-03,12.5770663495,18380736.65249511,2026-04-15 20:53:27.865483,0.0493790371,2026-04-15 15:56:41
3785694,(2017 TN2),22.23,0.095182033,0.212833496,False,2025-03-03,21.8630826106,11148642.704202807,2026-04-15 20:53:27.865486,0.1540077645,2026-04-15 15:56:41
3838904,(2019 ED1),27.63,0.0079168967,0.0177027191,False,2025-03-03,7.933592095,8425525.631768348,2026-04-15 20:53:27.865488,0.012809807900000001,2026-04-15 15:56:41
54051262,(2020 QM2),25.0,0.02658,0.0594346868,False,2025-03-03,13.3944012338,45360286.07826667,2026-04-15 20:53:27.865491,0.043007343399999995,2026-04-15 15:56:41
54051386,(2020 QP5),18.32,0.5761757511,1.2883681464,False,2025-03-03,28.2067589909,25888491.768436663,2026-04-15 20:53:27.865494,0.93227194875,2026-04-15 15:56:41
54132044,(2021 EM5),23.69,0.0485909037,0.1086525639,False,2025-03-03,10.7287672843,15050951.567983324,2026-04-15 20:53:27.865496,0.0786217338,2026-04-15 15:56:41
54429645,(2024 EE1),26.02,0.0166170902,0.0371569432,False,2025-03-03,20.3150205118,73172388.56560569,2026-04-15 20:53:27.865499,0.026887016700000002,2026-04-15 15:56:41
54468776,(2024 RE4),24.42,0.0347180222,0.0776318577,False,2025-03-03,14.0795339309,32471404.84731696,2026-04-15 20:53:27.865502,0.05617493995,2026-04-15 15:56:41
54520716,(2025 DZ5),25.17,0.0245784775,0.0549591464,False,2025-03-03,7.8275095656,14467371.608534368,2026-04-15 20:53:27.865504,0.039768811949999996,2026-04-15 15:56:41
54521219,(2025 DH15),26.12,0.0158691979,0.0354846053,False,2025-03-03,19.6705344923,3215496.500572142,2026-04-15 20:53:27.865507,0.0256769016,2026-04-15 15:56:41
54522252,(2025 EL),29.27,0.0037201031,0.0083184034,False,2025-03-03,11.9648019821,342839.691869966,2026-04-15 20:53:27.865510,0.00601925325,2026-04-15 15:56:41
54522256,(2025 EN),27.26,0.0093876087,0.0209913311,False,2025-03-03,7.2233867815,3443376.018784677,2026-04-15 20:53:27.865513,0.015189469899999999,2026-04-15 15:56:41
54522257,(2025 EO),23.2,0.0608912622,0.1361570015,False,2025-03-03,14.8791169017,26002243.864494912,2026-04-15 20:53:27.865516,0.09852413185,2026-04-15 15:56:41
54521613,(2025 DX24),27.23,0.0095182033,0.0212833496,False,2025-03-03,16.465926134,1770800.877914936,2026-04-15 20:53:27.865519,0.01540077645,2026-04-15 15:56:41
54522692,(2025 EY1),26.59,0.0127807099,0.0285785361,False,2025-03-03,11.1996731382,787874.790024299,2026-04-15 20:53:27.865521,0.020679623,2026-04-15 15:56:41
54522864,(2025 EF2),26.79,0.0116561459,0.0260639347,False,2025-03-03,13.1083463722,2205417.800885025,2026-04-15 20:53:27.865524,0.0188600403,2026-04-15 15:56:41
54522870,(2025 EP2),27.28,0.0093015425,0.0207988814,False,2025-03-03,12.7836145639,731934.102677351,2026-04-15 20:53:27.865527,0.01505021195,2026-04-15 15:56:41
54524988,(2025 FO12),24.31,0.0365220357,0.0816657545,False,2025-03-03,4.6379551878,15457626.735432897,2026-04-15 20:53:27.865530,0.0590938951,2026-04-15 15:56:41
2886371,886371 (2020 QP5),18.34,0.57089334,1.2765563162,False,2025-03-03,28.2067590209,25888491.768436663,2026-04-15 20:53:27.865532,0.9237248281,2026-04-15 15:56:41
2513312,513312 (2007 DM41),22.06,0.102933082,0.2301653685,True,2025-03-04,21.681828484,22911213.898787007,2026-04-15 20:53:27.865535,0.16654922525,2026-04-15 15:56:41
3736412,(2015 XX169),27.4,0.0088014652,0.0196806745,False,2025-03-04,5.6737295307,31183682.479087766,2026-04-15 20:53:27.865538,0.01424106985,2026-04-15 15:56:41
3884243,(2019 UC11),24.75,0.0298232505,0.0666868155,False,2025-03-04,31.9097739848,66442206.70596342,2026-04-15 20:53:27.865540,0.048255032999999996,2026-04-15 15:56:41
54130487,(2021 EN1),24.15,0.039314701,0.0879103439,False,2025-03-04,21.7931511431,35806786.68734118,2026-04-15 20:53:27.865543,0.06361252245,2026-04-15 15:56:41
54323530,(2022 UA34),23.83,0.0455569852,0.1018685158,False,2025-03-04,7.2306370795,40390957.03266158,2026-04-15 20:53:27.865546,0.07371275050000001,2026-04-15 15:56:41
54520326,(2025 DG3),25.18,0.0244655496,0.0547066321,False,2025-03-04,8.0224968793,6288495.135813206,2026-04-15 20:53:27.865549,0.03958609085,2026-04-15 15:56:41
54520529,(2025 DT4),24.98,0.0268259417,0.0599846292,False,2025-03-04,17.9911161494,2440592.534027045,2026-04-15 20:53:27.865551,0.04340528545,2026-04-15 15:56:41
54520807,(2025 DM7),27.1,0.0101054342,0.0225964377,False,2025-03-04,7.073869356,473253.624694137,2026-04-15 20:53:27.865554,0.01635093595,2026-04-15 15:56:41
54522097,(2025 EF),23.63,0.049952241,0.1116966065,False,2025-03-04,16.3876601946,13636533.282632224,2026-04-15 20:53:27.865557,0.08082442375,2026-04-15 15:56:41
54521609,(2025 DT24),27.52,0.0083282735,0.0186225856,False,2025-03-04,8.8293990721,1605189.259041425,2026-04-15 20:53:27.865559,0.013475429550000001,2026-04-15 15:56:41
54523433,(2025 EZ3),21.9,0.1108038821,0.2477650126,False,2025-03-04,14.2634124142,2761146.167449714,2026-04-15 20:53:27.865562,0.17928444735,2026-04-15 15:56:41
54523639,(2025 DC50),28.26,0.0059231806,0.0132446345,False,2025-03-04,11.7447060616,2259709.306353306,2026-04-15 20:53:27.865565,0.00958390755,2026-04-15 15:56:41
54522696,(2025 EB2),24.38,0.0353634784,0.0790751417,False,2025-03-04,23.639014752,2098556.511834293,2026-04-15 20:53:27.865573,0.05721931005,2026-04-15 15:56:41
54522867,(2025 EJ2),26.36,0.0142087207,0.0317716653,False,2025-03-04,10.1371170679,5053311.674166101,2026-04-15 20:53:27.865576,0.022990193,2026-04-15 15:56:41
3709250,(2015 BY512),21.49,0.1338304618,0.2992540101,False,2025-03-10,17.3279837746,66336716.09243677,2026-04-15 20:53:39.779647,0.21654223595,2026-04-15 15:56:41
3785931,(2017 TA6),27.1,0.0101054342,0.0225964377,False,2025-03-10,16.5818306912,63109087.8179589,2026-04-15 20:53:39.779672,0.01635093595,2026-04-15 15:56:41
3843836,(2019 RB3),24.2,0.0384197891,0.0859092601,False,2025-03-10,17.8679370831,45217659.22965208,2026-04-15 20:53:39.779677,0.06216452459999999,2026-04-15 15:56:41
3989355,(2020 CB),27.7,0.0076657557,0.0171411509,False,2025-03-10,6.8791329628,36011593.24735043,2026-04-15 20:53:39.779682,0.012403453299999999,2026-04-15 15:56:41
54131354,(2021 EU3),27.2,0.0096506147,0.0215794305,False,2025-03-10,4.3643246233,4087872.64977167,2026-04-15 20:53:39.779687,0.0156150226,2026-04-15 15:56:41
54184284,(2021 PF7),27.81,0.0072871041,0.0162944602,False,2025-03-10,6.8057089383,31470147.260833327,2026-04-15 20:53:39.779691,0.01179078215,2026-04-15 15:56:41
54201454,(2021 SJ3),26.26,0.014878357,0.0332690178,False,2025-03-10,6.6948986969,63276467.68365581,2026-04-15 20:53:39.779696,0.024073687400000002,2026-04-15 15:56:41
54298995,(2022 QB8),25.85,0.0179702855,0.0401827799,False,2025-03-10,15.6063349126,39253540.760668546,2026-04-15 20:53:39.779700,0.029076532699999998,2026-04-15 15:56:41
54322868,(2022 US21),21.86,0.1128638801,0.2523713081,True,2025-03-10,17.404994571,44499286.51796533,2026-04-15 20:53:39.779704,0.1826175941,2026-04-15 15:56:41
54430730,(2024 EZ3),25.8,0.0183888672,0.0411187571,False,2025-03-10,19.338702416,67496348.69530989,2026-04-15 20:53:39.779708,0.02975381215,2026-04-15 15:56:41
54491553,(2024 TC15),26.9,0.0110803882,0.0247765013,False,2025-03-10,6.6609843032,53051609.239895076,2026-04-15 20:53:39.779712,0.01792844475,2026-04-15 15:56:41
54511074,(2024 YB7),23.21,0.0606114923,0.1355314169,False,2025-03-10,4.48401435,29457538.809335884,2026-04-15 20:53:39.779716,0.0980714546,2026-04-15 15:56:41
54520535,(2025 DB5),27.85,0.0071540995,0.0159970528,False,2025-03-10,2.0364405624,2268850.289722425,2026-04-15 20:53:39.779720,0.011575576150000001,2026-04-15 15:56:41
54523640,(2025 EK4),24.01,0.0419329075,0.0937648318,False,2025-03-10,10.7860473529,2577511.894785823,2026-04-15 20:53:39.779724,0.06784886965,2026-04-15 15:56:41
54522535,(2025 EH1),26.84,0.0113908197,0.0254706471,False,2025-03-10,7.9764848805,2732534.482747763,2026-04-15 20:53:39.779728,0.0184307334,2026-04-15 15:56:41
54576282,(2026 AC4),26.09,0.0160899605,0.0359782453,False,2025-03-10,5.2382109722,18729944.620972466,2026-04-15 20:53:39.779732,0.0260341029,2026-04-15 15:56:41
54017292,(2020 KR6),20.04,0.2609486033,0.5834988155,False,2025-03-11,14.6570433288,68587632.43990573,2026-04-15 20:53:39.779737,0.42222370940000004,2026-04-15 15:56:41
54142823,(2021 AD24),23.02,0.0661538275,0.1479244553,False,2025-03-11,8.1651893234,18663027.429270856,2026-04-15 20:53:39.779741,0.10703914140000001,2026-04-15 15:56:41
54248849,(2022 ED),29.05,0.0041167546,0.0092053431,False,2025-03-11,8.7597448126,18387962.842967372,2026-04-15 20:53:39.779745,0.00666104885,2026-04-15 15:56:41
54248960,(2022 EC1),25.47,0.021406959,0.0478674154,False,2025-03-11,8.2957885412,16266754.82004916,2026-04-15 20:53:39.779749,0.0346371872,2026-04-15 15:56:41
54256784,(2022 EK6),26.05,0.0163890951,0.0366471308,False,2025-03-11,19.7953128377,39579811.65068793,2026-04-15 20:53:39.779753,0.02651811295,2026-04-15 15:56:41
54470172,(2024 RJ10),24.39,0.035200998,0.0787118244,False,2025-03-11,11.0946520506,52066456.28299098,2026-04-15 20:53:39.779757,0.0569564112,2026-04-15 15:56:41
54494154,(2024 TK22),29.95,0.0027199128,0.0060819099,False,2025-03-11,7.4523563133,65236309.07685963,2026-04-15 20:53:39.779761,0.00440091135,2026-04-15 15:56:41
54520800,(2025 DB7),27.28,0.0093015425,0.0207988814,False,2025-03-11,2.5837942977,3696072.522128743,2026-04-15 20:53:39.779765,0.01505021195,2026-04-15 15:56:41
54520333,(2025 DP3),25.53,0.0208235599,0.0465628955,False,2025-03-11,7.902702197,7656040.474069326,2026-04-15 20:53:39.779769,0.0336932277,2026-04-15 15:56:41
54521706,(2025 DD25),25.39,0.0222103282,0.0496638037,False,2025-03-11,5.7067657428,10830743.939299665,2026-04-15 20:53:39.779774,0.03593706595,2026-04-15 15:56:41
54522921,(2025 EU2),23.47,0.0537718498,0.1202375114,False,2025-03-11,18.1173742601,26671275.279191468,2026-04-15 20:53:39.779778,0.0870046806,2026-04-15 15:56:41
54524644,(2025 FX7),24.04,0.0413575665,0.0924783301,False,2025-03-11,24.0548880427,6610237.189674942,2026-04-15 20:53:39.779782,0.0669179483,2026-04-15 15:56:41
2535844,535844 (2015 BY310),21.89,0.1113153296,0.2489086439,True,2025-03-05,7.8605001934,3672622.158419023,2026-04-15 20:53:39.779786,0.18011198675,2026-04-15 15:56:41
2539856,539856 (2017 EV2),20.92,0.1740022951,0.38908096,False,2025-03-05,22.0264590416,25973553.999946095,2026-04-15 20:53:39.779790,0.28154162755,2026-04-15 15:56:41
3092253,(2000 EM26),22.51,0.0836671502,0.1870854353,False,2025-03-05,28.6792622453,73425700.02091396,2026-04-15 20:53:39.779795,0.13537629275,2026-04-15 15:56:41
3475238,(2009 VZ),21.44,0.1369477737,0.3062245314,True,2025-03-05,19.2287766226,73742982.39771333,2026-04-15 20:53:39.779799,0.22158615255,2026-04-15 15:56:41
3769806,(2017 DK34),26.8,0.0116025908,0.0259441818,False,2025-03-05,18.763283939,50504755.408994496,2026-04-15 20:53:39.779803,0.0187733863,2026-04-15 15:56:41
54322246,(2022 UQ20),27.34,0.0090480497,0.0202320542,False,2025-03-05,17.5994369088,70778548.11855444,2026-04-15 20:53:39.779808,0.01464005195,2026-04-15 15:56:41
54445920,(2024 LJ1),25.7,0.0192555078,0.0430566244,False,2025-03-05,8.7634469402,48528868.88128405,2026-04-15 20:53:39.779812,0.031156066099999997,2026-04-15 15:56:41
54483151,(2024 SO3),21.99,0.1063053145,0.2377059096,False,2025-03-05,10.9107507471,23614600.569047567,2026-04-15 20:53:39.779816,0.17200561204999998,2026-04-15 15:56:41
54522528,(2025 EA1),24.87,0.0282198679,0.063101543,False,2025-03-05,10.727400615,6427843.681744831,2026-04-15 20:53:39.779820,0.04566070545,2026-04-15 15:56:41
54522871,(2025 EO2),25.61,0.0200703514,0.0448786701,False,2025-03-05,7.7317041905,11630551.059349414,2026-04-15 20:53:39.779824,0.03247451075,2026-04-15 15:56:41
3824978,(2018 KS),27.9,0.0069912523,0.0156329154,False,2025-03-06,5.8904597323,40674211.92283012,2026-04-15 20:53:39.779829,0.01131208385,2026-04-15 15:56:41
3892681,(2019 VW2),22.7,0.0766575574,0.1714115092,False,2025-03-06,21.7138682615,64107970.04458331,2026-04-15 20:53:39.779833,0.1240345333,2026-04-15 15:56:41
54055119,(2020 TQ3),26.5,0.0133215567,0.0297879063,False,2025-03-06,10.9228964988,49735460.58466548,2026-04-15 20:53:39.779837,0.0215547315,2026-04-15 15:56:41
54130498,(2021 EY1),26.68,0.0122618211,0.0274182656,False,2025-03-06,18.5639584466,18967837.02381984,2026-04-15 20:53:39.779842,0.01984004335,2026-04-15 15:56:41
54136772,(2021 GP8),22.8,0.0732073989,0.1636967205,False,2025-03-06,10.2131682409,26252471.673868664,2026-04-15 20:53:39.779846,0.1184520597,2026-04-15 15:56:41
54246382,(2022 CW4),23.36,0.0565659358,0.1264852778,False,2025-03-06,18.8452666003,49751603.85537484,2026-04-15 20:53:39.779850,0.09152560679999999,2026-04-15 15:56:41
54520313,(2025 DU2),24.25,0.0375452479,0.0839537266,False,2025-03-06,17.4035573845,542170.550963181,2026-04-15 20:53:39.779854,0.06074948725,2026-04-15 15:56:41
54520708,(2025 DJ5),25.15,0.0248058993,0.0554676771,False,2025-03-06,8.5114283577,7402399.903447051,2026-04-15 20:53:39.779858,0.0401367882,2026-04-15 15:56:41
54520337,(2025 DT3),24.81,0.0290104841,0.0648694146,False,2025-03-06,11.8392750358,6768503.927126128,2026-04-15 20:53:39.779863,0.046939949349999996,2026-04-15 15:56:41
54520334,(2025 DS3),25.16,0.0246919266,0.0552128263,False,2025-03-06,16.7794493774,6535728.68397976,2026-04-15 20:53:39.779867,0.03995237645,2026-04-15 15:56:41
54521724,(2025 DJ29),26.43,0.0137579896,0.0307638,False,2025-03-06,3.3997049508,14446896.028389173,2026-04-15 20:53:39.779871,0.0222608948,2026-04-15 15:56:41
54522523,(2025 EW),27.25,0.0094309399,0.0210882227,False,2025-03-06,3.3909259603,355095.22809355,2026-04-15 20:53:39.779875,0.015259581299999998,2026-04-15 15:56:41
54522691,(2025 EX1),30.76,0.0018730742,0.0041883212,False,2025-03-06,5.5679476963,218158.050228455,2026-04-15 20:53:39.779879,0.0030306977,2026-04-15 15:56:41
54522547,(2025 ES1),23.97,0.0427124985,0.0955080501,False,2025-03-06,10.8053743634,4394529.299301967,2026-04-15 20:53:39.779884,0.0691102743,2026-04-15 15:56:41
54522690,(2025 EW1),28.56,0.0051588747,0.0115355944,False,2025-03-06,11.7640993612,819643.28897899,2026-04-15 20:53:39.779888,0.008347234549999999,2026-04-15 15:56:41
54524050,(2025 FW),25.94,0.0172407032,0.0385513844,False,2025-03-06,9.6536550763,4584824.686403774,2026-04-15 20:53:39.779892,0.0278960438,2026-04-15 15:56:41
54524115,(2025 FE1),25.79,0.0184737464,0.0413085527,False,2025-03-06,5.6802682429,13265269.277392482,2026-04-15 20:53:39.779896,0.029891149550000003,2026-04-15 15:56:41
54524307,(2025 FM2),25.95,0.0171614894,0.0383742569,False,2025-03-06,7.6495874187,5775427.967831092,2026-04-15 20:53:39.779901,0.02776787315,2026-04-15 15:56:41
54524529,(2025 FQ6),24.97,0.0269497646,0.0602615057,False,2025-03-06,15.1134454441,29798861.803200856,2026-04-15 20:53:39.779905,0.04360563515,2026-04-15 15:56:41
3324685,(2006 DU63),22.48,0.0848310762,0.189688053,False,2025-03-07,16.709719246,17087569.654827483,2026-04-15 20:53:39.779909,0.1372595646,2026-04-15 15:56:41
3408585,(2008 GR3),24.9,0.0278326768,0.0622357573,False,2025-03-07,4.5673527948,68547729.6614883,2026-04-15 20:53:39.779913,0.04503421705,2026-04-15 15:56:41
3744319,(2016 CW247),22.44,0.0864082036,0.1932146172,False,2025-03-07,14.2458455324,19213821.90848508,2026-04-15 20:53:39.779917,0.1398114104,2026-04-15 15:56:41
3770351,(2017 EV),26.73,0.011982708,0.0267941497,False,2025-03-07,8.1641304036,1168680.611166038,2026-04-15 20:53:39.779921,0.01938842885,2026-04-15 15:56:41
3791298,(2017 XT2),25.3,0.0231502122,0.0517654482,False,2025-03-07,5.6786270434,64290973.14887389,2026-04-15 20:53:39.779925,0.0374578302,2026-04-15 15:56:41
54312818,(2022 SL49),22.86,0.0712122941,0.1592355304,False,2025-03-07,15.5763147732,54252461.87531034,2026-04-15 20:53:39.779929,0.11522391225,2026-04-15 15:56:41
54339765,(2023 BB1),23.34,0.057089334,0.1276556316,False,2025-03-07,22.0938476039,37059105.47797255,2026-04-15 20:53:39.779934,0.0923724828,2026-04-15 15:56:41
54340256,(2023 BD5),23.01,0.0664591797,0.1486072436,False,2025-03-07,8.0503825419,71892275.17887852,2026-04-15 20:53:39.779938,0.10753321164999999,2026-04-15 15:56:41
54517096,(2025 BU2),21.72,0.1203801767,0.2691782583,False,2025-03-07,8.9902993551,21603488.9339982,2026-04-15 20:53:39.779942,0.1947792175,2026-04-15 15:56:41
54520918,(2025 DL8),25.24,0.0237987955,0.0532157244,False,2025-03-07,6.661775305,5050377.775699448,2026-04-15 20:53:39.779946,0.03850725995,2026-04-15 15:56:41
54521223,(2025 DD22),25.67,0.0195233786,0.0436556017,False,2025-03-07,7.7692987059,3013007.989478115,2026-04-15 20:53:39.779950,0.031589490149999996,2026-04-15 15:56:41
54522538,(2025 EK1),24.46,0.0340843469,0.0762149166,False,2025-03-07,10.1842979111,11117295.024056423,2026-04-15 20:53:39.779955,0.05514963175,2026-04-15 15:56:41
54522693,(2025 EZ1),28.66,0.0049266871,0.0110164072,False,2025-03-07,15.3380112651,447684.461472246,2026-04-15 20:53:39.779959,0.007971547150000001,2026-04-15 15:56:41
54522866,(2025 EH2),25.26,0.0235806068,0.0527278398,False,2025-03-07,10.5420724829,13372420.561914207,2026-04-15 20:53:39.779963,0.0381542233,2026-04-15 15:56:41
2137126,137126 (1999 CF9),18.08,0.6435095206,1.4389310323,True,2025-03-08,18.6063389926,7902730.593013318,2026-04-15 20:53:39.779967,1.04122027645,2026-04-15 15:56:41
3754389,(2016 NC1),25.46,0.021505769,0.0480883614,False,2025-03-08,3.9111215347,19684139.869457692,2026-04-15 20:53:39.779971,0.034797065200000005,2026-04-15 15:56:41
3827319,(2018 RC2),23.11,0.0634680239,0.1419188158,False,2025-03-08,12.4858682671,756859.366747188,2026-04-15 20:53:39.779975,0.10269341985,2026-04-15 15:56:41
3976542,(2020 AY1),25.3,0.0231502122,0.0517654482,False,2025-03-08,4.6990868684,11359577.361439165,2026-04-15 20:53:39.779979,0.0374578302,2026-04-15 15:56:41
3989678,(2020 CR1),27.1,0.0101054342,0.0225964377,False,2025-03-08,11.2032509578,23445035.302866768,2026-04-15 20:53:39.779984,0.01635093595,2026-04-15 15:56:41
54051397,(2020 QR5),27.34,0.0090480497,0.0202320542,False,2025-03-08,17.9347400878,56391377.24458833,2026-04-15 20:53:39.779988,0.01464005195,2026-04-15 15:56:41
54075322,(2020 UV1),20.15,0.2480589932,0.5546767711,False,2025-03-08,36.7510472518,70407847.0500995,2026-04-15 20:53:39.779993,0.40136788215,2026-04-15 15:56:41
54520806,(2025 DK7),27.43,0.0086807046,0.0194106455,False,2025-03-08,6.981663819,3683102.566317187,2026-04-15 20:53:39.779997,0.014045675050000001,2026-04-15 15:56:41
54520916,(2025 DF8),27.66,0.0078082728,0.0174598287,False,2025-03-08,5.5923232615,1282734.820122749,2026-04-15 20:53:39.780002,0.01263405075,2026-04-15 15:56:41
54520179,(2025 DZ1),24.81,0.0290104841,0.0648694146,False,2025-03-08,16.8806766088,1507561.973315378,2026-04-15 20:53:39.780028,0.046939949349999996,2026-04-15 15:56:41
54522094,(2025 ED),26.34,0.0143401923,0.0320656449,False,2025-03-08,9.6600672933,4122617.562907668,2026-04-15 20:53:39.780032,0.0232029186,2026-04-15 15:56:41
54521611,(2025 DV24),28.32,0.0057617575,0.0128836815,False,2025-03-08,2.4484621233,3604475.4068641,2026-04-15 20:53:39.780036,0.0093227195,2026-04-15 15:56:41
54522869,(2025 EN2),28.61,0.0050414443,0.0112730122,False,2025-03-08,4.6842645133,1946286.360122696,2026-04-15 20:53:39.780040,0.008157228249999999,2026-04-15 15:56:41
54523149,(2025 EM3),26.4,0.0139493823,0.0311917671,False,2025-03-08,10.3220243178,6409086.517372538,2026-04-15 20:53:39.780044,0.0225705747,2026-04-15 15:56:41
54523430,(2025 EV3),26.8,0.0116025908,0.0259441818,False,2025-03-08,10.5463459098,144201.515794212,2026-04-15 20:53:39.780049,0.0187733863,2026-04-15 15:56:41
54524129,(2025 FH2),24.2,0.0384197891,0.0859092601,False,2025-03-08,8.3010248646,15315816.51167106,2026-04-15 20:53:39.780053,0.06216452459999999,2026-04-15 15:56:41
54524329,(2025 FM4),25.56,0.02053785,0.0459240286,False,2025-03-08,6.5430651693,2747026.267771255,2026-04-15 20:53:39.780057,0.0332309393,2026-04-15 15:56:41
2066008,66008 (1998 QH2),15.93,1.7320282714,3.8729329538,False,2025-03-09,34.0797637633,11613384.883284358,2026-04-15 20:53:39.780061,2.8024806126,2026-04-15 15:56:41
2351545,351545 (2005 TE15),19.81,0.2901048414,0.648694146,False,2025-03-09,16.6102602072,26530689.02032261,2026-04-15 20:53:39.780065,0.4693994937,2026-04-15 15:56:41
3338034,(2006 QE),19.66,0.3108529381,0.6950883007,False,2025-03-09,21.2936648097,44358829.70613337,2026-04-15 20:53:39.780069,0.5029706194,2026-04-15 15:56:41
3591641,(2011 YW10),24.64,0.0313729225,0.0701519874,False,2025-03-09,10.2459462472,17691053.40144292,2026-04-15 20:53:39.780074,0.05076245495,2026-04-15 15:56:41
3773839,(2017 GO5),25.6,0.0201629919,0.0450858206,False,2025-03-09,21.6404156216,62951998.17638802,2026-04-15 20:53:39.780078,0.03262440625,2026-04-15 15:56:41
3856730,(2019 SX4),24.25,0.0375452479,0.0839537266,False,2025-03-09,14.3950006365,70074531.34206544,2026-04-15 20:53:39.780082,0.06074948725,2026-04-15 15:56:41
54079054,(2020 UF6),22.46,0.0856160085,0.1914432149,False,2025-03-09,10.6158740561,50149223.02600524,2026-04-15 20:53:39.780086,0.1385296117,2026-04-15 15:56:41
54353706,(2023 GE),27.53,0.0082900085,0.0185370226,False,2025-03-09,22.3428878662,61697486.49041947,2026-04-15 20:53:39.780090,0.013413515550000001,2026-04-15 15:56:41
54407111,(2023 WG1),26.7,0.0121494041,0.0271668934,False,2025-03-09,9.8537887876,14737221.452446245,2026-04-15 20:53:39.780095,0.01965814875,2026-04-15 15:56:41
54431183,(2024 FA),22.51,0.0836671502,0.1870854353,False,2025-03-09,24.0261946721,27568591.996322934,2026-04-15 20:53:39.780099,0.13537629275,2026-04-15 15:56:41
54520520,(2025 DE4),24.89,0.0279611466,0.0625230245,False,2025-03-09,13.4695466155,7719477.824837501,2026-04-15 20:53:39.780103,0.04524208555,2026-04-15 15:56:41
54520797,(2025 DZ6),25.03,0.0262153087,0.0586192124,False,2025-03-09,9.8926844229,4999225.925608218,2026-04-15 20:53:39.780108,0.04241726055,2026-04-15 15:56:41
54520531,(2025 DX4),25.74,0.0189040552,0.0422707525,False,2025-03-09,2.3149428116,14738665.386047272,2026-04-15 20:53:39.780112,0.03058740385,2026-04-15 15:56:41
54522695,(2025 EC2),26.61,0.0126635356,0.0283165265,False,2025-03-09,4.3725777186,557071.441281762,2026-04-15 20:53:39.780117,0.02049003105,2026-04-15 15:56:41
2494658,494658 (2000 UG11),20.71,0.191670368,0.428587972,True,2025-03-12,15.6420094725,23201645.776688367,2026-04-15 20:53:53.476184,0.31012917,2026-04-15 15:56:41
3449135,(2009 EM1),23.0,0.0667659413,0.1492931834,False,2025-03-12,11.2808376479,20877692.173696324,2026-04-15 20:53:53.476228,0.10802956235,2026-04-15 15:56:41
3728859,(2015 SZ16),22.91,0.0695913044,0.1556108872,False,2025-03-12,14.1570673402,19723643.76011456,2026-04-15 20:53:53.476233,0.1126010958,2026-04-15 15:56:41
3748472,(2016 FU12),26.9,0.0110803882,0.0247765013,False,2025-03-12,14.6059872886,49976109.16370995,2026-04-15 20:53:53.476237,0.01792844475,2026-04-15 15:56:41
3838839,(2019 DQ),26.8,0.0116025908,0.0259441818,False,2025-03-12,7.951242276,18718249.149254583,2026-04-15 20:53:53.476240,0.0187733863,2026-04-15 15:56:41
54087420,(2020 VL),25.12,0.0251509837,0.0562393094,False,2025-03-12,5.4541695173,16669020.650119632,2026-04-15 20:53:53.476243,0.04069514655,2026-04-15 15:56:41
54100203,(2020 XT5),19.5,0.3346223745,0.7482383761,False,2025-03-12,16.9229957437,12936188.28114386,2026-04-15 20:53:53.476247,0.5414303753,2026-04-15 15:56:41
54111253,(2021 CQ3),18.944,0.4322698811,0.9665848387,False,2025-03-12,41.8286165052,69447542.71827644,2026-04-15 20:53:53.476250,0.6994273599,2026-04-15 15:56:41
54131587,(2021 ER4),27.12,0.010012787,0.0223892723,False,2025-03-12,14.9819448757,10690495.906255092,2026-04-15 20:53:53.476253,0.01620102965,2026-04-15 15:56:41
54290859,(2022 OQ),24.92,0.0275775053,0.0616651765,False,2025-03-12,10.0272228375,44434061.63720831,2026-04-15 20:53:53.476256,0.0446213409,2026-04-15 15:56:41
54320182,(2022 UU8),27.97,0.0067694748,0.0151370059,False,2025-03-12,3.2220973568,18242488.728012647,2026-04-15 20:53:53.476259,0.01095324035,2026-04-15 15:56:41
54521224,(2025 DC22),25.84,0.0180532326,0.0403682552,False,2025-03-12,5.8532535422,3544820.234324626,2026-04-15 20:53:53.476262,0.029210743900000002,2026-04-15 15:56:41
54520307,(2025 DK2),25.27,0.0234722638,0.0524855773,False,2025-03-12,6.5313168539,11783253.788261903,2026-04-15 20:53:53.476265,0.03797892055,2026-04-15 15:56:41
54520331,(2025 DM3),24.17,0.0389542616,0.087104377,False,2025-03-12,10.6369129169,7336530.614905221,2026-04-15 20:53:53.476268,0.0630293193,2026-04-15 15:56:41
54520714,(2025 DY5),25.5,0.0211132445,0.0472106499,False,2025-03-12,8.4560649009,3729881.895065122,2026-04-15 20:53:53.476271,0.0341619472,2026-04-15 15:56:41
54520925,(2025 DZ14),23.7,0.0483676488,0.1081533507,False,2025-03-12,8.0235143356,17320983.23208514,2026-04-15 20:53:53.476274,0.07826049975,2026-04-15 15:56:41
54521227,(2025 DL22),25.57,0.0204434871,0.0457130269,False,2025-03-12,9.919217697,2874791.959261538,2026-04-15 20:53:53.476277,0.033078257,2026-04-15 15:56:41
54520182,(2025 DB2),24.91,0.0277047973,0.06194981,False,2025-03-12,12.1900019846,9666207.398569645,2026-04-15 20:53:53.476280,0.04482730365,2026-04-15 15:56:41
54520799,(2025 DA7),24.41,0.0348782733,0.0779901901,False,2025-03-12,9.6731949586,6756956.003787431,2026-04-15 20:53:53.476283,0.0564342317,2026-04-15 15:56:41
54522258,(2025 EP),21.84,0.1139081967,0.2547064711,False,2025-03-12,13.7665744604,18232950.41270081,2026-04-15 20:53:53.476286,0.1843073339,2026-04-15 15:56:41
54522529,(2025 EB1),27.27,0.0093444765,0.0208948847,False,2025-03-12,6.4904240749,2134542.997532569,2026-04-15 20:53:53.476289,0.015119680600000001,2026-04-15 15:56:41
54524056,(2025 FB1),26.88,0.0111829138,0.0250057554,False,2025-03-12,5.8924925808,5158854.302872144,2026-04-15 20:53:53.476292,0.018094334599999998,2026-04-15 15:56:41
54525460,(2025 FL16),26.77,0.0117639989,0.0263051013,False,2025-03-12,6.8440924827,4310270.483153369,2026-04-15 20:53:53.476295,0.0190345501,2026-04-15 15:56:41
2796120,796120 (2009 EM1),23.0,0.0667659413,0.1492931834,False,2025-03-12,11.2808376499,20877692.173696324,2026-04-15 20:53:53.476298,0.10802956235,2026-04-15 15:56:41
2469219,469219 Kamo`oalewa (2016 HO3),24.31,0.0365220357,0.0816657545,False,2025-03-13,3.2376323215,25631367.66181357,2026-04-15 20:53:53.476301,0.0590938951,2026-04-15 15:56:41
3117427,(2002 EM7),24.4,0.0350392641,0.0783501764,False,2025-03-13,7.4591046663,17211967.61402811,2026-04-15 20:53:53.476304,0.05669472025,2026-04-15 15:56:41
3558374,(2011 EC7),21.3,0.1460679643,0.3266178974,False,2025-03-13,29.9491027227,35658520.68717779,2026-04-15 20:53:53.476307,0.23634293085000002,2026-04-15 15:56:41
3713989,(2015 FC35),22.15,0.0987540639,0.2208207999,False,2025-03-13,25.6796441907,69084011.87573062,2026-04-15 20:53:53.476310,0.1597874319,2026-04-15 15:56:41
3745995,(2016 EO84),22.34,0.0904804968,0.2023205415,False,2025-03-13,28.5301102756,58837339.84847541,2026-04-15 20:53:53.476327,0.14640051915000002,2026-04-15 15:56:41
3788026,(2017 UG5),26.3,0.0146067964,0.0326617897,False,2025-03-13,13.457724064,32910492.472712424,2026-04-15 20:53:53.476330,0.023634293049999998,2026-04-15 15:56:41
54190794,(2021 QN2),24.8,0.0291443905,0.0651688382,False,2025-03-13,6.0853569379,56271611.52359311,2026-04-15 20:53:53.476333,0.04715661435,2026-04-15 15:56:41
54497454,(2024 VR),24.78,0.0294140602,0.0657718381,False,2025-03-13,10.7818800094,62509312.4379831,2026-04-15 20:53:53.476335,0.047592949149999994,2026-04-15 15:56:41
54518712,(2025 CT1),25.37,0.0224158379,0.0501233372,False,2025-03-13,2.8664176909,7415287.445792024,2026-04-15 20:53:53.476338,0.036269587549999996,2026-04-15 15:56:41
54521230,(2025 DP22),23.53,0.0523064176,0.1169607054,False,2025-03-13,8.5099653357,23020697.17474544,2026-04-15 20:53:53.476342,0.08463356150000001,2026-04-15 15:56:41
54521610,(2025 DU24),26.4,0.0139493823,0.0311917671,False,2025-03-13,3.022140023,8416471.639560634,2026-04-15 20:53:53.476345,0.0225705747,2026-04-15 15:56:41
54523983,(2025 FM),24.8,0.0291443905,0.0651688382,False,2025-03-13,16.2427575239,5274328.405052173,2026-04-15 20:53:53.476348,0.04715661435,2026-04-15 15:56:41
54523488,(2025 EA4),25.75,0.0188171989,0.042076536,False,2025-03-13,3.4747454978,3348862.627682467,2026-04-15 20:53:53.476351,0.030446867449999998,2026-04-15 15:56:41
54523987,(2025 FR),25.25,0.0236894499,0.0529712204,False,2025-03-13,15.7078655554,3433857.585029761,2026-04-15 20:53:53.476354,0.03833033515,2026-04-15 15:56:41
54524327,(2025 FH4),28.29,0.0058419115,0.0130629113,False,2025-03-13,6.6760897715,730396.745206509,2026-04-15 20:53:53.476357,0.0094524114,2026-04-15 15:56:41
54524322,(2025 FY3),24.11,0.0400456158,0.0895447192,False,2025-03-13,12.1398831557,19953878.621991307,2026-04-15 20:53:53.476360,0.0647951675,2026-04-15 15:56:41
54524984,(2025 FL12),25.74,0.0189040552,0.0422707525,False,2025-03-13,11.1406299392,4006262.957584393,2026-04-15 20:53:53.476363,0.03058740385,2026-04-15 15:56:41
54526417,(2025 FD25),26.93,0.0109283596,0.0244365549,False,2025-03-13,7.8596015665,4408535.848674327,2026-04-15 20:53:53.476367,0.01768245725,2026-04-15 15:56:41
54526265,(2025 EL12),22.82,0.0725362295,0.1621959399,False,2025-03-13,11.4530818886,1218443.130878791,2026-04-15 20:53:53.476370,0.1173660847,2026-04-15 15:56:41
54526266,(2025 FU24),21.7,0.1214940408,0.2716689341,False,2025-03-13,14.8870931893,27062954.02312268,2026-04-15 20:53:53.476373,0.19658148744999998,2026-04-15 15:56:41
2483656,483656 (2005 ES70),23.77,0.0468333233,0.1047224945,False,2025-03-14,12.0535175001,8465703.760025302,2026-04-15 20:53:53.476376,0.0757779089,2026-04-15 15:56:41
3724646,(2015 OO35),24.5,0.0334622374,0.0748238376,False,2025-03-14,15.5225024255,38324285.99035653,2026-04-15 20:53:53.476379,0.0541430375,2026-04-15 15:56:41
3758927,(2016 RN1),21.01,0.1669379118,0.3732845187,True,2025-03-14,17.1559905262,29647919.78137912,2026-04-15 20:53:53.476382,0.27011121525000004,2026-04-15 15:56:41
3770320,(2017 DR109),27.6,0.0080270317,0.0179489885,False,2025-03-14,20.3141808196,65676911.26101055,2026-04-15 20:53:53.476385,0.012988010099999999,2026-04-15 15:56:41
3837683,(2019 AQ5),25.4,0.022108281,0.0494356193,False,2025-03-14,4.3449365227,54092292.86630402,2026-04-15 20:53:53.476388,0.035771950149999995,2026-04-15 15:56:41
3838894,(2019 ET),24.5,0.0334622374,0.0748238376,False,2025-03-14,15.0344278392,48110563.73606408,2026-04-15 20:53:53.476391,0.0541430375,2026-04-15 15:56:41
3878589,(2019 TF3),28.0,0.0066765941,0.0149293183,False,2025-03-14,13.5470406836,59335472.75085414,2026-04-15 20:53:53.476394,0.0108029562,2026-04-15 15:56:41
54291148,(2022 OC1),22.11,0.100590039,0.2249261651,False,2025-03-14,17.6158766376,19455122.270489346,2026-04-15 20:53:53.476396,0.16275810205,2026-04-15 15:56:41
54362907,(2022 DF26),27.2,0.0096506147,0.0215794305,False,2025-03-14,7.1572686982,12413545.592859639,2026-04-15 20:53:53.476399,0.0156150226,2026-04-15 15:56:41
54471058,(2024 RO15),25.29,0.0232570687,0.0520043867,False,2025-03-14,8.1382023603,73775922.7416631,2026-04-15 20:53:53.476402,0.037630727700000005,2026-04-15 15:56:41
54496017,(2024 UY4),26.48,0.0134448195,0.0300635304,False,2025-03-14,4.8372521323,26900700.42763705,2026-04-15 20:53:53.476405,0.02175417495,2026-04-15 15:56:41
54496838,(2024 UX10),26.51,0.0132603497,0.0296510433,False,2025-03-14,20.6843749343,70185458.40202703,2026-04-15 20:53:53.476408,0.0214556965,2026-04-15 15:56:41
54520792,(2025 DS6),27.0,0.0105816886,0.023661375,False,2025-03-14,2.726635711,7480777.32421596,2026-04-15 20:53:53.476411,0.0171215318,2026-04-15 15:56:41
54521615,(2025 DZ24),24.7,0.0305179233,0.0682401509,False,2025-03-14,7.2962081482,17999439.1929134,2026-04-15 20:53:53.476414,0.0493790371,2026-04-15 15:56:41
54521723,(2025 DK29),24.58,0.0322518756,0.0721173863,False,2025-03-14,1.6924691713,26254384.058239806,2026-04-15 20:53:53.476417,0.052184630950000005,2026-04-15 15:56:41
54522919,(2025 ES2),27.53,0.0082900085,0.0185370226,False,2025-03-14,8.8642478299,2195198.186953632,2026-04-15 20:53:53.476420,0.013413515550000001,2026-04-15 15:56:41
54524052,(2025 FY),26.5,0.0133215567,0.0297879063,False,2025-03-14,7.6655728684,12247278.97467212,2026-04-15 20:53:53.476423,0.0215547315,2026-04-15 15:56:41
54524515,(2025 FX5),25.56,0.02053785,0.0459240286,False,2025-03-14,6.2570496253,5436452.837736836,2026-04-15 20:53:53.476426,0.0332309393,2026-04-15 15:56:41
54524516,(2025 FY5),25.61,0.0200703514,0.0448786701,False,2025-03-14,3.5588142111,11709759.870280849,2026-04-15 20:53:53.476429,0.03247451075,2026-04-15 15:56:41
54524637,(2025 FP7),26.82,0.0114962176,0.0257063241,False,2025-03-14,5.7852550895,3898639.377627289,2026-04-15 20:53:53.476431,0.01860127085,2026-04-15 15:56:41
3717075,(2015 FE345),22.95,0.0683211199,0.1527706684,False,2025-03-15,8.3471359512,59106593.72439278,2026-04-15 20:53:53.476434,0.11054589415,2026-04-15 15:56:41
54016206,(2020 FO),25.9,0.0175612318,0.0392681082,False,2025-03-15,20.5819347367,5121209.509825131,2026-04-15 20:53:53.476438,0.02841467,2026-04-15 15:56:41
54087576,(2020 VN1),27.93,0.0068953287,0.0154184238,False,2025-03-15,17.3209058824,74013144.22798309,2026-04-15 20:53:53.476441,0.01115687625,2026-04-15 15:56:41
54342584,(2023 EC),25.53,0.0208235599,0.0465628955,False,2025-03-15,10.985292795,12500899.199984074,2026-04-15 20:53:53.476443,0.0336932277,2026-04-15 15:56:41
54349267,(2023 FN),24.46,0.0340843469,0.0762149166,False,2025-03-15,22.1340488113,41181691.08677518,2026-04-15 20:53:53.476446,0.05514963175,2026-04-15 15:56:41
54518883,(2025 CX1),24.56,0.0325502986,0.0727846803,False,2025-03-15,8.3788881882,7595100.884137606,2026-04-15 20:53:53.476449,0.05266748945,2026-04-15 15:56:41
54520532,(2025 DV4),25.47,0.021406959,0.0478674154,False,2025-03-15,6.9860958718,6893555.404621853,2026-04-15 20:53:53.476452,0.0346371872,2026-04-15 15:56:41
54520924,(2025 DW14),23.22,0.0603330078,0.1349087066,False,2025-03-15,20.9161600484,14794135.513294134,2026-04-15 20:53:53.476456,0.09762085720000001,2026-04-15 15:56:41
54521612,(2025 DW24),24.2,0.0384197891,0.0859092601,False,2025-03-15,9.6454628768,8690067.758212412,2026-04-15 20:53:53.476458,0.06216452459999999,2026-04-15 15:56:41
54521725,(2025 DU29),24.32,0.0363542322,0.0812905344,False,2025-03-15,15.2640888332,19923252.8413264,2026-04-15 20:53:53.476461,0.0588223833,2026-04-15 15:56:41
54521717,(2025 DO27),24.7,0.0305179233,0.0682401509,False,2025-03-15,15.2332761476,6592732.473630076,2026-04-15 20:53:53.476464,0.0493790371,2026-04-15 15:56:41
54523984,(2025 FO),23.77,0.0468333233,0.1047224945,False,2025-03-15,18.0335926038,2274435.241962922,2026-04-15 20:53:53.476467,0.0757779089,2026-04-15 15:56:41
54522865,(2025 EG2),24.59,0.0321036917,0.0717860371,False,2025-03-15,11.5865139708,7444486.436771808,2026-04-15 20:53:53.476470,0.0519448644,2026-04-15 15:56:41
54522922,(2025 EV2),22.55,0.0821400526,0.1836707413,False,2025-03-15,18.3819178513,27833845.580317143,2026-04-15 20:53:53.476474,0.13290539695,2026-04-15 15:56:41
54523490,(2025 EF4),24.61,0.0318093633,0.0711278987,False,2025-03-15,5.8532359152,458822.247290551,2026-04-15 20:53:53.476476,0.051468631,2026-04-15 15:56:41
54524118,(2025 FH1),23.29,0.0584191154,0.1306291133,False,2025-03-15,22.0343844252,7791790.24876087,2026-04-15 20:53:53.476483,0.09452411435,2026-04-15 15:56:41
54524321,(2025 FX3),23.69,0.0485909037,0.1086525639,False,2025-03-15,12.3746035938,21703474.52542629,2026-04-15 20:53:53.476486,0.0786217338,2026-04-15 15:56:41
2325102,325102 (2008 EY5),20.17,0.2457847746,0.5495914639,False,2025-03-16,30.1770124086,69739452.48849533,2026-04-15 20:53:53.476489,0.39768811925,2026-04-15 15:56:41
3632080,(2013 EG68),24.9,0.0278326768,0.0622357573,False,2025-03-16,18.6786907494,22143040.95376448,2026-04-15 20:53:53.476493,0.04503421705,2026-04-15 15:56:41
3758247,(2016 QE44),21.56,0.1295850727,0.2897610314,False,2025-03-16,18.2207601929,28319636.14978812,2026-04-15 20:53:53.476496,0.20967305204999998,2026-04-15 15:56:41
3802451,(2018 GJ2),20.8,0.1838886721,0.411187571,False,2025-03-16,12.227234219,23280684.853876505,2026-04-15 20:53:53.476499,0.29753812155,2026-04-15 15:56:41
54075550,(2020 UF2),21.72,0.1203801767,0.2691782583,True,2025-03-16,14.9425125029,27889165.990015708,2026-04-15 20:53:53.476503,0.1947792175,2026-04-15 15:56:41
54194978,(2021 RU7),23.47,0.0537718498,0.1202375114,False,2025-03-16,11.8894074986,22378852.689596742,2026-04-15 20:53:53.476506,0.0870046806,2026-04-15 15:56:41
54298762,(2022 QF7),22.05,0.1034081995,0.2312277636,False,2025-03-16,19.8013747064,74763912.85209133,2026-04-15 20:53:53.476508,0.16731798155,2026-04-15 15:56:41
54427469,(2024 DQ),24.87,0.0282198679,0.063101543,False,2025-03-16,7.777261175,30238534.236589722,2026-04-15 20:53:53.476512,0.04566070545,2026-04-15 15:56:41
54489167,(2024 TT5),24.64,0.0313729225,0.0701519874,False,2025-03-16,16.7378745713,44033322.677798,2026-04-15 20:53:53.476515,0.05076245495,2026-04-15 15:56:41
54505727,(2024 XD11),28.09,0.0064055286,0.0143231974,False,2025-03-16,1.4092439415,20046190.60563753,2026-04-15 20:53:53.476518,0.010364363,2026-04-15 15:56:41
54522530,(2025 EC1),26.32,0.0144728805,0.0323623447,False,2025-03-16,6.4956830569,3283080.420060764,2026-04-15 20:53:53.476521,0.0234176126,2026-04-15 15:56:41
54524126,(2025 FE2),25.13,0.0250354255,0.0559809132,False,2025-03-16,10.3997557702,9153082.455890138,2026-04-15 20:53:53.476524,0.04050816935,2026-04-15 15:56:41
54524131,(2025 FJ2),26.34,0.0143401923,0.0320656449,False,2025-03-16,10.8273236666,11226455.51269076,2026-04-15 20:53:53.476527,0.0232029186,2026-04-15 15:56:41
54525105,(2025 FR12),23.27,0.0589596608,0.1318378096,False,2025-03-16,20.5843282739,7945735.567501153,2026-04-15 20:53:53.476530,0.0953987352,2026-04-15 15:56:41
54606452,(2026 FF),26.0,0.0167708462,0.0375007522,False,2025-03-16,10.5906441467,5867018.994462426,2026-04-15 20:53:53.476533,0.0271357992,2026-04-15 15:56:41
54606574,(2026 FM3),29.329,0.0036203868,0.0080954311,False,2025-03-16,11.0052378955,29522442.503466014,2026-04-15 20:53:53.476536,0.00585790895,2026-04-15 15:56:41
54607429,(2026 FW12),27.187,0.0097085635,0.021709008,False,2025-03-16,6.1274040252,12628376.960453968,2026-04-15 20:53:53.476539,0.01570878575,2026-04-15 15:56:41
3553062,(2010 XA11),26.1,0.0160160338,0.0358129403,False,2025-03-17,16.2789116817,26025592.875647705,2026-04-15 20:53:53.476542,0.025914487049999997,2026-04-15 15:56:41
3714001,(2015 FN35),23.73,0.0477040198,0.1066694311,False,2025-03-17,19.8101606607,41798940.08139867,2026-04-15 20:53:53.476545,0.07718672545,2026-04-15 15:56:41
3831218,(2018 TD2),26.5,0.0133215567,0.0297879063,False,2025-03-17,20.7039822274,73826392.17115076,2026-04-15 20:53:53.476548,0.0215547315,2026-04-15 15:56:41
3976545,(2020 AB2),27.0,0.0105816886,0.023661375,False,2025-03-17,6.8972264046,48738059.70606939,2026-04-15 20:53:53.476551,0.0171215318,2026-04-15 15:56:41
54248634,(2022 DX3),25.38,0.0223128464,0.0498930414,False,2025-03-17,15.0917565033,53070093.94166674,2026-04-15 20:53:53.476554,0.0361029439,2026-04-15 15:56:41
54342587,(2023 EF),26.18,0.0154367182,0.0345175513,False,2025-03-17,4.3535741662,19128895.317364372,2026-04-15 20:53:53.476557,0.024977134749999998,2026-04-15 15:56:41
54505035,(2024 XA8),23.0,0.0667659413,0.1492931834,False,2025-03-17,8.894959588,14996846.042587029,2026-04-15 20:53:53.476560,0.10802956235,2026-04-15 15:56:41
54523982,(2025 FN),27.65,0.0078443141,0.0175404196,False,2025-03-17,13.2589619489,2199377.457768461,2026-04-15 20:53:53.476563,0.01269236685,2026-04-15 15:56:41
54524306,(2025 FL2),25.23,0.0239086457,0.0534613571,False,2025-03-17,7.6015682351,11209627.45773148,2026-04-15 20:53:53.476566,0.0386850014,2026-04-15 15:56:41
2141078,141078 (2001 XQ30),18.67,0.4904050984,1.0965791366,False,2025-03-18,6.6943559001,29107278.838717114,2026-04-15 20:53:53.476569,0.7934921175,2026-04-15 15:56:41
2303450,303450 (2005 BY2),20.51,0.2101623793,0.4699373665,True,2025-03-18,7.250232849,25586138.42131521,2026-04-15 20:53:53.476572,0.3400498729,2026-04-15 15:56:41
3557535,(2011 CK50),24.12,0.0398616229,0.0891332986,False,2025-03-18,11.9232910188,14658609.23782037,2026-04-15 20:53:53.476574,0.06449746075,2026-04-15 15:56:41
3781467,(2017 RY15),22.72,0.0759547566,0.1698399991,False,2025-03-18,11.1457592011,17133778.940891784,2026-04-15 20:53:53.476577,0.12289737785,2026-04-15 15:56:41
54055085,(2020 TL2),24.5,0.0334622374,0.0748238376,False,2025-03-18,14.8472655474,46406320.14729511,2026-04-15 20:53:53.476580,0.0541430375,2026-04-15 15:56:41
54062082,(2020 TS4),27.9,0.0069912523,0.0156329154,False,2025-03-18,6.8309498324,56647272.85350298,2026-04-15 20:53:53.476583,0.01131208385,2026-04-15 15:56:41
54105264,(2021 AA5),25.8,0.0183888672,0.0411187571,False,2025-03-18,8.3326483251,69827853.11615211,2026-04-15 20:53:53.476586,0.02975381215,2026-04-15 15:56:41
54316913,(2022 UR1),24.04,0.0413575665,0.0924783301,False,2025-03-18,17.3430024795,36971497.79382569,2026-04-15 20:53:53.476589,0.0669179483,2026-04-15 15:56:41
54340261,(2023 BJ5),28.31,0.0057883526,0.0129431498,False,2025-03-18,5.0206961815,72476693.90366499,2026-04-15 20:53:53.476592,0.0093657512,2026-04-15 15:56:41
54381339,(2023 RZ3),25.7,0.0192555078,0.0430566244,False,2025-03-18,18.7303118917,16189487.265877781,2026-04-15 20:53:53.476595,0.031156066099999997,2026-04-15 15:56:41
54430777,(2024 EH4),23.81,0.0459785188,0.1028110936,False,2025-03-18,14.2875016875,55989458.2123001,2026-04-15 20:53:53.476597,0.0743948062,2026-04-15 15:56:41
54499613,(2024 VB4),24.51,0.0333084924,0.0744800533,False,2025-03-18,13.6636996006,51532624.12282437,2026-04-15 20:53:53.476600,0.05389427285,2026-04-15 15:56:41
54521713,(2025 DU25),27.2,0.0096506147,0.0215794305,False,2025-03-18,5.3373366195,1114814.203005149,2026-04-15 20:53:53.476603,0.0156150226,2026-04-15 15:56:41
54523832,(2025 FB),24.05,0.0411675457,0.0920534307,False,2025-03-18,7.5106439776,12482498.003743446,2026-04-15 20:53:53.476606,0.0666104882,2026-04-15 15:56:41
54523942,(2025 FC),28.75,0.0047266667,0.010569148,False,2025-03-18,17.1753164081,66173.450931114,2026-04-15 20:53:53.476609,0.00764790735,2026-04-15 15:56:41
54523943,(2025 FD),23.83,0.0455569852,0.1018685158,False,2025-03-18,24.5559617613,1945412.274728073,2026-04-15 20:53:53.476612,0.07371275050000001,2026-04-15 15:56:41
54523985,(2025 FP),27.23,0.0095182033,0.0212833496,False,2025-03-18,8.9052944446,785782.603973201,2026-04-15 20:53:53.476615,0.01540077645,2026-04-15 15:56:41
54524332,(2025 FJ4),20.95,0.1716148941,0.3837425691,True,2025-03-18,22.0540687353,20194184.7116722,2026-04-15 20:53:53.476617,0.2776787316,2026-04-15 15:56:41
54524055,(2025 FA1),26.12,0.0158691979,0.0354846053,False,2025-03-18,11.4442052835,2314849.495497884,2026-04-15 20:53:53.476620,0.0256769016,2026-04-15 15:56:41
54524534,(2025 FS6),27.04,0.010388551,0.0232295062,False,2025-03-18,7.65464946,1099149.510841709,2026-04-15 20:53:53.476623,0.016809028599999998,2026-04-15 15:56:41
2462238,462238 (2008 CN1),20.66,0.1961349444,0.4385710684,True,2025-03-20,18.3555186205,49188925.87487994,2026-04-15 20:54:06.739008,0.31735300639999997,2026-04-15 15:56:41
3840738,(2019 FN2),23.7,0.0483676488,0.1081533507,False,2025-03-20,14.4129692253,55448221.33156316,2026-04-15 20:54:06.739033,0.07826049975,2026-04-15 15:56:41
54016204,(2020 FM),24.1,0.040230458,0.0899580388,False,2025-03-20,11.2133494046,44904232.423796415,2026-04-15 20:54:06.739038,0.0650942484,2026-04-15 15:56:41
54132069,(2021 FM),24.76,0.0296862251,0.0663804174,False,2025-03-20,13.7026966356,12660924.116322009,2026-04-15 20:54:06.739042,0.048033321250000004,2026-04-15 15:56:41
54157829,(2021 LR3),24.35,0.0358554334,0.0801751865,False,2025-03-20,6.0173680138,66177846.04173567,2026-04-15 20:54:06.739047,0.058015309949999996,2026-04-15 15:56:41
54520917,(2025 DD8),21.67,0.1231841913,0.2754482254,False,2025-03-20,19.1834225814,26475827.098176017,2026-04-15 20:54:06.739051,0.19931620835000002,2026-04-15 15:56:41
54522261,(2025 EU),25.72,0.0190789723,0.0426618789,False,2025-03-20,6.3726766369,10855946.198785596,2026-04-15 20:54:06.739055,0.0308704256,2026-04-15 15:56:41
54523820,(2025 FA),22.48,0.0848310762,0.189688053,False,2025-03-20,14.4595028058,8131553.206117907,2026-04-15 20:54:06.739059,0.1372595646,2026-04-15 15:56:41
54523976,(2025 FF),26.6,0.0127219879,0.0284472297,False,2025-03-20,6.2865908569,3945789.933489629,2026-04-15 20:54:06.739063,0.0205846088,2026-04-15 15:56:41
54523977,(2025 FG),27.35,0.0090064777,0.0201390963,False,2025-03-20,5.4973269063,2780183.21447699,2026-04-15 20:54:06.739067,0.014572787,2026-04-15 15:56:41
54523980,(2025 FL),26.24,0.0150160248,0.0335768522,False,2025-03-20,8.9707953336,462186.673467277,2026-04-15 20:54:06.739071,0.0242964385,2026-04-15 15:56:41
54524313,(2025 FS2),28.08,0.0064350952,0.0143893103,False,2025-03-20,13.0578992627,411301.137504221,2026-04-15 20:54:06.739075,0.01041220275,2026-04-15 15:56:41
54524521,(2025 FD6),25.53,0.0208235599,0.0465628955,False,2025-03-20,13.1884800775,21586592.946646158,2026-04-15 20:54:06.739080,0.0336932277,2026-04-15 15:56:41
54524961,(2025 FU9),26.81,0.0115492818,0.0258249791,False,2025-03-20,8.1588520702,619672.719474081,2026-04-15 20:54:06.739084,0.01868713045,2026-04-15 15:56:41
54524725,(2025 FM10),25.98,0.0169260249,0.0378477424,False,2025-03-20,15.7364499824,1808443.262436242,2026-04-15 20:54:06.739088,0.02738688365,2026-04-15 15:56:41
54524638,(2025 FR7),25.09,0.0255008688,0.0570216761,False,2025-03-20,17.2901995356,6748550.518346167,2026-04-15 20:54:06.739092,0.04126127245,2026-04-15 15:56:41
54602979,(2025 DY67),22.36,0.0896509666,0.2004656557,False,2025-03-20,8.3457168823,29525812.68916073,2026-04-15 20:54:06.739096,0.14505831115,2026-04-15 15:56:41
54606415,(2026 EP3),25.919,0.0174082445,0.038926018,False,2025-03-20,11.8298563442,25367127.364032015,2026-04-15 20:54:06.739100,0.028167131249999998,2026-04-15 15:56:41
2138258,138258 (2000 GD2),18.98,0.425162524,0.9506923052,False,2025-03-21,27.8620875196,64256255.85150469,2026-04-15 20:54:06.739105,0.6879274146000001,2026-04-15 15:56:41
3786459,(2017 UE),26.9,0.0110803882,0.0247765013,False,2025-03-21,5.6218824523,37440397.83626689,2026-04-15 20:54:06.739109,0.01792844475,2026-04-15 15:56:41
3827162,(2018 RR),27.6,0.0080270317,0.0179489885,False,2025-03-21,9.4659151018,15796534.90552054,2026-04-15 20:54:06.739113,0.012988010099999999,2026-04-15 15:56:41
54132114,(2021 FH1),25.3,0.0231502122,0.0517654482,False,2025-03-21,13.8405515093,1489340.234679602,2026-04-15 20:54:06.739117,0.0374578302,2026-04-15 15:56:41
54433731,(2024 GT3),24.48,0.0337718597,0.0755161741,False,2025-03-21,8.3440008241,43203072.76519792,2026-04-15 20:54:06.739121,0.054644016899999995,2026-04-15 15:56:41
54522524,(2025 EY),25.22,0.024019003,0.0537081235,False,2025-03-21,5.5578388749,14614057.98982864,2026-04-15 20:54:06.739125,0.038863563250000004,2026-04-15 15:56:41
54523979,(2025 FJ),27.92,0.0069271561,0.015489592,False,2025-03-21,10.9697768999,934006.07346215,2026-04-15 20:54:06.739129,0.01120837405,2026-04-15 15:56:41
54523944,(2025 FE),24.72,0.0302381333,0.0676145215,False,2025-03-21,15.0158129868,3023064.03309845,2026-04-15 20:54:06.739133,0.0489263274,2026-04-15 15:56:41
54523981,(2025 FK),25.09,0.0255008688,0.0570216761,False,2025-03-21,11.967154814,7586228.877738747,2026-04-15 20:54:06.739137,0.04126127245,2026-04-15 15:56:41
54524123,(2025 FA2),26.95,0.0108281678,0.0242125192,False,2025-03-21,9.8108693122,2145823.993391825,2026-04-15 20:54:06.739141,0.0175203435,2026-04-15 15:56:41
54524981,(2025 FU11),25.39,0.0222103282,0.0496638037,False,2025-03-21,10.1216433214,3668307.546411205,2026-04-15 20:54:06.739145,0.03593706595,2026-04-15 15:56:41
54524634,(2025 FN7),30.73,0.0018991312,0.0042465865,False,2025-03-21,8.0725215889,81966.139032126,2026-04-15 20:54:06.739149,0.00307285885,2026-04-15 15:56:41
54527454,(2025 HB3),24.08,0.0406027058,0.0907904103,False,2025-03-21,7.0219951784,11031713.553300008,2026-04-15 20:54:06.739153,0.06569655804999999,2026-04-15 15:56:41
54606517,(2026 FX1),26.758,0.0118291892,0.0264508711,False,2025-03-21,14.4673874052,27478777.758553375,2026-04-15 20:54:06.739157,0.01914003015,2026-04-15 15:56:41
3023012,(1999 RA32),21.32,0.1447288051,0.3236234466,False,2025-03-22,6.1703881071,13740417.79846676,2026-04-15 20:54:06.739162,0.23417612584999997,2026-04-15 15:56:41
54178992,(2021 PS2),20.0,0.2658,0.5943468684,True,2025-03-22,11.4864866293,10126125.345539438,2026-04-15 20:54:06.739166,0.4300734342,2026-04-15 15:56:41
2618350,618350 (2021 PS2),19.91,0.2770479727,0.6194981001,True,2025-03-22,11.4864419091,10126358.25446324,2026-04-15 20:54:06.739170,0.44827303639999994,2026-04-15 15:56:41
54431498,(2024 FE1),26.13,0.0157962856,0.0353215683,False,2025-03-22,5.017554392,20476347.68698761,2026-04-15 20:54:06.739174,0.02555892695,2026-04-15 15:56:41
54481741,(2024 SH1),26.84,0.0113908197,0.0254706471,False,2025-03-22,2.530408934,20644386.48642251,2026-04-15 20:54:06.739178,0.0184307334,2026-04-15 15:56:41
54482414,(2024 SY1),26.01,0.0166937912,0.0373284519,False,2025-03-22,12.0851867895,62576445.23013495,2026-04-15 20:54:06.739183,0.027011121549999996,2026-04-15 15:56:41
54486936,(2024 TA1),24.38,0.0353634784,0.0790751417,False,2025-03-22,13.736232396,56222786.51877186,2026-04-15 20:54:06.739187,0.05721931005,2026-04-15 15:56:41
54524054,(2025 FZ),27.53,0.0082900085,0.0185370226,False,2025-03-22,7.1549396633,1268709.855252592,2026-04-15 20:54:06.739191,0.013413515550000001,2026-04-15 15:56:41
54524124,(2025 FB2),26.54,0.0130784109,0.0292442157,False,2025-03-22,13.1589675572,3120745.622851307,2026-04-15 20:54:06.739195,0.021161313299999998,2026-04-15 15:56:41
54524628,(2025 FX6),29.4,0.0035039264,0.0078350176,False,2025-03-22,20.8381915373,161563.694988542,2026-04-15 20:54:06.739199,0.005669472,2026-04-15 15:56:41
54524646,(2025 FZ7),27.28,0.0093015425,0.0207988814,False,2025-03-22,10.2440380664,1397971.241206922,2026-04-15 20:54:06.739204,0.01505021195,2026-04-15 15:56:41
54525376,(2025 FM15),26.5,0.0133215567,0.0297879063,False,2025-03-22,2.1887818442,9920965.12120572,2026-04-15 20:54:06.739208,0.0215547315,2026-04-15 15:56:41
54525862,(2025 FZ21),22.64,0.0788052183,0.1762138252,False,2025-03-22,25.7097765967,14622493.61924071,2026-04-15 20:54:06.739212,0.12750952175,2026-04-15 15:56:41
54525644,(2025 FN18),24.87,0.0282198679,0.063101543,False,2025-03-22,12.2002118589,8169715.144041723,2026-04-15 20:54:06.739216,0.04566070545,2026-04-15 15:56:41
3092124,(1994 GL),25.5,0.0211132445,0.0472106499,False,2025-03-23,22.1706530604,52987376.3725336,2026-04-15 20:54:06.739220,0.0341619472,2026-04-15 15:56:41
3370497,(2007 EE26),26.1,0.0160160338,0.0358129403,False,2025-03-23,19.1878407474,72221520.49342753,2026-04-15 20:54:06.739224,0.025914487049999997,2026-04-15 15:56:41
3562324,(2011 GP44),24.4,0.0350392641,0.0783501764,False,2025-03-23,15.3135708394,25052654.061236564,2026-04-15 20:54:06.739228,0.05669472025,2026-04-15 15:56:41
3633049,(2013 FY7),22.51,0.0836671502,0.1870854353,False,2025-03-23,9.491480233,73098359.580923,2026-04-15 20:54:06.739232,0.13537629275,2026-04-15 15:56:41
3669221,(2014 HL123),22.53,0.0829000851,0.1853702257,False,2025-03-23,6.9241666743,27338979.4466256,2026-04-15 20:54:06.739236,0.1341351554,2026-04-15 15:56:41
3693145,(2014 TJ33),23.12,0.0631764148,0.1412667581,False,2025-03-23,18.4231377493,32662928.148695517,2026-04-15 20:54:06.739240,0.10222158645,2026-04-15 15:56:41
3841620,(2019 HM3),27.0,0.0105816886,0.023661375,False,2025-03-23,13.1045784138,39363374.81371255,2026-04-15 20:54:06.739244,0.0171215318,2026-04-15 15:56:41
54132072,(2021 FP),22.84,0.0718712133,0.1607089186,False,2025-03-23,21.9699302414,26854911.3470298,2026-04-15 20:54:06.739249,0.11629006595,2026-04-15 15:56:41
54271307,(2022 GS3),24.26,0.0373727432,0.0835679943,False,2025-03-23,12.7390348691,22884919.993724115,2026-04-15 20:54:06.739253,0.06047036875,2026-04-15 15:56:41
54292217,(2022 OC3),28.83,0.0045556985,0.0101868516,False,2025-03-23,2.985372308,16681216.377114788,2026-04-15 20:54:06.739257,0.00737127505,2026-04-15 15:56:41
54404103,(2023 VO6),28.11,0.0063468024,0.0141918816,False,2025-03-23,8.0366282789,25024387.64841857,2026-04-15 20:54:06.739260,0.010269341999999999,2026-04-15 15:56:41
54431184,(2024 FB),25.79,0.0184737464,0.0413085527,False,2025-03-23,23.1906848544,70241974.60733965,2026-04-15 20:54:06.739265,0.029891149550000003,2026-04-15 15:56:41
54519239,(2025 CT2),22.59,0.0806408277,0.1803183724,False,2025-03-23,12.2095960092,27236782.948276777,2026-04-15 20:54:06.739269,0.13047960005,2026-04-15 15:56:41
54520926,(2025 DA15),24.94,0.0273246732,0.0610998267,False,2025-03-23,7.7580068576,6482838.551518491,2026-04-15 20:54:06.739273,0.04421224995,2026-04-15 15:56:41
54523641,(2025 EL4),21.05,0.1638909515,0.3664713084,False,2025-03-23,17.7017811337,12054854.166609371,2026-04-15 20:54:06.739277,0.26518112995,2026-04-15 15:56:41
54524121,(2025 FC2),28.39,0.0055789822,0.0124749835,False,2025-03-23,13.4186739817,252897.14400731,2026-04-15 20:54:06.739281,0.00902698285,2026-04-15 15:56:41
54524125,(2025 FY1),26.8,0.0116025908,0.0259441818,False,2025-03-23,14.3229845025,675099.164142904,2026-04-15 20:54:06.739285,0.0187733863,2026-04-15 15:56:41
54524629,(2025 FY6),30.91,0.0017480545,0.0039087688,False,2025-03-23,23.4265928771,21944.257233921,2026-04-15 20:54:06.739289,0.0028284116500000003,2026-04-15 15:56:41
54524987,(2025 FP12),25.23,0.0239086457,0.0534613571,False,2025-03-23,6.2149222004,8345756.352416959,2026-04-15 20:54:06.739292,0.0386850014,2026-04-15 15:56:41
54525103,(2025 FQ12),28.89,0.0044315431,0.0099092316,False,2025-03-23,11.5977886192,490743.769906465,2026-04-15 20:54:06.739297,0.00717038735,2026-04-15 15:56:41
54525642,(2025 FL18),25.26,0.0235806068,0.0527278398,False,2025-03-23,7.8896608766,6662985.278958646,2026-04-15 20:54:06.739301,0.0381542233,2026-04-15 15:56:41
54527895,(2025 HT6),23.41,0.0552783379,0.1236061213,False,2025-03-23,6.3962046232,8746664.806213984,2026-04-15 20:54:06.739305,0.0894422296,2026-04-15 15:56:41
54548705,(2025 SP20),27.37,0.0089239058,0.01995446,False,2025-03-23,11.3333032474,18176679.443176474,2026-04-15 20:54:06.739309,0.0144391829,2026-04-15 15:56:41
3153530,(2003 HT42),24.8,0.0291443905,0.0651688382,False,2025-03-24,13.4593523451,39809222.19838141,2026-04-15 20:54:06.739313,0.04715661435,2026-04-15 15:56:41
3338369,(2006 QS23),20.1,0.2538370294,0.5675968529,False,2025-03-24,18.0005428267,31072890.46112343,2026-04-15 20:54:06.739317,0.41071694115,2026-04-15 15:56:41
3748508,(2016 FK14),20.7,0.1925550782,0.4305662442,False,2025-03-24,11.522293848,27228068.677872047,2026-04-15 20:54:06.739321,0.31156066120000003,2026-04-15 15:56:41
3781913,(2017 ST17),24.82,0.0288771931,0.0645713667,False,2025-03-24,16.9735131674,41287279.85146434,2026-04-15 20:54:06.739325,0.0467242799,2026-04-15 15:56:41
54073343,(2020 UC),27.59,0.0080640828,0.0180318372,False,2025-03-24,21.8128865534,71877560.59774724,2026-04-15 20:54:06.739329,0.01304796,2026-04-15 15:56:41
54201815,(2021 TO),24.26,0.0373727432,0.0835679943,False,2025-03-24,9.0276080751,67106818.32638976,2026-04-15 20:54:06.739333,0.06047036875,2026-04-15 15:56:41
54354973,(2023 HW2),25.49,0.0212106988,0.0474285643,False,2025-03-24,24.0269791875,69139169.29854983,2026-04-15 20:54:06.739337,0.03431963155,2026-04-15 15:56:41
54392052,(2023 SN11),23.78,0.0466181437,0.1042413384,False,2025-03-24,24.0732824596,32288129.340264905,2026-04-15 20:54:06.739341,0.07542974105,2026-04-15 15:56:41
54423318,(2024 BA5),26.02,0.0166170902,0.0371569432,False,2025-03-24,7.6239479474,37274445.98695764,2026-04-15 20:54:06.739346,0.026887016700000002,2026-04-15 15:56:41
54469029,(2024 RD7),22.81,0.0728710415,0.1629446024,False,2025-03-24,27.1442652276,52544012.61170248,2026-04-15 20:54:06.739350,0.11790782194999999,2026-04-15 15:56:41
54523988,(2025 FS),26.0,0.0167708462,0.0375007522,False,2025-03-24,13.6517379361,1168910.677730311,2026-04-15 20:54:06.739354,0.0271357992,2026-04-15 15:56:41
54522697,(2025 ED2),20.803,0.1836347959,0.4106198867,False,2025-03-24,11.5219239201,27227180.739714663,2026-04-15 20:54:06.739358,0.2971273413,2026-04-15 15:56:41
54524319,(2025 FK3),29.05,0.0041167546,0.0092053431,False,2025-03-24,20.5477563324,122133.526162014,2026-04-15 20:54:06.739362,0.00666104885,2026-04-15 15:56:41
54524311,(2025 FQ2),27.72,0.0075954757,0.0169839999,False,2025-03-24,6.8654911194,2720913.705246376,2026-04-15 20:54:06.739366,0.0122897378,2026-04-15 15:56:41
54524317,(2025 FX2),27.4,0.0088014652,0.0196806745,False,2025-03-24,25.0810012257,274009.278049143,2026-04-15 20:54:06.739370,0.01424106985,2026-04-15 15:56:41
54524630,(2025 FZ6),28.3,0.0058150704,0.0130028927,False,2025-03-24,21.1576673265,350630.92845701,2026-04-15 20:54:06.739399,0.009408981549999999,2026-04-15 15:56:41
54525363,(2025 FK14),29.66,0.0031085294,0.006950883,False,2025-03-24,8.4686835147,337101.327013784,2026-04-15 20:54:06.739411,0.0050297062,2026-04-15 15:56:41
2152754,152754 (1999 GS6),19.22,0.3806755436,0.8512163929,True,2025-03-25,11.3800144723,18287995.57727836,2026-04-15 20:54:06.739416,0.6159459682499999,2026-04-15 15:56:41
3477940,(2009 WW7),28.9,0.004411182,0.0098637028,False,2025-03-25,7.2694805545,50451719.20917297,2026-04-15 20:54:06.739420,0.0071374424,2026-04-15 15:56:41
3653322,(2013 UM9),24.57,0.0324007435,0.0724502651,False,2025-03-25,7.6944396185,66654931.750507936,2026-04-15 20:54:06.739424,0.052425504299999995,2026-04-15 15:56:41
3740897,(2016 BC14),20.98,0.1692602495,0.3784774237,True,2025-03-25,18.8126070996,66986103.10771364,2026-04-15 20:54:06.739428,0.2738688366,2026-04-15 15:56:41
3837686,(2019 AX5),26.0,0.0167708462,0.0375007522,False,2025-03-25,6.5167387906,53740640.57334937,2026-04-15 20:54:06.739432,0.0271357992,2026-04-15 15:56:41
3840867,(2019 GM4),23.59,0.0508809225,0.1137732014,False,2025-03-25,18.8603745089,53340787.35300775,2026-04-15 20:54:06.739436,0.08232706195,2026-04-15 15:56:41
3844004,(2019 SP2),24.02,0.0417402433,0.0933340215,False,2025-03-25,8.1935401524,12472641.523681693,2026-04-15 20:54:06.739440,0.0675371324,2026-04-15 15:56:41
54017226,(2020 JR3),24.0,0.0421264611,0.0941976306,False,2025-03-25,6.7631029981,57855321.311022915,2026-04-15 20:54:06.739445,0.06816204584999999,2026-04-15 15:56:41
54123429,(2021 DO1),25.31,0.0230438467,0.0515276076,False,2025-03-25,15.4502503556,47232216.9713152,2026-04-15 20:54:06.739449,0.037285727149999996,2026-04-15 15:56:41
54245818,(2022 CO3),25.71,0.0191670368,0.0428587972,False,2025-03-25,4.8718173686,56190406.28420716,2026-04-15 20:54:06.739454,0.031012917,2026-04-15 15:56:41
54256792,(2022 ER6),22.83,0.0722029558,0.1614507173,False,2025-03-25,9.9469518563,14746789.762131019,2026-04-15 20:54:06.739458,0.11682683655,2026-04-15 15:56:41
54269063,(2022 GU1),24.22,0.0380675544,0.0851216393,False,2025-03-25,23.4910407971,61434621.266339384,2026-04-15 20:54:06.739472,0.06159459685,2026-04-15 15:56:41
54357980,(2023 JL1),27.29,0.0092588058,0.0207033192,False,2025-03-25,5.5761674974,36811278.72937208,2026-04-15 20:54:06.739477,0.0149810625,2026-04-15 15:56:41
54381665,(2023 RF4),25.26,0.0235806068,0.0527278398,False,2025-03-25,12.7249844588,52796477.253307834,2026-04-15 20:54:06.739480,0.0381542233,2026-04-15 15:56:41
54416724,(2023 XX12),24.76,0.0296862251,0.0663804174,False,2025-03-25,8.3944522848,34874273.82501844,2026-04-15 20:54:06.739484,0.048033321250000004,2026-04-15 15:56:41
54523989,(2025 FT),27.16,0.009830033,0.0219806221,False,2025-03-25,8.9925963066,1951844.429625954,2026-04-15 20:54:06.739488,0.01590532755,2026-04-15 15:56:41
54524308,(2025 FN2),25.74,0.0189040552,0.0422707525,False,2025-03-25,11.7903428677,3678553.474607931,2026-04-15 20:54:06.739493,0.03058740385,2026-04-15 15:56:41
54524130,(2025 FK2),26.84,0.0113908197,0.0254706471,False,2025-03-25,3.5089277615,4533534.248845776,2026-04-15 20:54:06.739497,0.0184307334,2026-04-15 15:56:41
54524974,(2025 FP11),26.22,0.0151549664,0.033887535,False,2025-03-25,8.6246775469,5418819.377765048,2026-04-15 20:54:06.739500,0.024521250700000004,2026-04-15 15:56:41
54525373,(2025 FD15),27.65,0.0078443141,0.0175404196,False,2025-03-25,10.5224430695,3280114.088775895,2026-04-15 20:54:06.739505,0.01269236685,2026-04-15 15:56:41
54525467,(2025 FU16),24.15,0.039314701,0.0879103439,False,2025-03-25,6.0018241477,25005615.22506354,2026-04-15 20:54:06.739509,0.06361252245,2026-04-15 15:56:41
54526420,(2025 FH25),28.64,0.0049722731,0.0111183407,False,2025-03-25,9.7083442608,248077.295113141,2026-04-15 20:54:06.739513,0.0080453069,2026-04-15 15:56:41
3732114,(2015 UG51),25.8,0.0183888672,0.0411187571,False,2025-03-19,18.1233610962,52212414.04785941,2026-04-15 20:54:06.739517,0.02975381215,2026-04-15 15:56:41
3750669,(2016 GC135),23.57,0.0513517179,0.1148259319,False,2025-03-19,8.7799979565,29904812.534896255,2026-04-15 20:54:06.739522,0.0830888249,2026-04-15 15:56:41
3764835,(2016 WM8),24.2,0.0384197891,0.0859092601,False,2025-03-19,8.5119706044,72927066.57902199,2026-04-15 20:54:06.739526,0.06216452459999999,2026-04-15 15:56:41
54296739,(2022 QO2),27.66,0.0078082728,0.0174598287,False,2025-03-19,16.3409066888,9310511.430309536,2026-04-15 20:54:06.739530,0.01263405075,2026-04-15 15:56:41
54416960,(2023 XR14),28.34,0.0057089334,0.0127655632,False,2025-03-19,17.2112008625,34310532.08398954,2026-04-15 20:54:06.739534,0.0092372483,2026-04-15 15:56:41
54458504,(2024 NV1),25.16,0.0246919266,0.0552128263,False,2025-03-19,9.0847815967,73932626.0616945,2026-04-15 20:54:06.739538,0.03995237645,2026-04-15 15:56:41
54490132,(2024 TT9),24.66,0.0310852938,0.0695088301,False,2025-03-19,14.8237397756,58831928.205367304,2026-04-15 20:54:06.739542,0.05029706195,2026-04-15 15:56:41
54520803,(2025 DE7),25.21,0.0241298697,0.0539560289,False,2025-03-19,4.3224806982,18183538.71495299,2026-04-15 20:54:06.739546,0.039042949300000004,2026-04-15 15:56:41
54522521,(2025 CE13),21.41,0.138852907,0.310484539,True,2025-03-19,14.1470966724,17149718.833296873,2026-04-15 20:54:06.739550,0.22466872300000001,2026-04-15 15:56:41
54522918,(2025 EQ2),26.77,0.0117639989,0.0263051013,False,2025-03-19,6.1768988589,2008314.035202074,2026-04-15 20:54:06.739554,0.0190345501,2026-04-15 15:56:41
54523986,(2025 FQ),23.36,0.0565659358,0.1264852778,False,2025-03-19,19.2483373933,22080622.27473228,2026-04-15 20:54:06.739558,0.09152560679999999,2026-04-15 15:56:41
54524057,(2025 FC1),27.68,0.0077366861,0.017299756,False,2025-03-19,18.7567123766,640226.763702092,2026-04-15 20:54:06.739562,0.01251822105,2026-04-15 15:56:41
54524309,(2025 FO2),27.93,0.0068953287,0.0154184238,False,2025-03-19,12.7831840769,1311503.911703514,2026-04-15 20:54:06.739566,0.01115687625,2026-04-15 15:56:41
54524058,(2025 FD1),27.3,0.0092162655,0.0206081961,False,2025-03-19,23.7475456138,1013173.834738056,2026-04-15 20:54:06.739570,0.014912230799999999,2026-04-15 15:56:41
54524127,(2025 FF2),27.1,0.0101054342,0.0225964377,False,2025-03-19,20.7359580781,1350106.400394693,2026-04-15 20:54:06.739574,0.01635093595,2026-04-15 15:56:41
54524500,(2025 FQ4),22.74,0.0752583992,0.1682828966,False,2025-03-19,14.4767485978,2733331.121325087,2026-04-15 20:54:06.739577,0.1217706479,2026-04-15 15:56:41
54524507,(2025 FQ5),26.88,0.0111829138,0.0250057554,False,2025-03-19,4.8626620722,765025.031843055,2026-04-15 20:54:06.739581,0.018094334599999998,2026-04-15 15:56:41
54524647,(2025 FA8),28.11,0.0063468024,0.0141918816,False,2025-03-19,6.7518721527,5281572.502389479,2026-04-15 20:54:06.739585,0.010269341999999999,2026-04-15 15:56:41
54524972,(2025 FR10),24.23,0.0378926498,0.0847305409,False,2025-03-19,10.5191927112,19876170.44225363,2026-04-15 20:54:06.739589,0.06131159535,2026-04-15 15:56:41
54526418,(2025 FC25),27.43,0.0086807046,0.0194106455,False,2025-03-19,13.0820831281,4044259.619781433,2026-04-15 20:54:06.739593,0.014045675050000001,2026-04-15 15:56:41
3699902,(2014 UV210),26.9,0.0110803882,0.0247765013,False,2025-03-30,3.2056986735,30347482.745042272,2026-04-15 20:54:16.955593,0.01792844475,2026-04-15 15:56:41
3715466,(2015 GK),26.0,0.0167708462,0.0375007522,False,2025-03-30,16.7577704784,23312095.948559977,2026-04-15 20:54:16.955618,0.0271357992,2026-04-15 15:56:41
3742881,(2016 CK137),27.3,0.0092162655,0.0206081961,False,2025-03-30,8.950586705,70026078.44698602,2026-04-15 20:54:16.955623,0.014912230799999999,2026-04-15 15:56:41
3761354,(2016 UR5),26.7,0.0121494041,0.0271668934,False,2025-03-30,19.8076403787,70834158.20956849,2026-04-15 20:54:16.955628,0.01965814875,2026-04-15 15:56:41
3772842,(2017 FO91),25.1,0.0253837029,0.0567596853,False,2025-03-30,7.0758229437,16311206.211462663,2026-04-15 20:54:16.955632,0.0410716941,2026-04-15 15:56:41
3986764,(2020 BM1),25.6,0.0201629919,0.0450858206,False,2025-03-30,18.7144143692,59285471.323343,2026-04-15 20:54:16.955637,0.03262440625,2026-04-15 15:56:41
54055061,(2020 TR1),27.1,0.0101054342,0.0225964377,False,2025-03-30,6.5690297465,45082580.52108578,2026-04-15 20:54:16.955641,0.01635093595,2026-04-15 15:56:41
54087767,(2020 VA4),27.43,0.0086807046,0.0194106455,False,2025-03-30,5.6356464964,4443922.087879015,2026-04-15 20:54:16.955645,0.014045675050000001,2026-04-15 15:56:41
54354663,(2023 HJ1),26.44,0.0136947774,0.0306224531,False,2025-03-30,8.3762971989,16479710.170514544,2026-04-15 20:54:16.955649,0.02215861525,2026-04-15 15:56:41
54482430,(2024 SP2),28.99,0.0042320908,0.0094632427,False,2025-03-30,5.0002097951,26596673.334666684,2026-04-15 20:54:16.955654,0.00684766675,2026-04-15 15:56:41
54492951,(2024 TV20),23.51,0.0527904029,0.1180429295,False,2025-03-30,10.8375071569,63022797.552494414,2026-04-15 20:54:16.955658,0.0854166662,2026-04-15 15:56:41
54497456,(2024 UY17),30.37,0.0022415838,0.0050123337,False,2025-03-30,6.2814749453,56774129.63321451,2026-04-15 20:54:16.955662,0.00362695875,2026-04-15 15:56:41
54522534,(2025 EJ1),23.62,0.0501828101,0.1122121746,False,2025-03-30,12.4865742536,13094826.814181356,2026-04-15 20:54:16.955666,0.08119749235000001,2026-04-15 15:56:41
54524324,(2025 FA4),26.57,0.0128989683,0.02884297,False,2025-03-30,5.2424208817,10551996.283356356,2026-04-15 20:54:16.955670,0.02087096915,2026-04-15 15:56:41
54524513,(2025 FV5),24.34,0.0360209346,0.0805452583,False,2025-03-30,9.8477096568,19844643.334421974,2026-04-15 20:54:16.955674,0.05828309645,2026-04-15 15:56:41
54524642,(2025 FW7),23.4,0.0555334912,0.1241766613,False,2025-03-30,17.6617268112,8496775.312423237,2026-04-15 20:54:16.955711,0.08985507625,2026-04-15 15:56:41
54524980,(2025 FW11),25.9,0.0175612318,0.0392681082,False,2025-03-30,11.9996643285,2267317.375308322,2026-04-15 20:54:16.955717,0.02841467,2026-04-15 15:56:41
54525111,(2025 FX12),25.6,0.0201629919,0.0450858206,False,2025-03-30,2.6835085969,15324561.464598928,2026-04-15 20:54:16.955722,0.03262440625,2026-04-15 15:56:41
54525112,(2025 FR13),24.19,0.0385971268,0.0863057993,False,2025-03-30,16.3311340846,1332409.451086877,2026-04-15 20:54:16.955726,0.06245146305,2026-04-15 15:56:41
54525641,(2025 FG18),27.21,0.0096062741,0.021480282,False,2025-03-30,8.3795293553,1493490.483507651,2026-04-15 20:54:16.955730,0.01554327805,2026-04-15 15:56:41
54526131,(2025 GR),25.85,0.0179702855,0.0401827799,False,2025-03-30,15.1578979794,3268649.252094196,2026-04-15 20:54:16.955734,0.029076532699999998,2026-04-15 15:56:41
2414800,414800 (2010 SV3),20.7,0.1925550782,0.4305662442,False,2025-03-31,11.3561214687,23602490.786028728,2026-04-15 20:54:16.955738,0.31156066120000003,2026-04-15 15:56:41
3290880,(2005 SL),22.4,0.0880146521,0.1968067451,False,2025-03-31,9.5550308062,5510062.604308419,2026-04-15 20:54:16.955742,0.1424106986,2026-04-15 15:56:41
3398649,(2007 YN56),23.0,0.0667659413,0.1492931834,False,2025-03-31,9.1667362824,71833036.0679351,2026-04-15 20:54:16.955746,0.10802956235,2026-04-15 15:56:41
3667093,(2014 GT34),21.65,0.1243240006,0.2779969165,False,2025-03-31,17.0215350787,18662330.707110908,2026-04-15 20:54:16.955750,0.20116045855,2026-04-15 15:56:41
3765641,(2016 XB2),21.54,0.1307841086,0.2924421572,False,2025-03-31,17.7983266694,28009402.71990463,2026-04-15 20:54:16.955754,0.2116131329,2026-04-15 15:56:41
3773912,(2017 GL6),23.06,0.0649463841,0.1452245297,False,2025-03-31,15.6624345918,39192210.37622102,2026-04-15 20:54:16.955758,0.1050854569,2026-04-15 15:56:41
3836294,(2018 WE1),26.1,0.0160160338,0.0358129403,False,2025-03-31,8.6558448751,60249226.92290632,2026-04-15 20:54:16.955762,0.025914487049999997,2026-04-15 15:56:41
54145462,(2021 JL6),24.73,0.0300992017,0.067303861,False,2025-03-31,6.0517352544,45166227.4520265,2026-04-15 20:54:16.955766,0.04870153135000001,2026-04-15 15:56:41
54202995,(2021 TX1),27.3,0.0092162655,0.0206081961,False,2025-03-31,32.4068895599,72417374.80274047,2026-04-15 20:54:16.955770,0.014912230799999999,2026-04-15 15:56:41
54203016,(2021 TZ2),24.75,0.0298232505,0.0666868155,False,2025-03-31,8.2171314411,46373400.35809268,2026-04-15 20:54:16.955774,0.048255032999999996,2026-04-15 15:56:41
54431986,(2024 FN3),25.35,0.0226232491,0.0505871228,False,2025-03-31,10.6693082571,36445222.55510236,2026-04-15 20:54:16.955777,0.03660518595,2026-04-15 15:56:41
54524323,(2025 FZ3),26.4,0.0139493823,0.0311917671,False,2025-03-31,7.1314658535,3233044.869275474,2026-04-15 20:54:16.955781,0.0225705747,2026-04-15 15:56:41
54524636,(2025 FQ7),27.07,0.0102460147,0.0229107855,False,2025-03-31,14.6231490483,2858211.533656467,2026-04-15 20:54:16.955785,0.0165784001,2026-04-15 15:56:41
54524976,(2025 FS11),25.09,0.0255008688,0.0570216761,False,2025-03-31,12.4978148396,6929486.793424608,2026-04-15 20:54:16.955789,0.04126127245,2026-04-15 15:56:41
54525366,(2025 FT14),23.57,0.0513517179,0.1148259319,False,2025-03-31,17.7205749363,16367659.465991594,2026-04-15 20:54:16.955793,0.0830888249,2026-04-15 15:56:41
54525757,(2025 FO20),26.63,0.0125474356,0.028056919,False,2025-03-31,4.6555269548,3615796.255595924,2026-04-15 20:54:16.955797,0.0203021773,2026-04-15 15:56:41
54526715,(2025 GJ1),25.79,0.0184737464,0.0413085527,False,2025-03-31,4.5741985847,4171118.134828249,2026-04-15 20:54:16.955801,0.029891149550000003,2026-04-15 15:56:41
54527071,(2025 GO1),24.27,0.037201031,0.0831840342,False,2025-03-31,7.8122226044,2927097.328608764,2026-04-15 20:54:16.955805,0.0601925326,2026-04-15 15:56:41
54527289,(2025 HK1),23.7,0.0483676488,0.1081533507,False,2025-03-31,10.1532405836,28308275.343465216,2026-04-15 20:54:16.955809,0.07826049975,2026-04-15 15:56:41
2004034,4034 Vishnu (1986 PA),18.5,0.5303407233,1.1858779086,True,2025-04-01,11.9802250041,23450596.738322098,2026-04-15 20:54:16.955813,0.85810931595,2026-04-15 15:56:41
3666925,(2014 GJ1),24.21,0.0382432662,0.0855145429,False,2025-04-01,5.888606379,14228541.167202944,2026-04-15 20:54:16.955818,0.06187890455,2026-04-15 15:56:41
3714456,(2015 FU117),24.43,0.0345585074,0.0772751717,False,2025-04-01,6.7552161858,26632062.505989622,2026-04-15 20:54:16.955821,0.05591683955,2026-04-15 15:56:41
3746490,(2016 ED86),25.3,0.0231502122,0.0517654482,False,2025-04-01,15.9504277334,62026612.09675293,2026-04-15 20:54:16.955825,0.0374578302,2026-04-15 15:56:41
54134665,(2021 GN1),26.42,0.0138214936,0.0309057992,False,2025-04-01,13.8964665671,11080614.494000072,2026-04-15 20:54:16.955829,0.0223636464,2026-04-15 15:56:41
54266059,(2022 FR3),22.59,0.0806408277,0.1803183724,False,2025-04-01,7.4363456686,2532351.15515214,2026-04-15 20:54:16.955833,0.13047960005,2026-04-15 15:56:41
54356389,(2023 HM4),27.69,0.0077011393,0.0172202709,False,2025-04-01,7.2978590246,32074599.219823197,2026-04-15 20:54:16.955837,0.0124607051,2026-04-15 15:56:41
54419181,(2023 YH2),22.45,0.086011194,0.1923268766,False,2025-04-01,22.9168121023,73295088.155148,2026-04-15 20:54:16.955841,0.1391690353,2026-04-15 15:56:41
54433337,(2024 GM2),23.2,0.0608912622,0.1361570015,False,2025-04-01,18.2692894745,72840664.38443117,2026-04-15 20:54:16.955845,0.09852413185,2026-04-15 15:56:41
54517091,(2025 BQ2),23.46,0.0540200494,0.1207925025,False,2025-04-01,11.1247181735,24070970.42853564,2026-04-15 20:54:16.955848,0.08740627595,2026-04-15 15:56:41
54520811,(2025 DO7),22.38,0.0888290416,0.1986277755,False,2025-04-01,9.8868871857,22558102.62268561,2026-04-15 20:54:16.955852,0.14372840855,2026-04-15 15:56:41
54524520,(2025 FC6),26.05,0.0163890951,0.0366471308,False,2025-04-01,11.4092846768,4524128.447327183,2026-04-15 20:54:16.955856,0.02651811295,2026-04-15 15:56:41
54524722,(2025 FC8),26.71,0.0120935826,0.0270420729,False,2025-04-01,7.5674458629,7635976.093589399,2026-04-15 20:54:16.955860,0.01956782775,2026-04-15 15:56:41
54524632,(2025 FL7),26.21,0.0152249185,0.0340439527,False,2025-04-01,8.7352213615,4844882.317498847,2026-04-15 20:54:16.955864,0.024634435599999997,2026-04-15 15:56:41
54524633,(2025 FM7),24.79,0.0292789148,0.0654696439,False,2025-04-01,7.0452886147,13989641.940770896,2026-04-15 20:54:16.955868,0.04737427935,2026-04-15 15:56:41
54525367,(2025 FU14),23.17,0.061738344,0.1380511341,False,2025-04-01,12.2517371685,21366032.2349472,2026-04-15 20:54:16.955872,0.09989473905,2026-04-15 15:56:41
54525463,(2025 FR16),25.47,0.021406959,0.0478674154,False,2025-04-01,6.0370253311,19104822.177721843,2026-04-15 20:54:16.955876,0.0346371872,2026-04-15 15:56:41
54525859,(2025 FH21),27.39,0.0088420909,0.0197715164,False,2025-04-01,10.5839748992,1149656.48939473,2026-04-15 20:54:16.955880,0.014306803650000002,2026-04-15 15:56:41
54526126,(2025 GO),25.88,0.0177237239,0.0396314515,False,2025-04-01,8.3195806685,4008993.103752106,2026-04-15 20:54:16.955883,0.0286775877,2026-04-15 15:56:41
2811221,811221 (2022 FR3),22.58,0.0810130488,0.1811506842,False,2025-04-01,7.43634567,2532351.15515214,2026-04-15 20:54:16.955887,0.1310818665,2026-04-15 15:56:41
3692751,(2014 TN17),21.5,0.1332155667,0.2978790628,True,2025-03-26,21.4671516983,5092311.165684686,2026-04-15 20:54:16.955891,0.21554731475,2026-04-15 15:56:41
3750678,(2016 GM135),22.32,0.0913177026,0.2041925905,False,2025-03-26,24.1926916072,60229846.339330375,2026-04-15 20:54:16.955895,0.14775514655,2026-04-15 15:56:41
3843767,(2019 RK),25.26,0.0235806068,0.0527278398,False,2025-03-26,4.8474524156,37238134.06605296,2026-04-15 20:54:16.955899,0.0381542233,2026-04-15 15:56:41
54016462,(2020 GC1),25.25,0.0236894499,0.0529712204,False,2025-03-26,15.2494072554,30402116.485557754,2026-04-15 20:54:16.955903,0.03833033515,2026-04-15 15:56:41
54317182,(2022 UG2),27.11,0.0100590039,0.0224926165,False,2025-03-26,8.9280270689,34770471.887208134,2026-04-15 20:54:16.955907,0.0162758102,2026-04-15 15:56:41
54520712,(2025 DW5),24.74,0.0299609084,0.0669946278,False,2025-03-26,5.6383600605,6330024.222594982,2026-04-15 20:54:16.955911,0.0484777681,2026-04-15 15:56:41
54524510,(2025 FS5),24.17,0.0389542616,0.087104377,False,2025-03-26,21.1087076679,7374512.362194622,2026-04-15 20:54:16.955915,0.0630293193,2026-04-15 15:56:41
54524122,(2025 FD2),27.49,0.0084441313,0.0188816516,False,2025-03-26,8.9431210424,2108351.911085727,2026-04-15 20:54:16.955919,0.013662891449999999,2026-04-15 15:56:41
54524315,(2025 FT2),23.32,0.0576175751,0.1288368146,False,2025-03-26,14.4985837761,19699750.06311709,2026-04-15 20:54:16.955923,0.09322719485,2026-04-15 15:56:41
54524312,(2025 FR2),26.71,0.0120935826,0.0270420729,False,2025-03-26,10.5333403965,2715715.987092374,2026-04-15 20:54:16.955927,0.01956782775,2026-04-15 15:56:41
54524979,(2025 FX11),24.69,0.0306587876,0.0685551332,False,2025-03-26,17.3658263891,13388086.271343164,2026-04-15 20:54:16.955930,0.049606960400000004,2026-04-15 15:56:41
54524724,(2025 FH10),24.23,0.0378926498,0.0847305409,False,2025-03-26,4.24983792,19635134.240168206,2026-04-15 20:54:16.955934,0.06131159535,2026-04-15 15:56:41
54524982,(2025 FY11),28.78,0.0046618144,0.0104241338,False,2025-03-26,4.0589118405,498512.282577056,2026-04-15 20:54:16.955938,0.0075429741000000005,2026-04-15 15:56:41
54525751,(2025 FD20),25.74,0.0189040552,0.0422707525,False,2025-03-26,18.3774715164,2096840.325069653,2026-04-15 20:54:16.955942,0.03058740385,2026-04-15 15:56:41
54525636,(2025 FE18),29.35,0.0035855433,0.0080175186,False,2025-03-26,17.9082331381,361783.509504658,2026-04-15 20:54:16.955946,0.005801530950000001,2026-04-15 15:56:41
54525860,(2025 GC),27.59,0.0080640828,0.0180318372,False,2025-03-26,5.9344070683,1860168.969956792,2026-04-15 20:54:16.955950,0.01304796,2026-04-15 15:56:41
54525368,(2025 FZ14),26.23,0.0150853356,0.0337318359,False,2025-03-26,11.3914000728,1214087.947928629,2026-04-15 20:54:16.955954,0.02440858575,2026-04-15 15:56:41
54525362,(2025 FH14),23.61,0.0504144434,0.1127301225,False,2025-03-26,11.3474819907,17878504.304724973,2026-04-15 20:54:16.955959,0.08157228295,2026-04-15 15:56:41
54525458,(2025 FZ15),29.21,0.0038243266,0.0085514543,False,2025-03-26,12.6819897248,165831.647420707,2026-04-15 20:54:16.955963,0.0061878904500000005,2026-04-15 15:56:41
54542337,(2025 QP8),24.78,0.0294140602,0.0657718381,False,2025-03-26,8.106674222,26859558.111188374,2026-04-15 20:54:16.955967,0.047592949149999994,2026-04-15 15:56:41
3371138,(2007 EJ88),23.61,0.0504144434,0.1127301225,False,2025-03-27,25.8512521409,7264722.261004817,2026-04-15 20:54:16.955971,0.08157228295,2026-04-15 15:56:41
3747305,(2016 ED157),24.68,0.0308003021,0.0688715693,False,2025-03-27,2.4994935852,17445304.118463147,2026-04-15 20:54:16.955976,0.0498359357,2026-04-15 15:56:41
3841200,(2019 GN20),26.5,0.0133215567,0.0297879063,False,2025-03-27,20.9474758417,31416957.304321002,2026-04-15 20:54:16.955980,0.0215547315,2026-04-15 15:56:41
54135789,(2021 GF5),23.27,0.0589596608,0.1318378096,False,2025-03-27,13.9894451964,57326661.24289517,2026-04-15 20:54:16.955984,0.0953987352,2026-04-15 15:56:41
54224433,(2021 WN2),26.72,0.0120380177,0.0269178258,False,2025-03-27,8.7539844898,36970871.5621821,2026-04-15 20:54:16.955988,0.019477921750000002,2026-04-15 15:56:41
54265625,(2022 FK1),26.47,0.013506878,0.0302022973,False,2025-03-27,19.2767955636,53222611.78257169,2026-04-15 20:54:16.955992,0.02185458765,2026-04-15 15:56:41
54433568,(2024 GE3),26.08,0.0161642283,0.0361443134,False,2025-03-27,4.979092343,24824602.325956088,2026-04-15 20:54:16.955995,0.02615427085,2026-04-15 15:56:41
54521606,(2025 DV22),23.9,0.04411182,0.0986370281,False,2025-03-27,12.2216276012,6335912.873471366,2026-04-15 20:54:16.955999,0.07137442405,2026-04-15 15:56:41
54524326,(2025 FC4),25.79,0.0184737464,0.0413085527,False,2025-03-27,11.3886731697,4305240.628769294,2026-04-15 20:54:16.956003,0.029891149550000003,2026-04-15 15:56:41
54524631,(2025 FA7),26.32,0.0144728805,0.0323623447,False,2025-03-27,19.9965095435,1964229.397926662,2026-04-15 20:54:16.956007,0.0234176126,2026-04-15 15:56:41
54524528,(2025 FO6),27.47,0.0085222639,0.0190563613,False,2025-03-27,12.5269124358,808463.511038576,2026-04-15 20:54:16.956011,0.0137893126,2026-04-15 15:56:41
54525107,(2025 FT12),24.87,0.0282198679,0.063101543,False,2025-03-27,8.7935988062,2862482.911879855,2026-04-15 20:54:16.956015,0.04566070545,2026-04-15 15:56:41
54525645,(2025 FO18),25.7,0.0192555078,0.0430566244,False,2025-03-27,18.6747805992,3927773.218734688,2026-04-15 20:54:16.956019,0.031156066099999997,2026-04-15 15:56:41
54526426,(2025 GZ),23.55,0.0518268695,0.1158884032,False,2025-03-27,17.2070682597,9484569.6291592,2026-04-15 20:54:16.956023,0.08385763635,2026-04-15 15:56:41
2882844,882844 (2016 ED157),24.68,0.0308003021,0.0688715693,False,2025-03-27,2.4994936366,17445304.118463147,2026-04-15 20:54:16.956027,0.0498359357,2026-04-15 15:56:41
3522631,(2010 KC),24.18,0.038775283,0.0867041687,False,2025-03-28,27.6914130487,51438746.04395647,2026-04-15 20:54:16.956032,0.06273972585,2026-04-15 15:56:41
3752012,(2016 GW221),24.75,0.0298232505,0.0666868155,False,2025-03-28,7.8153483261,11283838.293584935,2026-04-15 20:54:16.956036,0.048255032999999996,2026-04-15 15:56:41
54051072,(2020 PP3),25.0,0.02658,0.0594346868,False,2025-03-28,8.8117337084,72737376.92865558,2026-04-15 20:54:16.956040,0.043007343399999995,2026-04-15 15:56:41
54055115,(2020 TL3),26.0,0.0167708462,0.0375007522,False,2025-03-28,12.8922297106,53680563.17578161,2026-04-15 20:54:16.956054,0.0271357992,2026-04-15 15:56:41
54376459,(2023 OE5),26.37,0.0141434375,0.0316256878,False,2025-03-28,3.0157544439,17917415.713017706,2026-04-15 20:54:16.956058,0.022884562650000002,2026-04-15 15:56:41
54381341,(2023 RA4),24.68,0.0308003021,0.0688715693,False,2025-03-28,13.4071266131,57028828.085174486,2026-04-15 20:54:16.956062,0.0498359357,2026-04-15 15:56:41
54413294,(2023 XW1),27.51,0.008366715,0.0187085435,False,2025-03-28,9.3718033764,25577834.3781896,2026-04-15 20:54:16.956066,0.01353762925,2026-04-15 15:56:41
54415298,(2023 XW5),28.69,0.0048590904,0.0108652564,False,2025-03-28,13.0363947842,44039481.801623344,2026-04-15 20:54:16.956070,0.0078621734,2026-04-15 15:56:41
54431582,(2024 FN1),26.1,0.0160160338,0.0358129403,False,2025-03-28,12.4239706557,34954912.103436865,2026-04-15 20:54:16.956074,0.025914487049999997,2026-04-15 15:56:41
54519691,(2025 CG4),22.55,0.0821400526,0.1836707413,False,2025-03-28,2.9379468406,26315899.255895928,2026-04-15 20:54:16.956077,0.13290539695,2026-04-15 15:56:41
54520338,(2025 DU3),22.37,0.0892390579,0.1995445996,False,2025-03-28,13.3663013958,19601011.29513652,2026-04-15 20:54:16.956081,0.14439182875,2026-04-15 15:56:41
54524721,(2025 FB8),28.48,0.0053524791,0.011968507,False,2025-03-28,5.2112842588,118661.195041657,2026-04-15 20:54:16.956085,0.008660493049999999,2026-04-15 15:56:41
54524523,(2025 FG6),28.6,0.0050647146,0.0113250461,False,2025-03-28,6.0142191797,1131873.745708469,2026-04-15 20:54:16.956089,0.00819488035,2026-04-15 15:56:41
54524527,(2025 FM6),24.4,0.0350392641,0.0783501764,False,2025-03-28,13.7931166908,6363853.507007858,2026-04-15 20:54:16.956093,0.05669472025,2026-04-15 15:56:41
54524639,(2025 FS7),26.4,0.0139493823,0.0311917671,False,2025-03-28,6.0326753362,6123854.33231706,2026-04-15 20:54:16.956098,0.0225705747,2026-04-15 15:56:41
54524645,(2025 FY7),26.64,0.0124897854,0.0279280092,False,2025-03-28,7.3128729093,399421.959601983,2026-04-15 20:54:16.956101,0.0202088973,2026-04-15 15:56:41
54524975,(2025 FQ11),24.07,0.0407901194,0.0912094798,False,2025-03-28,18.0363746739,12523977.244514938,2026-04-15 20:54:16.956105,0.0659997996,2026-04-15 15:56:41
54525109,(2025 FV12),30.16,0.0024691927,0.0055212826,False,2025-03-28,10.8706316671,101643.330304919,2026-04-15 20:54:16.956109,0.0039952376500000004,2026-04-15 15:56:41
54525635,(2025 FR17),26.33,0.0144063837,0.0322136532,False,2025-03-28,11.4557954434,1855416.784179224,2026-04-15 20:54:16.956113,0.023310018449999997,2026-04-15 15:56:41
54525647,(2025 FU18),25.3,0.0231502122,0.0517654482,False,2025-03-28,6.2252440106,23843505.057066407,2026-04-15 20:54:16.956117,0.0374578302,2026-04-15 15:56:41
54525758,(2025 FP20),25.43,0.021804944,0.0487573371,False,2025-03-28,18.174873661,3058445.739487677,2026-04-15 20:54:16.956121,0.03528114055,2026-04-15 15:56:41
54051583,(2020 QP6),20.71,0.191670368,0.428587972,False,2025-03-29,10.0308486867,18198384.80757179,2026-04-15 20:54:16.956125,0.31012917,2026-04-15 15:56:41
54137799,(2021 HA),25.58,0.0203495578,0.0455029946,False,2025-03-29,20.2372737676,70353054.00281227,2026-04-15 20:54:16.956238,0.0329262762,2026-04-15 15:56:41
54471389,(2024 RW25),25.62,0.0199781365,0.0446724713,False,2025-03-29,7.6251447718,72467203.77382708,2026-04-15 20:54:16.956249,0.032325303900000005,2026-04-15 15:56:41
54487277,(2024 TO2),26.0,0.0167708462,0.0375007522,False,2025-03-29,14.8397785008,29296720.02198122,2026-04-15 20:54:16.956253,0.0271357992,2026-04-15 15:56:41
54488499,(2024 TN5),27.97,0.0067694748,0.0151370059,False,2025-03-29,6.565821125,34337479.28295072,2026-04-15 20:54:16.956258,0.01095324035,2026-04-15 15:56:41
54521614,(2025 DY24),23.93,0.0435065831,0.0972836774,False,2025-03-29,7.746229129,24932876.985763002,2026-04-15 20:54:16.956262,0.07039513025000001,2026-04-15 15:56:41
54524120,(2025 FZ1),26.85,0.0113384836,0.0253536201,False,2025-03-29,9.4508679233,2465112.013874507,2026-04-15 20:54:16.956266,0.01834605185,2026-04-15 15:56:41
54524310,(2025 FP2),26.24,0.0150160248,0.0335768522,False,2025-03-29,6.194052301,20890506.757160097,2026-04-15 20:54:16.956270,0.0242964385,2026-04-15 15:56:41
54525865,(2025 FC22),27.3,0.0092162655,0.0206081961,False,2025-03-29,20.4692509459,400580.654944281,2026-04-15 20:54:16.956274,0.014912230799999999,2026-04-15 15:56:41
2791983,791983 (2020 QP6),20.71,0.191670368,0.428587972,False,2025-03-29,10.0308514965,18198381.336901207,2026-04-15 20:54:16.956279,0.31012917,2026-04-15 15:56:41
3394072,(2007 VZ137),21.6,0.1272198785,0.2844722965,True,2025-04-02,27.6306260962,54315588.85537762,2026-04-15 20:54:26.943627,0.2058460875,2026-04-15 15:56:41
3647019,(2013 RU5),20.49,0.2121069879,0.4742856434,False,2025-04-02,31.8465682361,58886435.04200967,2026-04-15 20:54:26.943652,0.34319631565,2026-04-15 15:56:41
3763937,(2016 WH),27.07,0.0102460147,0.0229107855,False,2025-04-02,17.7681478247,33819619.83696188,2026-04-15 20:54:26.943658,0.0165784001,2026-04-15 15:56:41
3843838,(2019 RE3),22.85,0.0715409951,0.1599705282,False,2025-04-02,17.3752934383,41398926.80629594,2026-04-15 20:54:26.943663,0.11575576165,2026-04-15 15:56:41
3879226,(2019 UJ),26.9,0.0110803882,0.0247765013,False,2025-04-02,13.5351914482,27311710.32800796,2026-04-15 20:54:26.943668,0.01792844475,2026-04-15 15:56:41
54049349,(2020 OG3),26.8,0.0116025908,0.0259441818,False,2025-04-02,7.8138330799,66524804.327524394,2026-04-15 20:54:26.943672,0.0187733863,2026-04-15 15:56:41
54135787,(2021 GD5),27.2,0.0096506147,0.0215794305,False,2025-04-02,18.5912640548,49099588.34568293,2026-04-15 20:54:26.943677,0.0156150226,2026-04-15 15:56:41
54209222,(2021 TK13),25.41,0.0220067027,0.0492084832,False,2025-04-02,4.9888320495,20594822.88699749,2026-04-15 20:54:26.943682,0.03560759295,2026-04-15 15:56:41
54218591,(2021 VC9),27.06,0.0102933082,0.0230165369,False,2025-04-02,6.7114604986,55975021.598971054,2026-04-15 20:54:26.943686,0.01665492255,2026-04-15 15:56:41
54265773,(2022 FX1),25.78,0.0185590173,0.0414992243,False,2025-04-02,10.4924175778,28027793.89308797,2026-04-15 20:54:26.943691,0.0300291208,2026-04-15 15:56:41
54349272,(2023 FT),24.87,0.0282198679,0.063101543,False,2025-04-02,9.8295567371,13746738.847026592,2026-04-15 20:54:26.943696,0.04566070545,2026-04-15 15:56:41
54495427,(2024 UU2),26.23,0.0150853356,0.0337318359,False,2025-04-02,9.6791971463,46896431.178050615,2026-04-15 20:54:26.943700,0.02440858575,2026-04-15 15:56:41
54520718,(2025 DE6),22.45,0.086011194,0.1923268766,False,2025-04-02,8.5108478519,10196752.0408245,2026-04-15 20:54:26.943705,0.1391690353,2026-04-15 15:56:41
54524531,(2025 FP6),25.7,0.0192555078,0.0430566244,False,2025-04-02,10.0737417101,7395728.481715892,2026-04-15 20:54:26.943710,0.031156066099999997,2026-04-15 15:56:41
54524643,(2025 FV7),24.2,0.0384197891,0.0859092601,False,2025-04-02,9.6551656701,11309635.443960706,2026-04-15 20:54:26.943714,0.06216452459999999,2026-04-15 15:56:41
54525643,(2025 FM18),29.27,0.0037201031,0.0083184034,False,2025-04-02,12.8142268304,277546.654323376,2026-04-15 20:54:26.943718,0.00601925325,2026-04-15 15:56:41
54525755,(2025 FN20),24.49,0.0336166921,0.0751692087,False,2025-04-02,18.9905831928,6123423.684928691,2026-04-15 20:54:26.943722,0.0543929504,2026-04-15 15:56:41
54526039,(2025 GL),29.46,0.0034084347,0.0076214917,False,2025-04-02,5.8326496904,434635.637663626,2026-04-15 20:54:26.943726,0.0055149632,2026-04-15 15:56:41
54525753,(2025 GA),28.72,0.0047924212,0.0107161795,False,2025-04-02,10.6541653466,85027.913758055,2026-04-15 20:54:26.943731,0.00775430035,2026-04-15 15:56:41
54526559,(2025 GG1),24.8,0.0291443905,0.0651688382,False,2025-04-02,9.6978616077,9968074.911648484,2026-04-15 20:54:26.943735,0.04715661435,2026-04-15 15:56:41
2474163,474163 (1999 SO5),20.81,0.1830437804,0.4092983358,True,2025-04-03,7.4737596878,10390262.0617558,2026-04-15 20:54:26.943740,0.2961710581,2026-04-15 15:56:41
3879292,(2019 UN2),25.08,0.0256185754,0.0572848762,False,2025-04-03,17.5064435688,59379197.33597604,2026-04-15 20:54:26.943744,0.0414517258,2026-04-15 15:56:41
54054530,(2020 SM2),28.71,0.004814542,0.0107656431,False,2025-04-03,6.8525211069,58938723.67135524,2026-04-15 20:54:26.943749,0.00779009255,2026-04-15 15:56:41
54496197,(2024 UD6),27.36,0.0089650967,0.0200465656,False,2025-04-03,4.163775013,34385657.321863584,2026-04-15 20:54:26.943753,0.014505831149999999,2026-04-15 15:56:41
54525756,(2025 GB),24.8,0.0291443905,0.0651688382,False,2025-04-03,8.4193430985,723468.284415116,2026-04-15 20:54:26.943757,0.04715661435,2026-04-15 15:56:41
54526037,(2025 GJ),28.44,0.0054519891,0.0121910182,False,2025-04-03,5.8981736164,1450290.209000531,2026-04-15 20:54:26.943762,0.00882150365,2026-04-15 15:56:41
54525371,(2025 FA15),25.61,0.0200703514,0.0448786701,False,2025-04-03,21.9311259525,2079577.254464198,2026-04-15 20:54:26.943766,0.03247451075,2026-04-15 15:56:41
54525370,(2025 FY14),27.19,0.0096951599,0.0216790366,False,2025-04-03,6.4561822566,549537.363433248,2026-04-15 20:54:26.943771,0.01568709825,2026-04-15 15:56:41
54525461,(2025 FO16),26.26,0.014878357,0.0332690178,False,2025-04-03,12.467115882,2091294.328114504,2026-04-15 20:54:26.943775,0.024073687400000002,2026-04-15 15:56:41
54526040,(2025 GM),24.84,0.0286124454,0.0639793729,False,2025-04-03,20.3196916224,9080652.98659328,2026-04-15 20:54:26.943779,0.046295909149999995,2026-04-15 15:56:41
54526127,(2025 GN),25.23,0.0239086457,0.0534613571,False,2025-04-03,10.5394426248,2784462.102513452,2026-04-15 20:54:26.943783,0.0386850014,2026-04-15 15:56:41
54533499,(2025 JB3),23.26,0.0592318063,0.1324463452,False,2025-04-03,10.6703426658,29091977.714257132,2026-04-15 20:54:26.943788,0.09583907575,2026-04-15 15:56:41
3177230,(2004 FC18),24.17,0.0389542616,0.087104377,False,2025-04-04,18.4545978029,7033760.802273477,2026-04-15 20:54:26.943792,0.0630293193,2026-04-15 15:56:41
3667048,(2014 GQ17),27.1,0.0101054342,0.0225964377,False,2025-04-04,13.6984760297,39063153.93934859,2026-04-15 20:54:26.943798,0.01635093595,2026-04-15 15:56:41
3772997,(2017 FA102),25.49,0.0212106988,0.0474285643,False,2025-04-04,15.1551768302,4491937.813102926,2026-04-15 20:54:26.943802,0.03431963155,2026-04-15 15:56:41
3989396,(2020 CE),25.0,0.02658,0.0594346868,False,2025-04-04,13.037846748,52054702.36338529,2026-04-15 20:54:26.943807,0.043007343399999995,2026-04-15 15:56:41
54016353,(2020 FH4),28.4,0.0055533491,0.0124176661,False,2025-04-04,2.9971164592,4898663.499753197,2026-04-15 20:54:26.943811,0.008985507600000001,2026-04-15 15:56:41
54099598,(2020 XT2),24.75,0.0298232505,0.0666868155,False,2025-04-04,6.1824271522,5268995.480343265,2026-04-15 20:54:26.943815,0.048255032999999996,2026-04-15 15:56:41
54354397,(2023 GC2),27.29,0.0092588058,0.0207033192,False,2025-04-04,6.2512111713,6612214.888476129,2026-04-15 20:54:26.943819,0.0149810625,2026-04-15 15:56:41
54354673,(2023 HR1),26.22,0.0151549664,0.033887535,False,2025-04-04,27.4695236212,63158199.57197737,2026-04-15 20:54:26.943824,0.024521250700000004,2026-04-15 15:56:41
54392414,(2023 TH4),27.03,0.0104365024,0.0233367288,False,2025-04-04,17.0300254997,65695070.06382242,2026-04-15 20:54:26.943828,0.0168866156,2026-04-15 15:56:41
54434763,(2024 HA),31.77,0.0011763999,0.0026305101,False,2025-04-04,11.8580568043,59766102.84570937,2026-04-15 20:54:26.943833,0.001903455,2026-04-15 15:56:41
54496409,(2024 UL8),26.6,0.0127219879,0.0284472297,False,2025-04-04,14.5927637688,55925146.087987095,2026-04-15 20:54:26.943838,0.0205846088,2026-04-15 15:56:41
54524514,(2025 FW5),23.79,0.0464039528,0.1037623929,False,2025-04-04,20.3531672627,5079236.745680509,2026-04-15 20:54:26.943842,0.07508317285,2026-04-15 15:56:41
54524318,(2025 FF3),24.02,0.0417402433,0.0933340215,False,2025-04-04,7.2968405943,8892985.719911847,2026-04-15 20:54:26.943846,0.0675371324,2026-04-15 15:56:41
54524635,(2025 FO7),24.86,0.0283501249,0.0633928065,False,2025-04-04,11.2193333812,11211854.147227494,2026-04-15 20:54:26.943851,0.045871465699999996,2026-04-15 15:56:41
54524533,(2025 DM53),25.47,0.021406959,0.0478674154,False,2025-04-04,5.622715522,10030984.107136624,2026-04-15 20:54:26.943855,0.0346371872,2026-04-15 15:56:41
54526036,(2025 GH),24.65,0.031228777,0.0698296682,False,2025-04-04,20.5519111061,903944.68068139,2026-04-15 20:54:26.943859,0.0505292226,2026-04-15 15:56:41
54527658,(2025 HW4),24.96,0.0270741591,0.0605396602,False,2025-04-04,5.1422358552,20176146.73905993,2026-04-15 20:54:26.943863,0.043806909649999996,2026-04-15 15:56:41
3275978,(2005 GR33),22.14,0.0992098919,0.2218400624,False,2025-04-05,25.5043250099,60596016.52213683,2026-04-15 20:54:26.943867,0.16052497715,2026-04-15 15:56:41
3386864,(2007 SQ6),22.24,0.0947447113,0.2118556149,False,2025-04-05,6.5763444835,4192064.394751826,2026-04-15 20:54:26.943871,0.1533001631,2026-04-15 15:56:41
3601673,(2012 FT35),29.2,0.0038419789,0.008590926,False,2025-04-05,13.6714805055,44568211.17844425,2026-04-15 20:54:26.943875,0.00621645245,2026-04-15 15:56:41
3698845,(2014 WU202),26.8,0.0116025908,0.0259441818,False,2025-04-05,5.9280320287,63275606.134562686,2026-04-15 20:54:26.943880,0.0187733863,2026-04-15 15:56:41
3699442,(2014 WP362),23.2,0.0608912622,0.1361570015,False,2025-04-05,12.7150495829,59369123.29573194,2026-04-15 20:54:26.943884,0.09852413185,2026-04-15 15:56:41
3824993,(2018 KF1),25.8,0.0183888672,0.0411187571,False,2025-04-05,19.4317316142,55173852.928867295,2026-04-15 20:54:26.943888,0.02975381215,2026-04-15 15:56:41
54016506,(2020 GM2),23.6,0.0506471459,0.1132504611,False,2025-04-05,24.9649777842,50762304.95700009,2026-04-15 20:54:26.943892,0.0819488035,2026-04-15 15:56:41
54016817,(2020 HR8),26.9,0.0110803882,0.0247765013,False,2025-04-05,7.8698202898,28473593.241880767,2026-04-15 20:54:26.943896,0.01792844475,2026-04-15 15:56:41
54519245,(2025 BC10),19.38,0.3536347843,0.7907514169,True,2025-04-05,22.9232964424,3705982.64798668,2026-04-15 20:54:26.943900,0.5721931006,2026-04-15 15:56:41
54524640,(2025 FU7),26.06,0.0163137941,0.0364787526,False,2025-04-05,7.9222419548,7578164.580159592,2026-04-15 20:54:26.943904,0.02639627335,2026-04-15 15:56:41
54524985,(2025 FM12),26.93,0.0109283596,0.0244365549,False,2025-04-05,6.9913476369,4186965.695427977,2026-04-15 20:54:26.943908,0.01768245725,2026-04-15 15:56:41
54525861,(2025 GD),24.7,0.0305179233,0.0682401509,False,2025-04-05,11.6737403371,949804.446282222,2026-04-15 20:54:26.943913,0.0493790371,2026-04-15 15:56:41
54526132,(2025 GS),28.32,0.0057617575,0.0128836815,False,2025-04-05,9.9384598671,170834.888343709,2026-04-15 20:54:26.943917,0.0093227195,2026-04-15 15:56:41
54527146,(2025 HL),22.76,0.0745684261,0.1667400697,False,2025-04-05,17.0796324085,17157377.481291737,2026-04-15 20:54:26.943921,0.1206542479,2026-04-15 15:56:41
2794904,794904 (2007 SQ6),22.3,0.0921626549,0.2060819612,False,2025-04-05,6.5763459996,4192070.124350247,2026-04-15 20:54:26.943925,0.14912230804999999,2026-04-15 15:56:41
3878573,(2019 TC2),27.9,0.0069912523,0.0156329154,False,2025-04-06,24.3388479445,70498067.3413676,2026-04-15 20:54:26.943930,0.01131208385,2026-04-15 15:56:41
54196856,(2021 RO16),26.54,0.0130784109,0.0292442157,False,2025-04-06,14.911868772,37016688.34831488,2026-04-15 20:54:26.943934,0.021161313299999998,2026-04-15 15:56:41
54271303,(2022 GO3),26.85,0.0113384836,0.0253536201,False,2025-04-06,15.0772813268,24558765.11579165,2026-04-15 20:54:26.943939,0.01834605185,2026-04-15 15:56:41
54268446,(2022 GO),25.74,0.0189040552,0.0422707525,False,2025-04-06,27.166408434,70713371.51303008,2026-04-15 20:54:26.943943,0.03058740385,2026-04-15 15:56:41
54353613,(2023 FQ13),22.83,0.0722029558,0.1614507173,False,2025-04-06,16.675606865,29256449.247763377,2026-04-15 20:54:26.943947,0.11682683655,2026-04-15 15:56:41
54522923,(2025 DV40),22.75,0.0749126183,0.1675097069,False,2025-04-06,13.1084778203,6428465.545130634,2026-04-15 20:54:26.943951,0.1212111626,2026-04-15 15:56:41
54525369,(2025 FX14),25.02,0.0263363131,0.0588897864,False,2025-04-06,14.853757228,5057926.663737092,2026-04-15 20:54:26.943956,0.04261304975,2026-04-15 15:56:41
54525457,(2025 FO15),26.11,0.0159424468,0.0356483948,False,2025-04-06,14.2262999436,4316101.688447673,2026-04-15 20:54:26.943960,0.025795420799999996,2026-04-15 15:56:41
54526425,(2025 GY),28.42,0.0055024357,0.0123038203,False,2025-04-06,9.2318534647,346160.689785031,2026-04-15 20:54:26.943964,0.008903128,2026-04-15 15:56:41
54526668,(2025 GH1),25.5,0.0211132445,0.0472106499,False,2025-04-06,4.6715424285,5239957.696028193,2026-04-15 20:54:26.943968,0.0341619472,2026-04-15 15:56:41
54527288,(2025 HJ1),25.35,0.0226232491,0.0505871228,False,2025-04-06,7.7263418351,8503197.698580207,2026-04-15 20:54:26.943972,0.03660518595,2026-04-15 15:56:41
54532944,(2025 HD43),24.43,0.0345585074,0.0772751717,False,2025-04-06,11.2430515815,19101641.8915633,2026-04-15 20:54:26.943976,0.05591683955,2026-04-15 15:56:41
3152317,(2003 GQ22),21.34,0.1434019235,0.320656449,True,2025-04-07,8.8976882542,7500278.15455981,2026-04-15 20:54:26.943981,0.23202918625000002,2026-04-15 15:56:41
3728860,(2015 SC17),22.95,0.0683211199,0.1527706684,False,2025-04-07,21.372625545,59482628.27106874,2026-04-15 20:54:26.943986,0.11054589415,2026-04-15 15:56:41
3744157,(2016 CP247),23.6,0.0506471459,0.1132504611,False,2025-04-07,2.9318309626,72892005.9844607,2026-04-15 20:54:26.943990,0.0819488035,2026-04-15 15:56:41
54053823,(2020 RF2),25.5,0.0211132445,0.0472106499,False,2025-04-07,27.2543287877,58761758.77093169,2026-04-15 20:54:26.943994,0.0341619472,2026-04-15 15:56:41
54132973,(2021 FE3),24.16,0.0391340663,0.0875064325,False,2025-04-07,16.9797979954,48429455.75602509,2026-04-15 20:54:26.943998,0.0633202494,2026-04-15 15:56:41
54226400,(2021 XA1),26.98,0.0106795998,0.023880311,False,2025-04-07,16.3862889638,74734305.96755919,2026-04-15 20:54:26.944003,0.0172799554,2026-04-15 15:56:41
54524517,(2025 FZ5),22.83,0.0722029558,0.1614507173,False,2025-04-07,10.0310877118,25321654.2341262,2026-04-15 20:54:26.944007,0.11682683655,2026-04-15 15:56:41
54524973,(2025 FS10),24.87,0.0282198679,0.063101543,False,2025-04-07,5.7523837226,11756151.486229105,2026-04-15 20:54:26.944011,0.04566070545,2026-04-15 15:56:41
54525375,(2025 FF15),23.24,0.0597798714,0.1336718562,False,2025-04-07,7.3410169787,28634759.18605256,2026-04-15 20:54:26.944015,0.09672586379999999,2026-04-15 15:56:41
54525866,(2025 FF22),24.55,0.0327005439,0.0731206391,False,2025-04-07,3.2715385448,23941250.27079338,2026-04-15 20:54:26.944019,0.05291059149999999,2026-04-15 15:56:41
54526423,(2025 GW),27.09,0.0101520787,0.0227007381,False,2025-04-07,7.6026275237,890333.039766256,2026-04-15 20:54:26.944023,0.016426408400000002,2026-04-15 15:56:41
54526555,(2025 GC1),23.09,0.0640552863,0.1432319745,False,2025-04-07,21.6786466127,16490811.888286391,2026-04-15 20:54:26.944028,0.10364363039999999,2026-04-15 15:56:41
54527391,(2025 HD2),23.92,0.0437074004,0.0977327184,False,2025-04-07,14.9850639448,22348223.78233635,2026-04-15 20:54:26.944032,0.07072005940000001,2026-04-15 15:56:41
54527892,(2025 HP6),20.69,0.193443872,0.4325536477,False,2025-04-07,24.3240256065,29488390.213508327,2026-04-15 20:54:26.944036,0.31299875985,2026-04-15 15:56:41
2085953,85953 (1999 FK21),18.1,0.6376097899,1.4257388333,False,2025-04-08,18.9880533602,12078253.47256606,2026-04-15 20:54:26.944040,1.0316743116,2026-04-15 15:56:41
3278402,(2005 KA),24.7,0.0305179233,0.0682401509,False,2025-04-08,10.2958946173,30606735.330159727,2026-04-15 20:54:26.944044,0.0493790371,2026-04-15 15:56:41
3747992,(2016 FY2),25.5,0.0211132445,0.0472106499,False,2025-04-08,17.518576502,64253465.94098791,2026-04-15 20:54:26.944048,0.0341619472,2026-04-15 15:56:41
54054283,(2020 RB6),25.3,0.0231502122,0.0517654482,False,2025-04-08,32.878557264,70119118.56834489,2026-04-15 20:54:26.944053,0.0374578302,2026-04-15 15:56:41
54225505,(2021 GA168),28.86,0.004493192,0.0100470827,False,2025-04-08,26.7679945245,12069538.573850276,2026-04-15 20:54:26.944057,0.00727013735,2026-04-15 15:56:41
54310122,(2022 SY24),28.98,0.0042516252,0.0095069231,False,2025-04-08,15.0689981581,19087290.040387407,2026-04-15 20:54:26.944061,0.00687927415,2026-04-15 15:56:41
54521719,(2025 DL28),24.67,0.0309424699,0.069189466,False,2025-04-08,5.5996301285,6208894.557979816,2026-04-15 20:54:26.944066,0.05006596795,2026-04-15 15:56:41
54525365,(2025 FN14),24.86,0.0283501249,0.0633928065,False,2025-04-08,7.8944086011,5188277.256823105,2026-04-15 20:54:26.944070,0.045871465699999996,2026-04-15 15:56:41
54525638,(2025 FF18),25.84,0.0180532326,0.0403682552,False,2025-04-08,7.5140273205,3293825.690987763,2026-04-15 20:54:26.944074,0.029210743900000002,2026-04-15 15:56:41
54526264,(2025 GT),26.83,0.0114433973,0.0255882143,False,2025-04-08,13.424012589,1779895.575703077,2026-04-15 20:54:26.944078,0.0185158058,2026-04-15 15:56:41
54527080,(2025 GR1),25.54,0.0207278843,0.0463489584,False,2025-04-08,10.4637317249,1753191.114245756,2026-04-15 20:54:26.944082,0.03353842135,2026-04-15 15:56:41
54526716,(2025 GK1),24.92,0.0275775053,0.0616651765,False,2025-04-08,11.1535964716,6274624.211869788,2026-04-15 20:54:26.944087,0.0446213409,2026-04-15 15:56:41
54527085,(2025 HA),23.06,0.0649463841,0.1452245297,False,2025-04-08,20.3260176512,7375825.816533435,2026-04-15 20:54:26.944091,0.1050854569,2026-04-15 15:56:41
54527592,(2025 HJ3),26.22,0.0151549664,0.033887535,False,2025-04-08,5.4676191178,4855651.793361212,2026-04-15 20:54:26.944095,0.024521250700000004,2026-04-15 15:56:41
54527602,(2025 HV3),24.85,0.0284809831,0.0636854144,False,2025-04-08,10.5032478698,12122027.664341647,2026-04-15 20:54:26.944099,0.04608319875,2026-04-15 15:56:41
54553564,(2025 UO),25.92,0.0174002295,0.038908096,False,2025-04-08,5.0693927774,15283410.172278052,2026-04-15 20:54:26.944104,0.028154162750000003,2026-04-15 15:56:41
3520758,(2010 HX107),23.54,0.0520660914,0.1164233197,False,2025-04-10,16.7862553792,50329194.035787284,2026-04-15 20:54:37.002067,0.08424470554999999,2026-04-15 15:56:41
3564039,(2011 HN5),25.1,0.0253837029,0.0567596853,False,2025-04-10,18.0706602342,57292196.40689138,2026-04-15 20:54:37.002096,0.0410716941,2026-04-15 15:56:41
3638238,(2013 JO7),26.0,0.0167708462,0.0375007522,False,2025-04-10,12.7247314194,49934823.84665734,2026-04-15 20:54:37.002101,0.0271357992,2026-04-15 15:56:41
3692289,(2014 TL),27.8,0.0073207399,0.016369672,False,2025-04-10,7.0238654145,19334957.61685419,2026-04-15 20:54:37.002105,0.01184520595,2026-04-15 15:56:41
3892307,(2019 US14),22.1,0.1010543415,0.2259643771,False,2025-04-10,18.1784521625,61372928.72040839,2026-04-15 20:54:37.002108,0.1635093593,2026-04-15 15:56:41
54266172,(2022 FD4),22.93,0.0689532874,0.154184238,False,2025-04-10,37.3583202239,67113540.2972412,2026-04-15 20:54:37.002113,0.11156876269999999,2026-04-15 15:56:41
54353707,(2023 GF),24.62,0.0316632126,0.0708010957,False,2025-04-10,25.1589711844,74780501.70005646,2026-04-15 20:54:37.002116,0.05123215415,2026-04-15 15:56:41
54354232,(2023 GR),23.95,0.0431077124,0.0963917753,False,2025-04-10,8.9908269148,15715158.840326844,2026-04-15 20:54:37.002120,0.06974974384999999,2026-04-15 15:56:41
54354355,(2023 GQ1),30.27,0.0023472264,0.0052485577,False,2025-04-10,10.9152104226,46010438.211849645,2026-04-15 20:54:37.002123,0.00379789205,2026-04-15 15:56:41
54423141,(2024 BD4),26.52,0.0131994239,0.0295148091,False,2025-04-10,11.417050269,49902919.37819861,2026-04-15 20:54:37.002127,0.021357116500000002,2026-04-15 15:56:41
54495419,(2024 UM2),24.94,0.0273246732,0.0610998267,False,2025-04-10,7.5567099811,54824598.92912534,2026-04-15 20:54:37.002130,0.04421224995,2026-04-15 15:56:41
54497181,(2024 VO),31.06,0.0016313794,0.0036478753,False,2025-04-10,2.2410607394,18434173.774608243,2026-04-15 20:54:37.002133,0.00263962735,2026-04-15 15:56:41
54520181,(2025 DC2),22.78,0.0738847787,0.1652113876,False,2025-04-10,9.6773023155,17994123.69635635,2026-04-15 20:54:37.002137,0.11954808315000001,2026-04-15 15:56:41
54524331,(2025 FG4),25.27,0.0234722638,0.0524855773,False,2025-04-10,5.2532754847,8748983.303922817,2026-04-15 20:54:37.002140,0.03797892055,2026-04-15 15:56:41
54524497,(2025 FN4),22.68,0.077366861,0.1729975604,False,2025-04-10,18.0592678167,25133089.36526498,2026-04-15 20:54:37.002144,0.1251822107,2026-04-15 15:56:41
54526041,(2025 FX22),26.13,0.0157962856,0.0353215683,False,2025-04-10,12.438489461,3879002.547859822,2026-04-15 20:54:37.002148,0.02555892695,2026-04-15 15:56:41
54527290,(2025 HL1),27.67,0.007772397,0.0173796081,False,2025-04-10,6.4454289922,2404331.865352633,2026-04-15 20:54:37.002151,0.01257600255,2026-04-15 15:56:41
3717041,(2015 HE10),26.1,0.0160160338,0.0358129403,False,2025-04-11,18.3938138281,53627295.24885944,2026-04-15 20:54:37.002155,0.025914487049999997,2026-04-15 15:56:41
3840784,(2019 GF1),27.5,0.008405334,0.0187948982,False,2025-04-11,16.3564187011,72914609.5344675,2026-04-15 20:54:37.002159,0.0136001161,2026-04-15 15:56:41
3989194,(2020 BP8),25.5,0.0211132445,0.0472106499,False,2025-04-11,23.4261199988,39462157.3390701,2026-04-15 20:54:37.002162,0.0341619472,2026-04-15 15:56:41
3991699,(2020 DX1),26.5,0.0133215567,0.0297879063,False,2025-04-11,5.5142728345,33446276.900042325,2026-04-15 20:54:37.002166,0.0215547315,2026-04-15 15:56:41
54279030,(2021 GQ172),23.01,0.0664591797,0.1486072436,False,2025-04-11,3.5722012707,58494612.39988729,2026-04-15 20:54:37.002170,0.10753321164999999,2026-04-15 15:56:41
54329622,(2022 WY5),21.6,0.1272198785,0.2844722965,False,2025-04-11,8.5436491712,25690182.767514057,2026-04-15 20:54:37.002173,0.2058460875,2026-04-15 15:56:41
54353611,(2023 FN13),27.21,0.0096062741,0.021480282,False,2025-04-11,7.8317493697,16403972.553759653,2026-04-15 20:54:37.002177,0.01554327805,2026-04-15 15:56:41
54354423,(2023 HG),27.04,0.010388551,0.0232295062,False,2025-04-11,8.576644054,1405234.531950949,2026-04-15 20:54:37.002180,0.016809028599999998,2026-04-15 15:56:41
54359258,(2023 KU),22.28,0.0930154254,0.2079888141,False,2025-04-11,18.0075097566,1057371.762480419,2026-04-15 20:54:37.002183,0.15050211975,2026-04-15 15:56:41
54395028,(2023 UG),26.57,0.0128989683,0.02884297,False,2025-04-11,4.6200229492,23277651.80194161,2026-04-15 20:54:37.002187,0.02087096915,2026-04-15 15:56:41
54525748,(2025 FT19),25.13,0.0250354255,0.0559809132,False,2025-04-11,5.8674320881,11651953.832133085,2026-04-15 20:54:37.002190,0.04050816935,2026-04-15 15:56:41
54525739,(2025 FX18),23.5,0.0530340723,0.1185877909,False,2025-04-11,9.9606299489,17881984.385014996,2026-04-15 20:54:37.002194,0.0858109316,2026-04-15 15:56:41
2875056,875056 (2022 WY5),21.6,0.1272198785,0.2844722965,False,2025-04-11,8.5436489622,25690182.767514057,2026-04-15 20:54:37.002197,0.2058460875,2026-04-15 15:56:41
3441092,(2008 XS),27.1,0.0101054342,0.0225964377,False,2025-04-12,7.4606411002,71776455.29618177,2026-04-15 20:54:37.002201,0.01635093595,2026-04-15 15:56:41
3713935,(2015 FS33),22.56,0.0817626533,0.1828268509,False,2025-04-12,20.6995668593,5610110.697726593,2026-04-15 20:54:37.002204,0.1322947521,2026-04-15 15:56:41
3740028,(2016 AX164),26.2,0.0152951935,0.0342010925,False,2025-04-12,5.2721143651,60969809.494328715,2026-04-15 20:54:37.002207,0.024748143,2026-04-15 15:56:41
3774114,(2017 HG4),27.7,0.0076657557,0.0171411509,False,2025-04-12,9.0616582291,26724028.035928715,2026-04-15 20:54:37.002212,0.012403453299999999,2026-04-15 15:56:41
3827322,(2018 RF2),28.2,0.0060891262,0.0136157002,False,2025-04-12,14.4349590277,23826552.446920566,2026-04-15 20:54:37.002216,0.0098524132,2026-04-15 15:56:41
3831212,(2018 TZ1),25.0,0.02658,0.0594346868,False,2025-04-12,15.5261664743,54117496.9060046,2026-04-15 20:54:37.002220,0.043007343399999995,2026-04-15 15:56:41
3989218,(2020 BS9),26.2,0.0152951935,0.0342010925,False,2025-04-12,15.9467532448,54497976.06523741,2026-04-15 20:54:37.002223,0.024748143,2026-04-15 15:56:41
54016734,(2020 HO5),28.5,0.0053034072,0.0118587791,False,2025-04-12,13.5630602618,61806736.648017086,2026-04-15 20:54:37.002227,0.00858109315,2026-04-15 15:56:41
54115835,(2021 CY5),25.65,0.0197040262,0.044059542,False,2025-04-12,6.2456917779,15339115.407537406,2026-04-15 20:54:37.002231,0.0318817841,2026-04-15 15:56:41
54342182,(2023 DN),26.15,0.0156514644,0.0349977383,False,2025-04-12,18.4712835931,64392252.34300344,2026-04-15 20:54:37.002234,0.025324601349999996,2026-04-15 15:56:41
54402637,(2023 VX1),25.46,0.021505769,0.0480883614,False,2025-04-12,29.709266862,55655630.041802555,2026-04-15 20:54:37.002238,0.034797065200000005,2026-04-15 15:56:41
54520804,(2025 DG7),22.15,0.0987540639,0.2208207999,False,2025-04-12,10.3955100221,25371421.885045897,2026-04-15 20:54:37.002244,0.1597874319,2026-04-15 15:56:41
54524726,(2025 FP10),18.89,0.4431543091,0.9909231597,True,2025-04-12,13.9559151812,4150006.359821304,2026-04-15 20:54:37.002248,0.7170387344,2026-04-15 15:56:41
54527125,(2025 HJ),23.46,0.0540200494,0.1207925025,False,2025-04-12,21.3664520004,17275025.91371328,2026-04-15 20:54:37.002252,0.08740627595,2026-04-15 15:56:41
3703885,(2015 AQ45),21.45,0.1363185559,0.3048175575,False,2025-04-13,5.7135191156,22671461.54562192,2026-04-15 20:54:37.002255,0.22056805670000001,2026-04-15 15:56:41
54016746,(2020 HB6),24.2,0.0384197891,0.0859092601,False,2025-04-13,20.7900633379,62187683.30059364,2026-04-15 20:54:37.002259,0.06216452459999999,2026-04-15 15:56:41
54134936,(2021 GU1),24.71,0.0303777061,0.0679266159,False,2025-04-13,21.7574474975,62330347.862831265,2026-04-15 20:54:37.002263,0.049152161,2026-04-15 15:56:41
54340154,(2023 BM4),23.71,0.0481454197,0.1076564312,False,2025-04-13,5.0831063973,24625585.62238987,2026-04-15 20:54:37.002266,0.07790092544999999,2026-04-15 15:56:41
54380881,(2023 RX1),30.25,0.002368945,0.005297122,False,2025-04-13,1.3788879427,6940661.305519998,2026-04-15 20:54:37.002270,0.0038330334999999997,2026-04-15 15:56:41
54497462,(2024 VW),24.88,0.0280902094,0.0628116177,False,2025-04-13,14.1958519778,39774115.6174349,2026-04-15 20:54:37.002273,0.04545091355,2026-04-15 15:56:41
54525113,(2025 FV13),25.52,0.0209196771,0.04677782,False,2025-04-13,5.0291873374,6977300.965438268,2026-04-15 20:54:37.002276,0.03384874855,2026-04-15 15:56:41
54526038,(2025 GK),24.98,0.0268259417,0.0599846292,False,2025-04-13,11.938405199,6639207.251034265,2026-04-15 20:54:37.002280,0.04340528545,2026-04-15 15:56:41
2784199,784199 (2015 AQ45),21.42,0.1382149359,0.3090579921,False,2025-04-13,5.7135206406,22671461.20154682,2026-04-15 20:54:37.002285,0.223636464,2026-04-15 15:56:41
54527449,(2025 HW2),22.35,0.0900647767,0.2013909631,False,2025-04-13,13.9415745356,22910542.219310492,2026-04-15 20:54:37.002289,0.1457278699,2026-04-15 15:56:41
54527294,(2025 HO1),27.52,0.0083282735,0.0186225856,False,2025-04-13,8.2973717432,3826118.952825472,2026-04-15 20:54:37.002292,0.013475429550000001,2026-04-15 15:56:41
3152316,(2003 GJ21),22.9,0.0699125232,0.1563291544,False,2025-04-14,15.3880124551,59053024.91127468,2026-04-15 20:54:37.002296,0.11312083880000001,2026-04-15 15:56:41
3441846,(2008 YN2),26.3,0.0146067964,0.0326617897,False,2025-04-14,5.755252531,36398147.531204574,2026-04-15 20:54:37.002299,0.023634293049999998,2026-04-15 15:56:41
3763283,(2016 VU1),24.6,0.0319561887,0.0714562102,False,2025-04-14,14.3363979576,59141956.40193294,2026-04-15 20:54:37.002302,0.05170619945,2026-04-15 15:56:41
3892698,(2019 VP3),28.1,0.0063760979,0.0142573883,False,2025-04-14,10.5468432751,15749850.376942825,2026-04-15 20:54:37.002306,0.0103167431,2026-04-15 15:56:41
54134541,(2021 GN),23.45,0.0542693946,0.1213500554,False,2025-04-14,22.7684591704,71979124.61126149,2026-04-15 20:54:37.002309,0.087809725,2026-04-15 15:56:41
54433733,(2024 GU3),25.79,0.0184737464,0.0413085527,False,2025-04-14,17.378865053,70399452.64986041,2026-04-15 20:54:37.002312,0.029891149550000003,2026-04-15 15:56:41
54525114,(2025 FY13),24.9,0.0278326768,0.0622357573,False,2025-04-14,5.3308942178,18382583.707476422,2026-04-15 20:54:37.002316,0.04503421705,2026-04-15 15:56:41
54527072,(2025 GP1),26.02,0.0166170902,0.0371569432,False,2025-04-14,5.9028486215,2187915.418566931,2026-04-15 20:54:37.002319,0.026887016700000002,2026-04-15 15:56:41
3751530,(2016 GF216),24.9,0.0278326768,0.0622357573,False,2025-04-15,9.998088955,44923732.47623135,2026-04-15 20:54:37.002322,0.04503421705,2026-04-15 15:56:41
3774436,(2017 HZ49),25.5,0.0211132445,0.0472106499,False,2025-04-15,17.3931037346,63938523.215036176,2026-04-15 20:54:37.002326,0.0341619472,2026-04-15 15:56:41
54204653,(2021 TU4),26.29,0.0146742183,0.0328125497,False,2025-04-15,20.4493072087,61402059.50971923,2026-04-15 20:54:37.002330,0.023743384,2026-04-15 15:56:41
54224416,(2021 WT1),23.18,0.0614546821,0.1374168468,False,2025-04-15,13.4967384962,15645293.239165194,2026-04-15 20:54:37.002333,0.09943576444999999,2026-04-15 15:56:41
54277079,(2022 HB4),20.02,0.263363131,0.5888978636,False,2025-04-15,52.920394635,66052706.017260686,2026-04-15 20:54:37.002336,0.42613049729999997,2026-04-15 15:56:41
54316690,(2022 UO),26.53,0.0131387781,0.0293792009,False,2025-04-15,16.1899147584,7583481.138861522,2026-04-15 20:54:37.002339,0.0212589895,2026-04-15 15:56:41
54321084,(2022 UO12),28.37,0.0056306039,0.0125904131,False,2025-04-15,20.1542695088,18910506.99113463,2026-04-15 20:54:37.002343,0.0091105085,2026-04-15 15:56:41
54392653,(2023 TX6),29.16,0.0039134066,0.0087506433,False,2025-04-15,7.7597055986,38880884.89684632,2026-04-15 20:54:37.002346,0.006332024949999999,2026-04-15 15:56:41
54393149,(2023 TV9),24.75,0.0298232505,0.0666868155,False,2025-04-15,8.1745527125,14348171.068292,2026-04-15 20:54:37.002349,0.048255032999999996,2026-04-15 15:56:41
54395029,(2023 UH),26.13,0.0157962856,0.0353215683,False,2025-04-15,10.9577490641,3383491.37807241,2026-04-15 20:54:37.002353,0.02555892695,2026-04-15 15:56:41
54419019,(2024 AV),26.53,0.0131387781,0.0293792009,False,2025-04-15,8.2067299147,23506065.48926856,2026-04-15 20:54:37.002357,0.0212589895,2026-04-15 15:56:41
54496628,(2024 UY9),26.03,0.0165407416,0.0369862226,False,2025-04-15,7.6787418747,16683019.67471913,2026-04-15 20:54:37.002361,0.0267634821,2026-04-15 15:56:41
54522527,(2025 DC36),23.82,0.0457672667,0.1023387195,False,2025-04-15,4.9257050224,5430737.675510291,2026-04-15 20:54:37.002364,0.07405299309999999,2026-04-15 15:56:41
54527121,(2025 GS1),29.45,0.0034241673,0.0076566709,False,2025-04-15,10.5425639496,37989.915333103,2026-04-15 20:54:37.002368,0.0055404191,2026-04-15 15:56:41
54527079,(2025 GQ1),25.84,0.0180532326,0.0403682552,False,2025-04-15,9.8314276524,1052192.220467622,2026-04-15 20:54:37.002372,0.029210743900000002,2026-04-15 15:56:41
54527118,(2025 HD),25.35,0.0226232491,0.0505871228,False,2025-04-15,6.803894734,4138253.008687523,2026-04-15 20:54:37.002375,0.03660518595,2026-04-15 15:56:41
54527276,(2025 HW),26.67,0.0123184191,0.0275448225,False,2025-04-15,10.054337778,2788644.440084616,2026-04-15 20:54:37.002379,0.0199316208,2026-04-15 15:56:41
54527388,(2025 HC2),25.91,0.0174805453,0.0390876876,False,2025-04-15,9.7789839527,4139086.927054051,2026-04-15 20:54:37.002382,0.02828411645,2026-04-15 15:56:41
3407680,(2008 FW6),21.0,0.1677084622,0.3750075218,True,2025-04-09,26.7882567653,65299890.65493427,2026-04-15 20:54:37.002386,0.271357992,2026-04-15 15:56:41
3692749,(2014 TL17),22.91,0.0695913044,0.1556108872,False,2025-04-09,8.7960662197,8937622.104051393,2026-04-15 20:54:37.002390,0.1126010958,2026-04-15 15:56:41
3780633,(2017 PK25),25.3,0.0231502122,0.0517654482,False,2025-04-09,17.0576756053,66855344.86043188,2026-04-15 20:54:37.002394,0.0374578302,2026-04-15 15:56:41
54293660,(2022 PX),24.29,0.0368599699,0.0824213984,False,2025-04-09,15.9657424725,70863889.73904589,2026-04-15 20:54:37.002397,0.05964068415,2026-04-15 15:56:41
54304629,(2022 SW),25.14,0.0249203981,0.0557237043,False,2025-04-09,21.2398187362,71281026.5997001,2026-04-15 20:54:37.002401,0.0403220512,2026-04-15 15:56:41
54397460,(2023 UY3),26.87,0.0112345318,0.0251211767,False,2025-04-09,2.9878578154,10527786.515979156,2026-04-15 20:54:37.002404,0.01817785425,2026-04-15 15:56:41
54484277,(2024 SM4),24.04,0.0413575665,0.0924783301,False,2025-04-09,10.7233243178,70611388.13180687,2026-04-15 20:54:37.002407,0.0669179483,2026-04-15 15:56:41
54496629,(2024 UZ9),24.47,0.0339277435,0.0758647409,False,2025-04-09,16.9792878068,64958929.58319619,2026-04-15 20:54:37.002411,0.0548962422,2026-04-15 15:56:41
54525110,(2025 FW12),22.82,0.0725362295,0.1621959399,False,2025-04-09,18.9307671988,21219321.155044593,2026-04-15 20:54:37.002415,0.1173660847,2026-04-15 15:56:41
54526427,(2025 GA1),26.76,0.0118182991,0.0264265201,False,2025-04-09,5.2687791702,4794782.514428392,2026-04-15 20:54:37.002418,0.0191224096,2026-04-15 15:56:41
54526424,(2025 GX),26.83,0.0114433973,0.0255882143,False,2025-04-09,3.9539413554,3061344.572213602,2026-04-15 20:54:37.002421,0.0185158058,2026-04-15 15:56:41
54527383,(2025 HX1),24.54,0.0328514828,0.0734581487,False,2025-04-09,9.0693486656,7531629.200658266,2026-04-15 20:54:37.002424,0.05315481575,2026-04-15 15:56:41
2880302,880302 (2014 TL17),22.9,0.0699125232,0.1563291544,False,2025-04-09,8.7960662208,8937622.104051393,2026-04-15 20:54:37.002428,0.11312083880000001,2026-04-15 15:56:41
2436030,436030 (2009 JO2),19.42,0.3471802221,0.776318577,False,2025-04-20,16.301271144,8490481.535555106,2026-04-15 20:54:47.234618,0.56174939955,2026-04-15 15:56:41
3137735,(2002 TX59),23.9,0.04411182,0.0986370281,False,2025-04-20,7.5048307469,43325421.95164933,2026-04-15 20:54:47.234653,0.07137442405,2026-04-15 15:56:41
3153509,(2003 HM),22.11,0.100590039,0.2249261651,False,2025-04-20,14.1411920688,11234721.812273776,2026-04-15 20:54:47.234659,0.16275810205,2026-04-15 15:56:41
3830886,(2018 SN2),24.4,0.0350392641,0.0783501764,False,2025-04-20,12.8278159542,51993480.15315757,2026-04-15 20:54:47.234664,0.05669472025,2026-04-15 15:56:41
3841545,(2019 HS2),26.6,0.0127219879,0.0284472297,False,2025-04-20,17.2222535429,36255149.75467132,2026-04-15 20:54:47.234670,0.0205846088,2026-04-15 15:56:41
54100193,(2020 XD5),19.81,0.2901048414,0.648694146,True,2025-04-20,13.5920231358,43706478.69329842,2026-04-15 20:54:47.234675,0.4693994937,2026-04-15 15:56:41
54102026,(2020 YW3),25.73,0.0189913123,0.0424658654,False,2025-04-20,11.32472094,12682643.198842006,2026-04-15 20:54:47.234681,0.03072858885,2026-04-15 15:56:41
54104267,(2021 AR),23.95,0.0431077124,0.0963917753,False,2025-04-20,20.4303680653,54465763.93379923,2026-04-15 20:54:47.234685,0.06974974384999999,2026-04-15 15:56:41
54248953,(2022 ET),30.22,0.0024019003,0.0053708123,False,2025-04-20,18.0657247097,51803602.54802731,2026-04-15 20:54:47.234691,0.0038863562999999998,2026-04-15 15:56:41
54524978,(2025 FV11),23.75,0.0472666667,0.1056914799,False,2025-04-20,7.3009903594,11554294.7119803,2026-04-15 20:54:47.234695,0.0764790733,2026-04-15 15:56:41
54524983,(2025 FK12),26.02,0.0166170902,0.0371569432,False,2025-04-20,7.3539288569,3640353.867940449,2026-04-15 20:54:47.234700,0.026887016700000002,2026-04-15 15:56:41
54527116,(2025 HC),26.42,0.0138214936,0.0309057992,False,2025-04-20,15.4463729238,464735.551895911,2026-04-15 20:54:47.234705,0.0223636464,2026-04-15 15:56:41
54527120,(2025 HE),27.38,0.0088829042,0.0198627775,False,2025-04-20,10.851589538,740197.09614744,2026-04-15 20:54:47.234710,0.01437284085,2026-04-15 15:56:41
54527147,(2025 HK),25.88,0.0177237239,0.0396314515,False,2025-04-20,16.4849123143,4659414.229265135,2026-04-15 20:54:47.234715,0.0286775877,2026-04-15 15:56:41
54527279,(2025 HZ),29.12,0.0039861623,0.0089133299,False,2025-04-20,9.4892680274,444587.36668921,2026-04-15 20:54:47.234719,0.0064497461,2026-04-15 15:56:41
54527594,(2025 HM3),26.68,0.0122618211,0.0274182656,False,2025-04-20,7.5521467518,7407777.109125479,2026-04-15 20:54:47.234724,0.01984004335,2026-04-15 15:56:41
54527280,(2025 HA1),25.71,0.0191670368,0.0428587972,False,2025-04-20,17.7987275552,116299.583226689,2026-04-15 20:54:47.234728,0.031012917,2026-04-15 15:56:41
54528051,(2025 HW12),25.48,0.0213086029,0.0476474846,False,2025-04-20,10.6001797229,13781925.836828228,2026-04-15 20:54:47.234733,0.03447804375,2026-04-15 15:56:41
54553573,(2025 UY),23.55,0.0518268695,0.1158884032,False,2025-04-20,16.5977809693,24891122.48491071,2026-04-15 20:54:47.234738,0.08385763635,2026-04-15 15:56:41
2009058,9058 (1992 JB),17.82,0.7253622947,1.6219593992,False,2025-04-21,11.6691798058,15290773.409359025,2026-04-15 20:54:47.234745,1.17366084695,2026-04-15 15:56:41
3418110,(2008 NP3),22.83,0.0722029558,0.1614507173,False,2025-04-21,8.3997635008,48121779.881246686,2026-04-15 20:54:47.234789,0.11682683655,2026-04-15 15:56:41
3599541,(2012 DO8),22.34,0.0904804968,0.2023205415,False,2025-04-21,19.4519278293,61825623.66334054,2026-04-15 20:54:47.234797,0.14640051915000002,2026-04-15 15:56:41
3879726,(2019 UU6),23.6,0.0506471459,0.1132504611,False,2025-04-21,20.3802255934,59231306.7666272,2026-04-15 20:54:47.234803,0.0819488035,2026-04-15 15:56:41
54016548,(2020 HJ),25.3,0.0231502122,0.0517654482,False,2025-04-21,8.8851224071,14998186.648939246,2026-04-15 20:54:47.234808,0.0374578302,2026-04-15 15:56:41
54017086,(2020 KT),24.05,0.0411675457,0.0920534307,False,2025-04-21,7.8250082603,19422661.522351015,2026-04-15 20:54:47.234813,0.0666104882,2026-04-15 15:56:41
54051303,(2020 QN3),21.02,0.1661709017,0.3715694322,False,2025-04-21,22.1076615999,20285596.549974848,2026-04-15 20:54:47.234818,0.26887016695,2026-04-15 15:56:41
54102028,(2020 YY3),26.47,0.013506878,0.0302022973,False,2025-04-21,8.8824992625,71673444.79094292,2026-04-15 20:54:47.234823,0.02185458765,2026-04-15 15:56:41
54143218,(2021 JQ),23.8,0.046190746,0.1032856481,False,2025-04-21,13.9398037583,37217914.717139505,2026-04-15 20:54:47.234829,0.07473819705,2026-04-15 15:56:41
54432465,(2024 GR),27.75,0.0074912618,0.0167509707,False,2025-04-21,14.9442306528,63821334.5567083,2026-04-15 20:54:47.234833,0.01212111625,2026-04-15 15:56:41
54490515,(2024 TL10),24.65,0.031228777,0.0698296682,False,2025-04-21,4.130666114,17572956.01085372,2026-04-15 20:54:47.234838,0.0505292226,2026-04-15 15:56:41
54502877,(2024 UY43),25.16,0.0246919266,0.0552128263,False,2025-04-21,4.0855356972,17581925.764500838,2026-04-15 20:54:47.234843,0.03995237645,2026-04-15 15:56:41
54521727,(2025 DY29),25.34,0.0227276732,0.0508206223,False,2025-04-21,3.2581021391,11984241.787840469,2026-04-15 20:54:47.234847,0.03677414775,2026-04-15 15:56:41
54527177,(2025 HS),26.1,0.0160160338,0.0358129403,False,2025-04-21,11.3299948436,3759075.8296369,2026-04-15 20:54:47.234852,0.025914487049999997,2026-04-15 15:56:41
54527152,(2025 HP),26.04,0.0164647438,0.0368162863,False,2025-04-21,13.4384421233,2774241.276839312,2026-04-15 20:54:47.234858,0.02664051505,2026-04-15 15:56:41
54527287,(2025 HG1),27.67,0.007772397,0.0173796081,False,2025-04-21,10.6510607876,454655.572616376,2026-04-15 20:54:47.234862,0.01257600255,2026-04-15 15:56:41
54527448,(2025 HV2),23.92,0.0437074004,0.0977327184,False,2025-04-21,15.9058936854,9205709.72993403,2026-04-15 20:54:47.234868,0.07072005940000001,2026-04-15 15:56:41
54527384,(2025 HY1),27.3,0.0092162655,0.0206081961,False,2025-04-21,6.9837914297,2195817.552055006,2026-04-15 20:54:47.234873,0.014912230799999999,2026-04-15 15:56:41
54527457,(2025 HE3),28.22,0.0060333008,0.0134908707,False,2025-04-21,4.073180325,905971.238146919,2026-04-15 20:54:47.234877,0.00976208575,2026-04-15 15:56:41
54529315,(2025 JS1),25.28,0.0233644185,0.052244428,False,2025-04-21,6.891507603,14119956.331172368,2026-04-15 20:54:47.234882,0.037804423250000004,2026-04-15 15:56:41
54527283,(2025 HD1),25.63,0.0198863453,0.04446722,False,2025-04-21,16.5588497541,5031679.77728474,2026-04-15 20:54:47.234887,0.03217678265,2026-04-15 15:56:41
3669255,(2014 HS124),23.16,0.0620233153,0.1386883492,False,2025-04-22,8.8864840109,4169551.321536804,2026-04-15 20:54:47.234892,0.10035583225,2026-04-15 15:56:41
54016725,(2020 HE5),27.7,0.0076657557,0.0171411509,False,2025-04-22,10.9362608632,43596759.96525239,2026-04-15 20:54:47.234897,0.012403453299999999,2026-04-15 15:56:41
54099644,(2020 XC4),26.0,0.0167708462,0.0375007522,False,2025-04-22,6.4005840125,54811157.65026456,2026-04-15 20:54:47.234902,0.0271357992,2026-04-15 15:56:41
54231260,(2021 YC),25.8,0.0183888672,0.0411187571,False,2025-04-22,7.3570169337,70811221.729502,2026-04-15 20:54:47.234906,0.02975381215,2026-04-15 15:56:41
54322239,(2022 UW16),28.9,0.004411182,0.0098637028,False,2025-04-22,25.2067700237,70350543.93007112,2026-04-15 20:54:47.234911,0.0071374424,2026-04-15 15:56:41
54431700,(2024 FP2),21.29,0.1467421834,0.3281254972,False,2025-04-22,16.6506428566,12802207.770541232,2026-04-15 20:54:47.234915,0.2374338403,2026-04-15 15:56:41
54525372,(2025 FC15),24.97,0.0269497646,0.0602615057,False,2025-04-22,3.581199391,10147733.381560534,2026-04-15 20:54:47.234920,0.04360563515,2026-04-15 15:56:41
54526556,(2025 GD1),25.71,0.0191670368,0.0428587972,False,2025-04-22,5.8900179656,1594303.09684046,2026-04-15 20:54:47.234925,0.031012917,2026-04-15 15:56:41
54527179,(2025 HU),27.48,0.0084831076,0.0189688053,False,2025-04-22,8.5838317828,1261644.452571001,2026-04-15 20:54:47.234942,0.01372595645,2026-04-15 15:56:41
54527655,(2025 HT4),24.8,0.0291443905,0.0651688382,False,2025-04-22,6.5100351486,23015314.778020926,2026-04-15 20:54:47.234946,0.04715661435,2026-04-15 15:56:41
54527282,(2025 HC1),25.07,0.0257368254,0.0575492912,False,2025-04-22,14.7802438478,8313661.490749076,2026-04-15 20:54:47.234951,0.0416430583,2026-04-15 15:56:41
54527733,(2025 HC5),27.06,0.0102933082,0.0230165369,False,2025-04-22,6.2065288043,4098469.519611629,2026-04-15 20:54:47.234955,0.01665492255,2026-04-15 15:56:41
54527734,(2025 HE5),23.6,0.0506471459,0.1132504611,False,2025-04-22,19.3394048448,9691033.7934072,2026-04-15 20:54:47.234960,0.0819488035,2026-04-15 15:56:41
3587871,(2011 VG9),22.38,0.0888290416,0.1986277755,False,2025-04-16,23.7554264314,4659617.637488974,2026-04-15 20:54:47.234965,0.14372840855,2026-04-15 15:56:41
3602705,(2012 HF2),24.72,0.0302381333,0.0676145215,False,2025-04-16,12.5771165166,7478728.521547162,2026-04-15 20:54:47.234970,0.0489263274,2026-04-15 15:56:41
54016545,(2020 HF),25.2,0.0242412481,0.0542050786,False,2025-04-16,13.3917922168,27101471.65990199,2026-04-15 20:54:47.234974,0.03922316335,2026-04-15 15:56:41
54095170,(2020 WT4),27.79,0.0073545309,0.016445231,False,2025-04-16,7.1447917863,39196605.097888224,2026-04-15 20:54:47.234980,0.01189988095,2026-04-15 15:56:41
54138704,(2021 HU),25.29,0.0232570687,0.0520043867,False,2025-04-16,14.7169487738,18154340.187726606,2026-04-15 20:54:47.234984,0.037630727700000005,2026-04-15 15:56:41
54277086,(2022 HK4),26.31,0.0145396843,0.0325117225,False,2025-04-16,18.5842977399,44238434.71665779,2026-04-15 20:54:47.234989,0.0235257034,2026-04-15 15:56:41
54485062,(2024 SA5),24.36,0.0356906927,0.079806815,False,2025-04-16,8.2966534145,63000158.188757546,2026-04-15 20:54:47.234993,0.05774875385,2026-04-15 15:56:41
54527387,(2025 HB2),25.05,0.0259749653,0.0580817882,False,2025-04-16,16.5018503314,14482348.98824388,2026-04-15 20:54:47.234998,0.04202837675,2026-04-15 15:56:41
3276397,(2005 GD60),21.7,0.1214940408,0.2716689341,True,2025-04-17,21.9338338418,56689685.62986264,2026-04-15 20:54:47.235003,0.19658148744999998,2026-04-15 15:56:41
3617706,(2012 VK76),21.42,0.1382149359,0.3090579921,False,2025-04-17,16.6276357517,29919422.726633854,2026-04-15 20:54:47.235007,0.223636464,2026-04-15 15:56:41
3781579,(2017 RN16),28.9,0.004411182,0.0098637028,False,2025-04-17,8.6632834639,4190118.201262061,2026-04-15 20:54:47.235012,0.0071374424,2026-04-15 15:56:41
3841534,(2019 HQ),26.25,0.0149470324,0.0334225806,False,2025-04-17,11.8537870714,21799959.97548999,2026-04-15 20:54:47.235017,0.024184806500000003,2026-04-15 15:56:41
54016608,(2020 HU1),23.5,0.0530340723,0.1185877909,False,2025-04-17,21.3181496857,21038913.843074683,2026-04-15 20:54:47.235023,0.0858109316,2026-04-15 15:56:41
54016676,(2020 HW3),22.1,0.1010543415,0.2259643771,False,2025-04-17,32.4840178326,32389361.90473837,2026-04-15 20:54:47.235027,0.1635093593,2026-04-15 15:56:41
54184277,(2021 PQ6),22.91,0.0695913044,0.1556108872,False,2025-04-17,10.5590165176,8555617.166222882,2026-04-15 20:54:47.235032,0.1126010958,2026-04-15 15:56:41
54203023,(2021 SK5),26.82,0.0114962176,0.0257063241,False,2025-04-17,7.2251174235,68481643.00724135,2026-04-15 20:54:47.235037,0.01860127085,2026-04-15 15:56:41
54265628,(2022 FN1),24.69,0.0306587876,0.0685551332,False,2025-04-17,4.8306742548,18594214.59319976,2026-04-15 20:54:47.235041,0.049606960400000004,2026-04-15 15:56:41
54293318,(2020 CO8),28.0,0.0066765941,0.0149293183,False,2025-04-17,6.4920181514,52091856.69981551,2026-04-15 20:54:47.235045,0.0108029562,2026-04-15 15:56:41
54278443,(2022 JV1),27.52,0.0083282735,0.0186225856,False,2025-04-17,5.335176714,9667937.3782579,2026-04-15 20:54:47.235051,0.013475429550000001,2026-04-15 15:56:41
54305657,(2022 SQ4),24.12,0.0398616229,0.0891332986,False,2025-04-17,16.7738908124,72031091.29103103,2026-04-15 20:54:47.235055,0.06449746075,2026-04-15 15:56:41
54467604,(2024 RE),23.38,0.0560473362,0.1253256538,False,2025-04-17,7.5501376037,38203532.908459514,2026-04-15 20:54:47.235060,0.09068649499999999,2026-04-15 15:56:41
54496387,(2024 UZ6),31.16,0.0015579552,0.0034836938,False,2025-04-17,5.5202223952,31663579.93966584,2026-04-15 20:54:47.235064,0.0025208245,2026-04-15 15:56:41
54499264,(2024 VO2),27.02,0.0104846751,0.0234444462,False,2025-04-17,6.6403379237,22822827.76716383,2026-04-15 20:54:47.235070,0.016964560650000002,2026-04-15 15:56:41
54525752,(2025 FL20),27.09,0.0101520787,0.0227007381,False,2025-04-17,3.3705547712,5012512.595070351,2026-04-15 20:54:47.235075,0.016426408400000002,2026-04-15 15:56:41
54526031,(2025 FJ22),25.65,0.0197040262,0.044059542,False,2025-04-17,3.8643308632,11675864.717925811,2026-04-15 20:54:47.235082,0.0318817841,2026-04-15 15:56:41
54526422,(2025 GV),24.7,0.0305179233,0.0682401509,False,2025-04-17,17.3785725982,6096757.595325025,2026-04-15 20:54:47.235086,0.0493790371,2026-04-15 15:56:41
54527124,(2025 HH),30.77,0.0018644682,0.0041690776,False,2025-04-17,9.2674309191,27855.467469101,2026-04-15 20:54:47.235090,0.0030167729000000003,2026-04-15 15:56:41
54527153,(2025 HQ),26.4,0.0139493823,0.0311917671,False,2025-04-17,9.4074938194,2055603.447807348,2026-04-15 20:54:47.235094,0.0225705747,2026-04-15 15:56:41
54527455,(2025 HD3),25.24,0.0237987955,0.0532157244,False,2025-04-17,12.7083298779,5055335.299513378,2026-04-15 20:54:47.235099,0.03850725995,2026-04-15 15:56:41
54527452,(2025 HZ2),25.49,0.0212106988,0.0474285643,False,2025-04-17,18.3627968493,11486357.08328785,2026-04-15 20:54:47.235103,0.03431963155,2026-04-15 15:56:41
54527380,(2025 HU1),27.86,0.0071212294,0.015923553,False,2025-04-17,7.841750678,2658433.451730887,2026-04-15 20:54:47.235107,0.011522391199999999,2026-04-15 15:56:41
54553927,(2025 UP2),28.74,0.004748484,0.010617933,False,2025-04-17,4.15664388,22665963.49478411,2026-04-15 20:54:47.235112,0.0076832085,2026-04-15 15:56:41
3009003,(1996 FQ3),20.8,0.1838886721,0.411187571,False,2025-04-18,8.2598829536,21878260.832069032,2026-04-15 20:54:47.235116,0.29753812155,2026-04-15 15:56:41
3824968,(2018 JC5),22.69,0.0770113926,0.1722027088,False,2025-04-18,8.0296781818,24027527.20708764,2026-04-15 20:54:47.235120,0.1246070507,2026-04-15 15:56:41
54017115,(2020 JF3),22.24,0.0947447113,0.2118556149,False,2025-04-18,22.8958135141,26260632.70143056,2026-04-15 20:54:47.235125,0.1533001631,2026-04-15 15:56:41
54136768,(2021 GE8),25.76,0.0187307418,0.0418832119,False,2025-04-18,12.2654787413,24851857.277655438,2026-04-15 20:54:47.235129,0.03030697685,2026-04-15 15:56:41
54185132,(2021 PZ9),26.94,0.0108781483,0.0243242791,False,2025-04-18,6.7660329697,32569693.924100313,2026-04-15 20:54:47.235134,0.0176012137,2026-04-15 15:56:41
54226123,(2021 XZ),28.21,0.0060611492,0.0135531417,False,2025-04-18,8.4530056689,48279518.98701039,2026-04-15 20:54:47.235138,0.00980714545,2026-04-15 15:56:41
54356032,(2023 HU3),25.01,0.026457876,0.0591616093,False,2025-04-18,18.4209961762,11901577.04171523,2026-04-15 20:54:47.235144,0.04280974265,2026-04-15 15:56:41
54504537,(2024 XY5),25.99,0.0168482569,0.0376738478,False,2025-04-18,3.3288610148,28322662.095824186,2026-04-15 20:54:47.235149,0.027261052350000002,2026-04-15 15:56:41
54519236,(2025 CQ2),22.69,0.0770113926,0.1722027088,False,2025-04-18,9.075150356,21581762.057429176,2026-04-15 20:54:47.235154,0.1246070507,2026-04-15 15:56:41
54520805,(2025 DJ7),23.82,0.0457672667,0.1023387195,False,2025-04-18,2.3535542465,21038178.479784913,2026-04-15 20:54:47.235160,0.07405299309999999,2026-04-15 15:56:41
54524509,(2025 FT5),25.32,0.0229379698,0.0512908597,False,2025-04-18,4.3221757037,7798278.368221918,2026-04-15 20:54:47.235164,0.03711441475,2026-04-15 15:56:41
54526717,(2025 GL1),23.44,0.0545198907,0.1219101818,False,2025-04-18,16.320132597,6659490.612876298,2026-04-15 20:54:47.235169,0.08821503625,2026-04-15 15:56:41
54527154,(2025 HR),26.37,0.0141434375,0.0316256878,False,2025-04-18,12.4827001188,2249682.509116556,2026-04-15 20:54:47.235173,0.022884562650000002,2026-04-15 15:56:41
54527598,(2025 HQ3),26.79,0.0116561459,0.0260639347,False,2025-04-18,3.2013651184,6685303.36630991,2026-04-15 20:54:47.235177,0.0188600403,2026-04-15 15:56:41
54527660,(2025 HA5),26.52,0.0131994239,0.0295148091,False,2025-04-18,12.772567972,1270022.696240138,2026-04-15 20:54:47.235182,0.021357116500000002,2026-04-15 15:56:41
54527375,(2025 HQ1),25.77,0.0186446818,0.041690776,False,2025-04-18,6.7784230613,2162503.243349818,2026-04-15 20:54:47.235186,0.0301677289,2026-04-15 15:56:41
2826914,826914 (1996 FQ3),20.8,0.1838886721,0.411187571,False,2025-04-18,8.259882968,21878260.832069032,2026-04-15 20:54:47.235190,0.29753812155,2026-04-15 15:56:41
3516408,(2010 GK65),24.5,0.0334622374,0.0748238376,False,2025-04-19,23.3567622051,51986746.22943632,2026-04-15 20:54:47.235194,0.0541430375,2026-04-15 15:56:41
3717054,(2015 HW10),25.7,0.0192555078,0.0430566244,False,2025-04-19,15.6048581463,53913770.66701356,2026-04-15 20:54:47.235199,0.031156066099999997,2026-04-15 15:56:41
54219290,(2021 VW10),23.39,0.0557898221,0.1247498347,False,2025-04-19,13.5691540005,42145817.95833227,2026-04-15 20:54:47.235203,0.0902698284,2026-04-15 15:56:41
54305658,(2022 SR4),25.69,0.0193443872,0.0432553648,False,2025-04-19,17.9053500241,41184493.638311975,2026-04-15 20:54:47.235208,0.031299876000000004,2026-04-15 15:56:41
54354402,(2023 GH2),23.7,0.0483676488,0.1081533507,False,2025-04-19,14.2333480094,31347068.814685244,2026-04-15 20:54:47.235212,0.07826049975,2026-04-15 15:56:41
54393421,(2023 TK12),25.77,0.0186446818,0.041690776,False,2025-04-19,20.7989772533,59213611.19361979,2026-04-15 20:54:47.235217,0.0301677289,2026-04-15 15:56:41
54434765,(2024 HB),27.99,0.0067074119,0.0149982289,False,2025-04-19,14.8596341855,17049103.86866991,2026-04-15 20:54:47.235220,0.010852820400000001,2026-04-15 15:56:41
54494719,(2024 UJ1),26.75,0.0118728499,0.0265484994,False,2025-04-19,12.083759884,39320939.32839623,2026-04-15 20:54:47.235226,0.019210674650000002,2026-04-15 15:56:41
54526042,(2025 FY22),25.22,0.024019003,0.0537081235,False,2025-04-19,9.1807181264,3612447.342718317,2026-04-15 20:54:47.235230,0.038863563250000004,2026-04-15 15:56:41
54525459,(2025 FA16),23.73,0.0477040198,0.1066694311,False,2025-04-19,6.3473143154,23667602.89991134,2026-04-15 20:54:47.235234,0.07718672545,2026-04-15 15:56:41
54527122,(2025 HG),26.62,0.012605352,0.0281864239,False,2025-04-19,12.5342867182,661930.602199136,2026-04-15 20:54:47.235239,0.02039588795,2026-04-15 15:56:41
54527117,(2025 HB),27.72,0.0075954757,0.0169839999,False,2025-04-19,6.1375465022,592206.071828897,2026-04-15 20:54:47.235244,0.0122897378,2026-04-15 15:56:41
54527151,(2025 HO),29.33,0.00361872,0.0080917038,False,2025-04-19,11.4774096174,187099.602603932,2026-04-15 20:54:47.235248,0.005855211900000001,2026-04-15 15:56:41
54527281,(2025 HB1),24.24,0.0377185489,0.0843412394,False,2025-04-19,11.0335403169,5456471.082233655,2026-04-15 20:54:47.235252,0.06102989415,2026-04-15 15:56:41
54527739,(2025 HP5),23.88,0.0445199816,0.0995497053,False,2025-04-19,9.2013989888,11863584.044666003,2026-04-15 20:54:47.235256,0.07203484345,2026-04-15 15:56:41
2223456,223456 (2003 UB10),18.29,0.5841911542,1.3062911326,False,2025-04-23,7.6402433621,26648300.157995164,2026-04-15 20:55:01.077148,0.9452411434,2026-04-15 15:56:41
2439437,439437 (2013 NK4),18.94,0.4330668855,0.9683669947,True,2025-04-23,22.5641456338,28314051.392024852,2026-04-15 20:55:01.077172,0.7007169401,2026-04-15 15:56:41
3457390,(2009 HG),24.34,0.0360209346,0.0805452583,False,2025-04-23,6.257793733,23833519.35436455,2026-04-15 20:55:01.077178,0.05828309645,2026-04-15 15:56:41
3670392,(2014 JF15),25.37,0.0224158379,0.0501233372,False,2025-04-23,10.2193617216,22648352.833527707,2026-04-15 20:55:01.077182,0.036269587549999996,2026-04-15 15:56:41
3694127,(2014 UV34),25.03,0.0262153087,0.0586192124,False,2025-04-23,4.6566705977,14743029.425191335,2026-04-15 20:55:01.077187,0.04241726055,2026-04-15 15:56:41
3735678,(2015 XT1),23.38,0.0560473362,0.1253256538,False,2025-04-23,14.5320605773,64314496.815539904,2026-04-15 20:55:01.077191,0.09068649499999999,2026-04-15 15:56:41
3772987,(2017 FQ101),25.0,0.02658,0.0594346868,False,2025-04-23,7.3460047773,19321953.747205503,2026-04-15 20:55:01.077195,0.043007343399999995,2026-04-15 15:56:41
3879165,(2019 TY6),25.04,0.0260948603,0.0583498816,False,2025-04-23,12.858170609,52018468.57744812,2026-04-15 20:55:01.077199,0.042222370950000004,2026-04-15 15:56:41
54068387,(2020 TM6),26.1,0.0160160338,0.0358129403,False,2025-04-23,8.8086163335,55564173.024943165,2026-04-15 20:55:01.077203,0.025914487049999997,2026-04-15 15:56:41
54143414,(2021 JY),18.8,0.4619074603,1.0328564805,True,2025-04-23,21.596122323,28919645.411073875,2026-04-15 20:55:01.077208,0.7473819704,2026-04-15 15:56:41
54145084,(2021 JV5),25.1,0.0253837029,0.0567596853,False,2025-04-23,15.8630731929,60525676.994923025,2026-04-15 20:55:01.077212,0.0410716941,2026-04-15 15:56:41
54212588,(2021 UF1),25.06,0.0258556212,0.0578149266,False,2025-04-23,9.5831873144,26258433.822178576,2026-04-15 20:55:01.077216,0.0418352739,2026-04-15 15:56:41
54276655,(2022 HL2),26.07,0.016238839,0.0363111479,False,2025-04-23,17.7616487333,64735146.77273404,2026-04-15 20:55:01.077221,0.02627499345,2026-04-15 15:56:41
54354403,(2023 GJ2),25.62,0.0199781365,0.0446724713,False,2025-04-23,18.723560538,50821577.921941504,2026-04-15 20:55:01.077225,0.032325303900000005,2026-04-15 15:56:41
54377397,(2023 QM1),25.52,0.0209196771,0.04677782,False,2025-04-23,19.9240100209,73690144.38514997,2026-04-15 20:55:01.077229,0.03384874855,2026-04-15 15:56:41
54525464,(2025 FS16),24.34,0.0360209346,0.0805452583,False,2025-04-23,13.1187333908,7873181.348540503,2026-04-15 20:55:01.077233,0.05828309645,2026-04-15 15:56:41
54527150,(2025 HN),26.83,0.0114433973,0.0255882143,False,2025-04-23,11.4979035479,2001649.465053361,2026-04-15 20:55:01.077237,0.0185158058,2026-04-15 15:56:41
54527123,(2025 HF),25.64,0.0197949759,0.0442629117,False,2025-04-23,9.1213699778,888170.916710933,2026-04-15 20:55:01.077241,0.0320289438,2026-04-15 15:56:41
54527389,(2025 HE2),24.83,0.0287445144,0.0642746882,False,2025-04-23,1.3904730266,28879302.979476295,2026-04-15 20:55:01.077246,0.0465096013,2026-04-15 15:56:41
54527604,(2025 HX3),27.38,0.0088829042,0.0198627775,False,2025-04-23,10.174801531,1144385.228927836,2026-04-15 20:55:01.077250,0.01437284085,2026-04-15 15:56:41
54527286,(2025 HH1),25.21,0.0241298697,0.0539560289,False,2025-04-23,17.9454648737,5279652.368848668,2026-04-15 20:55:01.077254,0.039042949300000004,2026-04-15 15:56:41
54527650,(2025 HO4),24.72,0.0302381333,0.0676145215,False,2025-04-23,19.9169762665,4590051.665901148,2026-04-15 20:55:01.077258,0.0489263274,2026-04-15 15:56:41
54554468,(2025 UH5),27.05,0.01034082,0.0231227764,False,2025-04-23,9.5850268265,13905286.648955936,2026-04-15 20:55:01.077262,0.016731798200000002,2026-04-15 15:56:41
2886662,886662 (2021 JY),18.8,0.4619074603,1.0328564805,True,2025-04-23,21.5961222294,28919645.5008326,2026-04-15 20:55:01.077266,0.7473819704,2026-04-15 15:56:41
3126185,(2002 JQ100),19.8,0.2914439045,0.6516883822,False,2025-04-24,26.9784968038,56162827.886953086,2026-04-15 20:55:01.077271,0.47156614335,2026-04-15 15:56:41
3557843,(2011 DV),20.79,0.1847374636,0.4130855266,True,2025-04-24,6.3979967425,20010962.955134835,2026-04-15 20:55:01.077275,0.2989114951,2026-04-15 15:56:41
3634388,(2013 GR38),21.96,0.1077841687,0.2410127282,True,2025-04-24,17.5500001746,14680317.5792133,2026-04-15 20:55:01.077280,0.17439844845,2026-04-15 15:56:41
3636252,(2013 HJ19),21.5,0.1332155667,0.2978790628,False,2025-04-24,13.8879842497,74695030.64748791,2026-04-15 20:55:01.077284,0.21554731475,2026-04-15 15:56:41
3702717,(2014 YE1),23.4,0.0555334912,0.1241766613,False,2025-04-24,28.3879284459,55154696.36810168,2026-04-15 20:55:01.077288,0.08985507625,2026-04-15 15:56:41
3840753,(2019 FY2),27.4,0.0088014652,0.0196806745,False,2025-04-24,5.3145499688,4885087.298573466,2026-04-15 20:55:01.077292,0.01424106985,2026-04-15 15:56:41
3873162,(2019 SW9),24.5,0.0334622374,0.0748238376,False,2025-04-24,6.9425271417,69299819.21982883,2026-04-15 20:55:01.077296,0.0541430375,2026-04-15 15:56:41
54016713,(2020 HX4),26.3,0.0146067964,0.0326617897,False,2025-04-24,8.9174585708,30196849.223948047,2026-04-15 20:55:01.077300,0.023634293049999998,2026-04-15 15:56:41
54017652,(2020 MK3),25.8,0.0183888672,0.0411187571,False,2025-04-24,12.9057804777,23140536.15381761,2026-04-15 20:55:01.077304,0.02975381215,2026-04-15 15:56:41
54134556,(2021 GC1),28.25,0.0059505208,0.013305769,False,2025-04-24,14.5086369519,49388439.63232902,2026-04-15 20:55:01.077309,0.0096281449,2026-04-15 15:56:41
54282890,(2022 LA3),26.0,0.0167708462,0.0375007522,False,2025-04-24,8.9078440722,25779029.540898535,2026-04-15 20:55:01.077314,0.0271357992,2026-04-15 15:56:41
54338709,(2023 AR),25.02,0.0263363131,0.0588897864,False,2025-04-24,36.8110000407,36306755.46974034,2026-04-15 20:55:01.077318,0.04261304975,2026-04-15 15:56:41
54372216,(2023 LO),27.57,0.0081386988,0.0181986838,False,2025-04-24,15.4192111669,52601051.28757608,2026-04-15 20:55:01.077322,0.0131686913,2026-04-15 15:56:41
54397132,(2023 UP2),26.69,0.0122054832,0.0272922901,False,2025-04-24,14.6647219121,30662419.502038985,2026-04-15 20:55:01.077326,0.019748886650000002,2026-04-15 15:56:41
54435949,(2024 HZ),28.69,0.0048590904,0.0108652564,False,2025-04-24,11.4578601433,23163503.01721149,2026-04-15 20:55:01.077330,0.0078621734,2026-04-15 15:56:41
54502168,(2024 WC15),20.9,0.1756123185,0.3926810818,True,2025-04-24,13.3697860985,26931160.96249476,2026-04-15 20:55:01.077335,0.28414670015,2026-04-15 15:56:41
54527148,(2025 HM),22.62,0.079534394,0.1778443116,False,2025-04-24,11.6163415335,5798018.278426395,2026-04-15 20:55:01.077339,0.1286893528,2026-04-15 15:56:41
54527277,(2025 HX),27.55,0.0082140053,0.0183670741,False,2025-04-24,12.638367862,1358625.340860565,2026-04-15 20:55:01.077343,0.0132905397,2026-04-15 15:56:41
54527285,(2025 HF1),26.27,0.0148099972,0.0331161605,False,2025-04-24,14.7485571078,394026.069149592,2026-04-15 20:55:01.077347,0.02396307885,2026-04-15 15:56:41
54528050,(2025 HO12),28.32,0.0057617575,0.0128836815,False,2025-04-24,10.9255423832,1576125.848611222,2026-04-15 20:55:01.077352,0.0093227195,2026-04-15 15:56:41
54527601,(2025 HS3),23.87,0.0447254765,0.1000092059,False,2025-04-24,12.0563341032,26906698.165280245,2026-04-15 20:55:01.077356,0.07236734119999999,2026-04-15 15:56:41
2462959,462959 (2011 DU),21.08,0.1616422833,0.3614431336,True,2025-04-25,9.4841474625,4930682.81449673,2026-04-15 20:55:01.077361,0.26154270845,2026-04-15 15:56:41
3329605,(2006 GU2),27.8,0.0073207399,0.016369672,False,2025-04-25,21.8451742674,73671137.69153053,2026-04-15 20:55:01.077365,0.01184520595,2026-04-15 15:56:41
3562319,(2011 GJ44),21.8,0.1160259082,0.2594418179,False,2025-04-25,16.98171255,40281446.60468974,2026-04-15 20:55:01.077370,0.18773386305,2026-04-15 15:56:41
3819573,(2018 HH2),23.12,0.0631764148,0.1412667581,False,2025-04-25,9.6708911552,24935803.374416582,2026-04-15 20:55:01.077374,0.10222158645,2026-04-15 15:56:41
3879166,(2019 TB7),26.8,0.0116025908,0.0259441818,False,2025-04-25,8.3650716841,34926053.05865687,2026-04-15 20:55:01.077378,0.0187733863,2026-04-15 15:56:41
54016771,(2020 HY6),26.9,0.0110803882,0.0247765013,False,2025-04-25,21.1509189768,54690947.26456055,2026-04-15 20:55:01.077382,0.01792844475,2026-04-15 15:56:41
54216336,(2021 VL3),28.48,0.0053524791,0.011968507,False,2025-04-25,8.2799298551,73872184.1090773,2026-04-15 20:55:01.077386,0.008660493049999999,2026-04-15 15:56:41
54352297,(2023 FF4),28.26,0.0059231806,0.0132446345,False,2025-04-25,8.7834008925,16756009.56755658,2026-04-15 20:55:01.077390,0.00958390755,2026-04-15 15:56:41
54429992,(2024 EW1),26.77,0.0117639989,0.0263051013,False,2025-04-25,15.1537242222,60682127.2851171,2026-04-15 20:55:01.077394,0.0190345501,2026-04-15 15:56:41
54524330,(2025 FL4),23.37,0.056306039,0.1259041307,False,2025-04-25,9.8799824372,18106683.58714941,2026-04-15 20:55:01.077398,0.09110508485,2026-04-15 15:56:41
54525646,(2025 FR18),22.61,0.0799015081,0.1786652037,False,2025-04-25,20.0335959953,10214166.788710348,2026-04-15 20:55:01.077403,0.1292833559,2026-04-15 15:56:41
54527178,(2025 HT),26.52,0.0131994239,0.0295148091,False,2025-04-25,6.7869263283,1251974.40137484,2026-04-15 20:55:01.077407,0.021357116500000002,2026-04-15 15:56:41
54527119,(2025 FK28),23.76,0.0470494961,0.1052058716,False,2025-04-25,11.9222677617,6369615.777603666,2026-04-15 20:55:01.077411,0.07612768385,2026-04-15 15:56:41
54527447,(2025 HU2),28.83,0.0045556985,0.0101868516,False,2025-04-25,7.0744499299,408896.965095238,2026-04-15 20:55:01.077415,0.00737127505,2026-04-15 15:56:41
54527381,(2025 HV1),23.31,0.0578835257,0.1294314984,False,2025-04-25,6.009289415,16294692.47658804,2026-04-15 20:55:01.077419,0.09365751205,2026-04-15 15:56:41
54529313,(2025 JP1),26.62,0.012605352,0.0281864239,False,2025-04-25,9.1424997599,1995743.266346826,2026-04-15 20:55:01.077423,0.02039588795,2026-04-15 15:56:41
54527653,(2025 HR4),27.49,0.0084441313,0.0188816516,False,2025-04-25,6.4876415008,1038585.45644305,2026-04-15 20:55:01.077427,0.013662891449999999,2026-04-15 15:56:41
3644727,(2013 NJ4),27.4,0.0088014652,0.0196806745,False,2025-04-26,5.7662189249,45426389.26307825,2026-04-15 20:55:01.077432,0.01424106985,2026-04-15 15:56:41
3667485,(2014 GL49),20.87,0.1780553292,0.3981438198,False,2025-04-26,17.8451062954,14547385.480403207,2026-04-15 20:55:01.077436,0.2880995745,2026-04-15 15:56:41
3736681,(2015 XF352),21.39,0.1401376972,0.3133574171,False,2025-04-26,15.3184115236,10433838.156031936,2026-04-15 20:55:01.077440,0.22674755715,2026-04-15 15:56:41
3771019,(2017 ED3),24.12,0.0398616229,0.0891332986,False,2025-04-26,16.6924912458,58364930.44944104,2026-04-15 20:55:01.077445,0.06449746075,2026-04-15 15:56:41
3893275,(2019 WK),23.1,0.063760979,0.1425738833,False,2025-04-26,18.5123036462,65929930.35720149,2026-04-15 20:55:01.077449,0.10316743115,2026-04-15 15:56:41
54143413,(2021 JX),27.35,0.0090064777,0.0201390963,False,2025-04-26,13.5119795621,28557190.74568525,2026-04-15 20:55:01.077453,0.014572787,2026-04-15 15:56:41
54232322,(2022 AC),25.32,0.0229379698,0.0512908597,False,2025-04-26,11.8337990826,69724014.70638111,2026-04-15 20:55:01.077457,0.03711441475,2026-04-15 15:56:41
54336956,(2022 YV5),25.27,0.0234722638,0.0524855773,False,2025-04-26,9.136198309,45543898.56948069,2026-04-15 20:55:01.077461,0.03797892055,2026-04-15 15:56:41
54340322,(2023 BJ7),28.76,0.0047049496,0.0105205872,False,2025-04-26,10.7144400799,59765649.45944476,2026-04-15 20:55:01.077466,0.007612768400000001,2026-04-15 15:56:41
54373925,(2023 MT2),23.48,0.0535247906,0.1196850702,False,2025-04-26,7.7133590317,31882102.18590881,2026-04-15 20:55:01.077470,0.0866049304,2026-04-15 15:56:41
54495687,(2024 UW2),24.93,0.0274507982,0.0613818507,False,2025-04-26,13.1596676282,25842471.09536686,2026-04-15 20:55:01.077474,0.04441632445,2026-04-15 15:56:41
54524986,(2025 FN12),21.02,0.1661709017,0.3715694322,False,2025-04-26,23.0709960899,26710340.982727315,2026-04-15 20:55:01.077478,0.26887016695,2026-04-15 15:56:41
54527295,(2025 HP1),26.89,0.011131533,0.0248908644,False,2025-04-26,8.4994414789,3536352.650807525,2026-04-15 20:55:01.077482,0.0180111987,2026-04-15 15:56:41
54527446,(2025 HT2),24.74,0.0299609084,0.0669946278,False,2025-04-26,8.3518086891,11931442.35656778,2026-04-15 20:55:01.077486,0.0484777681,2026-04-15 15:56:41
54528326,(2025 HB13),26.38,0.0140784543,0.0314803809,False,2025-04-26,9.7362070942,4321960.389830483,2026-04-15 20:55:01.077490,0.0227794176,2026-04-15 15:56:41
54527291,(2025 HM1),24.69,0.0306587876,0.0685551332,False,2025-04-26,9.1056766969,20655675.396009088,2026-04-15 20:55:01.077495,0.049606960400000004,2026-04-15 15:56:41
54527599,(2025 HR3),25.1,0.0253837029,0.0567596853,False,2025-04-26,3.2922836642,26369130.935254198,2026-04-15 20:55:01.077506,0.0410716941,2026-04-15 15:56:41
2804325,804325 (2015 XF352),21.38,0.1407845434,0.3148038092,False,2025-04-26,15.3184115285,10433838.141072148,2026-04-15 20:55:01.077511,0.22779417629999998,2026-04-15 15:56:41
2819229,819229 (2014 GL49),20.87,0.1780553292,0.3981438198,False,2025-04-26,17.845106306,14547385.7197598,2026-04-15 20:55:01.077515,0.2880995745,2026-04-15 15:56:41
2341843,341843 (2008 EV5),20.05,0.2597496533,0.580817882,True,2025-04-27,7.4511219749,26121615.469901625,2026-04-15 20:55:01.077519,0.42028376765,2026-04-15 15:56:41
2494710,494710 (2005 MO13),20.75,0.1881719895,0.42076536,True,2025-04-27,8.3719955179,27635738.820754986,2026-04-15 20:55:01.077523,0.30446867475,2026-04-15 15:56:41
3759318,(2016 RT20),24.4,0.0350392641,0.0783501764,False,2025-04-27,24.2638084478,72787524.96207935,2026-04-15 20:55:01.077527,0.05669472025,2026-04-15 15:56:41
54276380,(2022 HL1),25.38,0.0223128464,0.0498930414,False,2025-04-27,15.149080471,29603553.675711304,2026-04-15 20:55:01.077532,0.0361029439,2026-04-15 15:56:41
54275849,(2022 GL5),20.89,0.1764229081,0.3944936153,False,2025-04-27,37.8742826785,66913938.12745094,2026-04-15 20:55:01.077536,0.2854582617,2026-04-15 15:56:41
54297995,(2022 QE6),24.64,0.0313729225,0.0701519874,False,2025-04-27,6.5861598582,72825528.8648133,2026-04-15 20:55:01.077540,0.05076245495,2026-04-15 15:56:41
54525754,(2025 FM20),22.3,0.0921626549,0.2060819612,False,2025-04-27,13.5622217834,18827053.535119172,2026-04-15 20:55:01.077544,0.14912230804999999,2026-04-15 15:56:41
54527180,(2025 HV),24.38,0.0353634784,0.0790751417,False,2025-04-27,16.536172566,5601377.413432585,2026-04-15 20:55:01.077548,0.05721931005,2026-04-15 15:56:41
54527740,(2025 HQ5),25.92,0.0174002295,0.038908096,False,2025-04-27,10.9984711203,8466285.830377685,2026-04-15 20:55:01.077552,0.028154162750000003,2026-04-15 15:56:41
54527377,(2025 HS1),25.34,0.0227276732,0.0508206223,False,2025-04-27,11.3114881668,5553883.709976039,2026-04-15 20:55:01.077556,0.03677414775,2026-04-15 15:56:41
54528047,(2025 HB7),25.66,0.0196134944,0.0438571068,False,2025-04-27,12.9245953937,4890469.85985564,2026-04-15 20:55:01.077560,0.0317353006,2026-04-15 15:56:41
54529105,(2025 JY),25.26,0.0235806068,0.0527278398,False,2025-04-27,9.3390861727,7601165.895942933,2026-04-15 20:55:01.077564,0.0381542233,2026-04-15 15:56:41
54527278,(2025 HY),26.52,0.0131994239,0.0295148091,False,2025-04-27,10.7259447972,4100775.376300448,2026-04-15 20:55:01.077568,0.021357116500000002,2026-04-15 15:56:41
54527443,(2025 HO2),24.28,0.0370301078,0.0828018383,False,2025-04-27,7.8714833031,2675255.986528766,2026-04-15 20:55:01.077573,0.05991597305,2026-04-15 15:56:41
54554637,(2025 UK6),24.75,0.0298232505,0.0666868155,False,2025-04-27,12.1610825131,19874142.328970253,2026-04-15 20:55:01.077577,0.048255032999999996,2026-04-15 15:56:41
3036363,(2000 HB24),23.7,0.0483676488,0.1081533507,False,2025-04-28,16.4024415337,27126275.15130565,2026-04-15 20:55:01.077581,0.07826049975,2026-04-15 15:56:41
3092261,(2000 HP40),24.02,0.0417402433,0.0933340215,False,2025-04-28,13.1234619456,58127216.561731935,2026-04-15 20:55:01.077585,0.0675371324,2026-04-15 15:56:41
3042504,(2000 JZ8),21.41,0.138852907,0.310484539,False,2025-04-28,7.5938051356,20147965.4175104,2026-04-15 20:55:01.077594,0.22466872300000001,2026-04-15 15:56:41
3751727,(2016 GW216),22.63,0.0791689667,0.1770271912,False,2025-04-28,4.7329703518,20027367.229247976,2026-04-15 20:55:01.077598,0.12809807895,2026-04-15 15:56:41
54073361,(2020 UQ),26.9,0.0110803882,0.0247765013,False,2025-04-28,12.7524987272,16127555.976706045,2026-04-15 20:55:01.077602,0.01792844475,2026-04-15 15:56:41
54165395,(2021 MB2),21.39,0.1401376972,0.3133574171,True,2025-04-28,9.0091840475,62271728.26658708,2026-04-15 20:55:01.077606,0.22674755715,2026-04-15 15:56:41
54209304,(2021 TK14),23.24,0.0597798714,0.1336718562,False,2025-04-28,10.2490992952,63742405.83786886,2026-04-15 20:55:01.077610,0.09672586379999999,2026-04-15 15:56:41
54278307,(2022 JA1),25.37,0.0224158379,0.0501233372,False,2025-04-28,11.8056137345,27266045.563230675,2026-04-15 20:55:01.077615,0.036269587549999996,2026-04-15 15:56:41
54278661,(2022 JB2),24.37,0.0355267088,0.079440136,False,2025-04-28,14.0109573839,30806251.79533025,2026-04-15 20:55:01.077619,0.0574834224,2026-04-15 15:56:41
54490130,(2024 TQ9),30.76,0.0018730742,0.0041883212,False,2025-04-28,9.8954136483,46856006.30306689,2026-04-15 20:55:01.077623,0.0030306977,2026-04-15 15:56:41
54497053,(2024 VB),28.74,0.004748484,0.010617933,False,2025-04-28,5.7870594074,31009890.90852181,2026-04-15 20:55:01.077627,0.0076832085,2026-04-15 15:56:41
54527382,(2025 HW1),25.69,0.0193443872,0.0432553648,False,2025-04-28,19.6662863777,1212566.402952646,2026-04-15 20:55:01.077631,0.031299876000000004,2026-04-15 15:56:41
54527649,(2025 HN4),27.15,0.0098754064,0.02208208,False,2025-04-28,7.9959793144,650060.893842069,2026-04-15 20:55:01.077635,0.0159787432,2026-04-15 15:56:41
54529104,(2025 JX),27.4,0.0088014652,0.0196806745,False,2025-04-28,6.7726735119,2088936.755442026,2026-04-15 20:55:01.077663,0.01424106985,2026-04-15 15:56:41
54527392,(2025 HG2),27.63,0.0079168967,0.0177027191,False,2025-04-28,4.8962386104,2455698.283668804,2026-04-15 20:55:01.077675,0.012809807900000001,2026-04-15 15:56:41
54527651,(2025 HP4),27.64,0.0078805218,0.0176213825,False,2025-04-28,10.1236501651,338927.572931383,2026-04-15 20:55:01.077679,0.012750952150000001,2026-04-15 15:56:41
54527652,(2025 HQ4),26.04,0.0164647438,0.0368162863,False,2025-04-28,13.3604220243,1847718.462829237,2026-04-15 20:55:01.077683,0.02664051505,2026-04-15 15:56:41
54528917,(2025 JG),25.8,0.0183888672,0.0411187571,False,2025-04-28,8.353462124,4004824.708702426,2026-04-15 20:55:01.077687,0.02975381215,2026-04-15 15:56:41
54527595,(2025 HL3),24.49,0.0336166921,0.0751692087,False,2025-04-28,7.5548061664,5359321.941219702,2026-04-15 20:55:01.077691,0.0543929504,2026-04-15 15:56:41
54527732,(2025 HB5),24.67,0.0309424699,0.069189466,False,2025-04-28,8.5502992951,13564710.746853745,2026-04-15 20:55:01.077695,0.05006596795,2026-04-15 15:56:41
54533319,(2025 KZ2),24.84,0.0286124454,0.0639793729,False,2025-04-28,8.644102739,4137636.111951004,2026-04-15 20:55:01.077699,0.046295909149999995,2026-04-15 15:56:41
2805737,805737 (2016 GW216),22.64,0.0788052183,0.1762138252,False,2025-04-28,4.732970331,20027367.199328404,2026-04-15 20:55:01.077712,0.12750952175,2026-04-15 15:56:41
2827121,827121 (2000 JZ8),21.42,0.1382149359,0.3090579921,False,2025-04-28,7.5938051584,20147965.252952736,2026-04-15 20:55:01.077717,0.223636464,2026-04-15 15:56:41
2155110,155110 (2005 TB),17.46,0.8561600847,1.9144321491,False,2025-04-29,19.6263157923,17545847.261152726,2026-04-15 20:55:01.077721,1.3852961169,2026-04-15 15:56:41
2358453,358453 (2007 EH88),19.83,0.2874451443,0.6427468824,False,2025-04-29,15.3121252183,20314016.973800004,2026-04-15 20:55:01.077725,0.46509601335,2026-04-15 15:56:41
3727667,(2015 SE),26.4,0.0139493823,0.0311917671,False,2025-04-29,8.7534146922,71506094.21650895,2026-04-15 20:55:01.077729,0.0225705747,2026-04-15 15:56:41
3753134,(2016 JV24),23.96,0.0429096504,0.0959488953,False,2025-04-29,30.5085115072,66538556.066844776,2026-04-15 20:55:01.077733,0.06942927285,2026-04-15 15:56:41
3956449,(2019 YQ3),26.4,0.0139493823,0.0311917671,False,2025-04-29,5.7303796325,66754088.524856865,2026-04-15 20:55:01.077737,0.0225705747,2026-04-15 15:56:41
54016991,(2020 JF1),27.1,0.0101054342,0.0225964377,False,2025-04-29,12.9058285671,19765943.91919768,2026-04-15 20:55:01.077741,0.01635093595,2026-04-15 15:56:41
54247854,(2016 FL60),23.92,0.0437074004,0.0977327184,False,2025-04-29,14.1575482177,50172698.34263968,2026-04-15 20:55:01.077745,0.07072005940000001,2026-04-15 15:56:41
54432336,(2024 FR4),25.86,0.0178877195,0.0399981568,False,2025-04-29,8.8544499645,43868236.26712648,2026-04-15 20:55:01.077749,0.02894293815,2026-04-15 15:56:41
54439423,(2024 JS),27.39,0.0088420909,0.0197715164,False,2025-04-29,11.0059684711,9352890.54714844,2026-04-15 20:55:01.077753,0.014306803650000002,2026-04-15 15:56:41
54442250,(2024 JP17),26.77,0.0117639989,0.0263051013,False,2025-04-29,26.1306350302,71187790.2956945,2026-04-15 20:55:01.077757,0.0190345501,2026-04-15 15:56:41
54524320,(2025 DZ52),23.4,0.0555334912,0.1241766613,False,2025-04-29,7.0926688423,18068304.881911967,2026-04-15 20:55:01.077761,0.08985507625,2026-04-15 15:56:41
54524532,(2025 FN6),23.9,0.04411182,0.0986370281,False,2025-04-29,10.3373340774,10508267.015821127,2026-04-15 20:55:01.077765,0.07137442405,2026-04-15 15:56:41
54525462,(2025 FQ16),24.23,0.0378926498,0.0847305409,False,2025-04-29,6.1473396865,20232212.819341514,2026-04-15 20:55:01.077769,0.06131159535,2026-04-15 15:56:41
54529108,(2025 JC1),26.48,0.0134448195,0.0300635304,False,2025-04-29,9.1088822568,503446.05024923,2026-04-15 20:55:01.077773,0.02175417495,2026-04-15 15:56:41
54527890,(2025 HM6),27.12,0.010012787,0.0223892723,False,2025-04-29,10.7984249821,1986906.071372316,2026-04-15 20:55:01.077777,0.01620102965,2026-04-15 15:56:41
54527659,(2025 HX4),26.78,0.0117099483,0.0261842403,False,2025-04-29,3.4412486087,8559708.967163121,2026-04-15 20:55:01.077781,0.0189470943,2026-04-15 15:56:41
54527737,(2025 HL5),25.67,0.0195233786,0.0436556017,False,2025-04-29,8.3847921912,630999.088367308,2026-04-15 20:55:01.077785,0.031589490149999996,2026-04-15 15:56:41
54528331,(2025 HA19),24.59,0.0321036917,0.0717860371,False,2025-04-29,12.6771088119,2765278.554292085,2026-04-15 20:55:01.077789,0.0519448644,2026-04-15 15:56:41
54528328,(2025 HS18),27.34,0.0090480497,0.0202320542,False,2025-04-29,8.2743469961,1898780.733715911,2026-04-15 20:55:01.077793,0.01464005195,2026-04-15 15:56:41
54533159,(2025 KB2),26.47,0.013506878,0.0302022973,False,2025-04-29,3.2541498438,4980597.101248598,2026-04-15 20:55:01.077798,0.02185458765,2026-04-15 15:56:41
3550073,(2010 UJ7),25.4,0.022108281,0.0494356193,False,2025-04-30,17.4916267485,66614387.72082075,2026-04-15 20:55:14.710175,0.035771950149999995,2026-04-15 15:56:41
3719999,(2015 KR120),22.97,0.0676947481,0.1513700585,False,2025-04-30,16.5206928986,41114716.83844596,2026-04-15 20:55:14.710198,0.1095324033,2026-04-15 15:56:41
3802425,(2018 GN1),27.4,0.0088014652,0.0196806745,False,2025-04-30,14.9102692274,30005556.8717612,2026-04-15 20:55:14.710204,0.01424106985,2026-04-15 15:56:41
3805268,(2018 HS),25.1,0.0253837029,0.0567596853,False,2025-04-30,22.4118723769,34723968.731088005,2026-04-15 20:55:14.710208,0.0410716941,2026-04-15 15:56:41
3884012,(2019 UT8),27.2,0.0096506147,0.0215794305,False,2025-04-30,17.6144665219,72709123.57573165,2026-04-15 20:55:14.710212,0.0156150226,2026-04-15 15:56:41
54276734,(2022 HE3),25.32,0.0229379698,0.0512908597,False,2025-04-30,18.1069221051,35614251.64060803,2026-04-15 20:55:14.710217,0.03711441475,2026-04-15 15:56:41
54308049,(2022 SJ11),26.4,0.0139493823,0.0311917671,False,2025-04-30,25.965855272,53347319.48416216,2026-04-15 20:55:14.710221,0.0225705747,2026-04-15 15:56:41
54319454,(2022 UD7),25.88,0.0177237239,0.0396314515,False,2025-04-30,11.1413653341,32641107.638819657,2026-04-15 20:55:14.710225,0.0286775877,2026-04-15 15:56:41
54392657,(2023 TB7),25.55,0.0206326484,0.0461360043,False,2025-04-30,9.6929746162,29933439.28410372,2026-04-15 20:55:14.710229,0.03338432635,2026-04-15 15:56:41
54468531,(2024 RN3),26.46,0.0135692229,0.0303417048,False,2025-04-30,8.3571967745,67076760.314520866,2026-04-15 20:55:14.710234,0.021955463850000002,2026-04-15 15:56:41
54524051,(2025 FX),24.0,0.0421264611,0.0941976306,False,2025-04-30,9.1718162956,13467363.418581616,2026-04-15 20:55:14.710238,0.06816204584999999,2026-04-15 15:56:41
54527648,(2025 HM4),26.19,0.0153657929,0.0343589575,False,2025-04-30,18.9392136248,767144.31006841,2026-04-15 20:55:14.710242,0.0248623752,2026-04-15 15:56:41
54527743,(2025 HC6),26.64,0.0124897854,0.0279280092,False,2025-04-30,8.3543206485,8285537.56990226,2026-04-15 20:55:14.710246,0.0202088973,2026-04-15 15:56:41
54528736,(2025 JC),25.33,0.0228325794,0.0510551996,False,2025-04-30,10.7461562639,2139986.519946768,2026-04-15 20:55:14.710250,0.0369438895,2026-04-15 15:56:41
54554263,(2025 UE5),23.47,0.0537718498,0.1202375114,False,2025-04-30,10.3455949676,22520840.6805075,2026-04-15 20:55:14.710254,0.0870046806,2026-04-15 15:56:41
54110077,(2021 CR1),25.1,0.0253837029,0.0567596853,False,2025-05-01,13.4878899214,69098808.07745978,2026-04-15 20:55:14.710258,0.0410716941,2026-04-15 15:56:41
54138303,(2021 GT16),27.4,0.0088014652,0.0196806745,False,2025-05-01,14.5152218623,31464966.07324396,2026-04-15 20:55:14.710262,0.01424106985,2026-04-15 15:56:41
54144240,(2021 JZ2),22.91,0.0695913044,0.1556108872,False,2025-05-01,19.4987747275,60630567.42179523,2026-04-15 20:55:14.710267,0.1126010958,2026-04-15 15:56:41
54421069,(2024 BF),24.51,0.0333084924,0.0744800533,False,2025-05-01,4.5606837455,3635347.530341538,2026-04-15 20:55:14.710270,0.05389427285,2026-04-15 15:56:41
54527149,(2025 GT1),24.98,0.0268259417,0.0599846292,False,2025-05-01,11.0745778949,4308271.017862097,2026-04-15 20:55:14.710274,0.04340528545,2026-04-15 15:56:41
54527284,(2025 HE1),24.42,0.0347180222,0.0776318577,False,2025-05-01,10.0983583555,12766392.664162828,2026-04-15 20:55:14.710278,0.05617493995,2026-04-15 15:56:41
54527390,(2025 HF2),24.51,0.0333084924,0.0744800533,False,2025-05-01,13.3715312739,20306711.810612164,2026-04-15 20:55:14.710282,0.05389427285,2026-04-15 15:56:41
54528735,(2025 JB),27.52,0.0083282735,0.0186225856,False,2025-05-01,14.2480936362,199574.539063658,2026-04-15 20:55:14.710286,0.013475429550000001,2026-04-15 15:56:41
54527292,(2025 HN1),25.37,0.0224158379,0.0501233372,False,2025-05-01,6.2540075052,13368128.613983696,2026-04-15 20:55:14.710290,0.036269587549999996,2026-04-15 15:56:41
54527597,(2025 HP3),23.83,0.0455569852,0.1018685158,False,2025-05-01,6.5966037052,28340909.026741266,2026-04-15 20:55:14.710294,0.07371275050000001,2026-04-15 15:56:41
54528916,(2025 JF),28.56,0.0051588747,0.0115355944,False,2025-05-01,22.6995031207,173735.381605991,2026-04-15 20:55:14.710298,0.008347234549999999,2026-04-15 15:56:41
3485809,(2010 AO60),21.75,0.1187284988,0.2654849942,False,2025-05-03,16.5679222764,51908028.38375444,2026-04-15 20:55:14.710302,0.19210674649999998,2026-04-15 15:56:41
3634275,(2013 GF23),23.7,0.0483676488,0.1081533507,False,2025-05-03,16.1809956235,62423130.70577331,2026-04-15 20:55:14.710306,0.07826049975,2026-04-15 15:56:41
3774574,(2017 JJ2),25.1,0.0253837029,0.0567596853,False,2025-05-03,22.9476002368,35156445.67148753,2026-04-15 20:55:14.710310,0.0410716941,2026-04-15 15:56:41
54073370,(2020 UX),31.14,0.0015723708,0.003515928,False,2025-05-03,7.275686235,61954138.84015952,2026-04-15 20:55:14.710314,0.0025441494,2026-04-15 15:56:41
54135427,(2021 GP3),24.11,0.0400456158,0.0895447192,False,2025-05-03,20.9747416619,66218775.420576185,2026-04-15 20:55:14.710318,0.0647951675,2026-04-15 15:56:41
54142841,(2021 JO),21.63,0.1254743564,0.2805691903,False,2025-05-03,36.9167559605,69017178.90762983,2026-04-15 20:55:14.710323,0.20302177335,2026-04-15 15:56:41
54161068,(2021 MD),23.53,0.0523064176,0.1169607054,False,2025-05-03,9.6837067643,39538620.46061513,2026-04-15 20:55:14.710326,0.08463356150000001,2026-04-15 15:56:41
54317869,(2022 UX3),22.93,0.0689532874,0.154184238,False,2025-05-03,22.1856848317,21693283.245331477,2026-04-15 20:55:14.710331,0.11156876269999999,2026-04-15 15:56:41
54335008,(2022 YH),24.8,0.0291443905,0.0651688382,False,2025-05-03,17.3858330781,71678728.67747004,2026-04-15 20:55:14.710336,0.04715661435,2026-04-15 15:56:41
54352572,(2023 FC6),20.62,0.1997813652,0.4467247133,True,2025-05-03,11.458304295,9694857.021291427,2026-04-15 20:55:14.710339,0.32325303925000004,2026-04-15 15:56:41
54439998,(2024 JM2),23.78,0.0466181437,0.1042413384,False,2025-05-03,11.2602720548,2902752.234998361,2026-04-15 20:55:14.710343,0.07542974105,2026-04-15 15:56:41
54529110,(2025 JD1),25.0,0.02658,0.0594346868,False,2025-05-03,6.6732493827,8952297.954294132,2026-04-15 20:55:14.710347,0.043007343399999995,2026-04-15 15:56:41
54527741,(2025 HR5),25.35,0.0226232491,0.0505871228,False,2025-05-03,10.0431992633,14055242.760975225,2026-04-15 20:55:14.710352,0.03660518595,2026-04-15 15:56:41
54529316,(2025 JT1),23.61,0.0504144434,0.1127301225,False,2025-05-03,12.4978620062,15204593.322725805,2026-04-15 20:55:14.710373,0.08157228295,2026-04-15 15:56:41
54529548,(2025 JV1),26.17,0.0155079709,0.0346768771,False,2025-05-03,10.6183562084,3066057.189354555,2026-04-15 20:55:14.710378,0.025092424000000002,2026-04-15 15:56:41
54529727,(2025 JG2),25.6,0.0201629919,0.0450858206,False,2025-05-03,10.6493160265,3825112.189079946,2026-04-15 20:55:14.710382,0.03262440625,2026-04-15 15:56:41
3180147,(2004 HQ1),23.47,0.0537718498,0.1202375114,False,2025-05-02,15.2742817,38591185.13596095,2026-04-15 20:55:14.710386,0.0870046806,2026-04-15 15:56:41
3468431,(2009 SA100),23.9,0.04411182,0.0986370281,False,2025-05-02,6.1373410288,23280141.843527976,2026-04-15 20:55:14.710390,0.07137442405,2026-04-15 15:56:41
3627059,(2013 DF),24.6,0.0319561887,0.0714562102,False,2025-05-02,11.6274169593,61623817.991724126,2026-04-15 20:55:14.710394,0.05170619945,2026-04-15 15:56:41
3670293,(2014 HS184),23.3,0.058150704,0.130028927,False,2025-05-02,20.3979491241,70395021.65070973,2026-04-15 20:55:14.710398,0.09408981549999999,2026-04-15 15:56:41
3748562,(2016 GB1),21.56,0.1295850727,0.2897610314,False,2025-05-02,25.3065791243,9590520.211256733,2026-04-15 20:55:14.710402,0.20967305204999998,2026-04-15 15:56:41
3831479,(2018 TF3),20.48,0.2130860292,0.4764748465,True,2025-05-02,23.8972147635,16396369.256976692,2026-04-15 20:55:14.710406,0.34478043785,2026-04-15 15:56:41
3841529,(2019 HO),23.98,0.0425162524,0.0950692305,False,2025-05-02,9.2568314876,20835342.707155254,2026-04-15 20:55:14.710410,0.06879274145,2026-04-15 15:56:41
3841721,(2019 JV1),22.97,0.0676947481,0.1513700585,False,2025-05-02,16.244496061,21823731.10695256,2026-04-15 20:55:14.710414,0.1095324033,2026-04-15 15:56:41
54135432,(2021 GU3),26.9,0.0110803882,0.0247765013,False,2025-05-02,22.8650145876,70746267.17209607,2026-04-15 20:55:14.710418,0.01792844475,2026-04-15 15:56:41
54139086,(2021 HV1),19.87,0.2821986791,0.6310154296,False,2025-05-02,37.0602656037,26859482.96817828,2026-04-15 20:55:14.710422,0.45660705435000004,2026-04-15 15:56:41
54212592,(2021 UL1),24.66,0.0310852938,0.0695088301,False,2025-05-02,8.5065507397,69561775.24789421,2026-04-15 20:55:14.710426,0.05029706195,2026-04-15 15:56:41
54239841,(2022 BH1),20.91,0.1748054532,0.3908768761,True,2025-05-02,45.1307634229,72780519.09935,2026-04-15 20:55:14.710431,0.28284116465,2026-04-15 15:56:41
54251532,(2022 EA3),27.31,0.0091739206,0.0205135101,False,2025-05-02,3.756638964,50051697.6912276,2026-04-15 20:55:14.710435,0.01484371535,2026-04-15 15:56:41
54317171,(2022 UW1),23.54,0.0520660914,0.1164233197,False,2025-05-02,15.5440350691,38122709.06884313,2026-04-15 20:55:14.710439,0.08424470554999999,2026-04-15 15:56:41
54528918,(2025 JJ),26.22,0.0151549664,0.033887535,False,2025-05-02,19.4440499923,660069.305500596,2026-04-15 20:55:14.710442,0.024521250700000004,2026-04-15 15:56:41
54527376,(2025 HR1),27.11,0.0100590039,0.0224926165,False,2025-05-02,6.3330828259,4807623.187760694,2026-04-15 20:55:14.710446,0.0162758102,2026-04-15 15:56:41
54527736,(2025 HJ5),26.83,0.0114433973,0.0255882143,False,2025-05-02,7.7737571419,4160595.390732875,2026-04-15 20:55:14.710450,0.0185158058,2026-04-15 15:56:41
54528530,(2025 HP22),28.47,0.005377185,0.0120237511,False,2025-05-02,10.8625262776,493330.870590884,2026-04-15 20:55:14.710454,0.00870046805,2026-04-15 15:56:41
54528531,(2025 JA),28.14,0.006259721,0.0139971617,False,2025-05-02,5.3232197222,510178.193755822,2026-04-15 20:55:14.710459,0.01012844135,2026-04-15 15:56:41
54528921,(2025 JL),24.17,0.0389542616,0.087104377,False,2025-05-02,3.9561075322,29915624.945347317,2026-04-15 20:55:14.710463,0.0630293193,2026-04-15 15:56:41
3076550,(2000 WL63),19.8,0.2914439045,0.6516883822,False,2025-05-05,9.9796968621,41368211.1921101,2026-04-15 20:55:14.710467,0.47156614335,2026-04-15 15:56:41
3465236,(2009 OS5),24.4,0.0350392641,0.0783501764,False,2025-05-05,14.2830155391,66673217.03831889,2026-04-15 20:55:14.710471,0.05669472025,2026-04-15 15:56:41
3841713,(2019 JM1),24.0,0.0421264611,0.0941976306,False,2025-05-05,31.181919441,42100639.95510439,2026-04-15 20:55:14.710475,0.06816204584999999,2026-04-15 15:56:41
3971134,(2020 AK),19.01,0.4193290755,0.9376483177,False,2025-05-05,10.7588692294,19896771.7145292,2026-04-15 20:55:14.710479,0.6784886966,2026-04-15 15:56:41
54100620,(2020 YF),28.82,0.0045767267,0.010233872,False,2025-05-05,6.7573113879,37289913.19497289,2026-04-15 20:55:14.710483,0.00740529935,2026-04-15 15:56:41
54216314,(2021 VH2),28.8,0.0046190746,0.0103285648,False,2025-05-05,8.0034510889,30889564.49470982,2026-04-15 20:55:14.710507,0.0074738197,2026-04-15 15:56:41
54278174,(2022 JP),23.43,0.0547715431,0.1224728936,False,2025-05-05,18.0768412211,53088046.329337575,2026-04-15 20:55:14.710512,0.08862221835,2026-04-15 15:56:41
54291604,(2022 OW1),25.93,0.0173202827,0.0387293295,False,2025-05-05,5.7503208931,64865700.863802604,2026-04-15 20:55:14.710516,0.0280248061,2026-04-15 15:56:41
54289654,(2022 ND),25.32,0.0229379698,0.0512908597,False,2025-05-05,13.979793473,35770836.03033277,2026-04-15 20:55:14.710520,0.03711441475,2026-04-15 15:56:41
54397455,(2023 UR3),26.27,0.0148099972,0.0331161605,False,2025-05-05,8.2505388631,30936179.475237772,2026-04-15 20:55:14.710524,0.02396307885,2026-04-15 15:56:41
54430725,(2024 ET3),28.39,0.0055789822,0.0124749835,False,2025-05-05,5.9663458658,34298383.77951917,2026-04-15 20:55:14.710528,0.00902698285,2026-04-15 15:56:41
54439891,(2024 JD2),24.63,0.0315177333,0.0704757942,False,2025-05-05,13.4111675164,36186981.20670673,2026-04-15 20:55:14.710532,0.05099676375,2026-04-15 15:56:41
54487074,(2024 TC2),26.54,0.0130784109,0.0292442157,False,2025-05-05,7.3138128834,55379624.02114337,2026-04-15 20:55:14.710536,0.021161313299999998,2026-04-15 15:56:41
54524518,(2025 FA6),23.67,0.0490405098,0.1096579137,False,2025-05-05,8.4723901829,11015645.500399688,2026-04-15 20:55:14.710540,0.07934921175,2026-04-15 15:56:41
54524526,(2025 FK6),23.14,0.06259721,0.1399716167,False,2025-05-05,13.4932468746,27324926.806149486,2026-04-15 20:55:14.710544,0.10128441334999999,2026-04-15 15:56:41
54525640,(2025 FJ18),24.24,0.0377185489,0.0843412394,False,2025-05-05,8.6603532585,12126669.117775843,2026-04-15 20:55:14.710549,0.06102989415,2026-04-15 15:56:41
54529552,(2025 JZ1),22.78,0.0738847787,0.1652113876,False,2025-05-05,12.1824845944,2745399.001980543,2026-04-15 20:55:14.710553,0.11954808315000001,2026-04-15 15:56:41
3348144,(2006 TL),23.9,0.04411182,0.0986370281,False,2025-05-04,11.2761095741,46661265.675097175,2026-04-15 20:55:14.710557,0.07137442405,2026-04-15 15:56:41
3460325,(2009 KY1),23.84,0.0453476699,0.1014004725,False,2025-05-04,4.9598349901,18701690.99877236,2026-04-15 20:55:14.710562,0.0733740712,2026-04-15 15:56:41
3883096,(2019 UU7),26.03,0.0165407416,0.0369862226,False,2025-05-04,16.3779389932,68116244.8541626,2026-04-15 20:55:14.710566,0.0267634821,2026-04-15 15:56:41
3942366,(2019 YO),26.5,0.0133215567,0.0297879063,False,2025-05-04,4.1387060039,32565747.068536315,2026-04-15 20:55:14.710571,0.0215547315,2026-04-15 15:56:41
54017159,(2020 JN3),27.4,0.0088014652,0.0196806745,False,2025-05-04,16.9334462612,56357283.18690535,2026-04-15 20:55:14.710575,0.01424106985,2026-04-15 15:56:41
54017292,(2020 KR6),20.04,0.2609486033,0.5834988155,False,2025-05-04,12.1419822142,72351619.98648877,2026-04-15 20:55:14.710579,0.42222370940000004,2026-04-15 15:56:41
54051050,(2020 PY2),26.5,0.0133215567,0.0297879063,False,2025-05-04,31.4063196521,72045099.0820657,2026-04-15 20:55:14.710584,0.0215547315,2026-04-15 15:56:41
54054611,(2020 SM4),27.7,0.0076657557,0.0171411509,False,2025-05-04,19.8313884331,61713317.61021329,2026-04-15 20:55:14.710588,0.012403453299999999,2026-04-15 15:56:41
54203700,(2021 TR3),25.43,0.021804944,0.0487573371,False,2025-05-04,14.2400035334,52502683.92622736,2026-04-15 20:55:14.710592,0.03528114055,2026-04-15 15:56:41
54291306,(2022 ON1),24.42,0.0347180222,0.0776318577,False,2025-05-04,6.1182245293,67642657.67109774,2026-04-15 20:55:14.710596,0.05617493995,2026-04-15 15:56:41
54386830,(2023 SJ4),25.32,0.0229379698,0.0512908597,False,2025-05-04,13.6972358297,22325532.08926455,2026-04-15 20:55:14.710600,0.03711441475,2026-04-15 15:56:41
54527596,(2025 HN3),25.39,0.0222103282,0.0496638037,False,2025-05-04,13.9987578982,3041147.692900216,2026-04-15 20:55:14.710605,0.03593706595,2026-04-15 15:56:41
54528922,(2025 JM),25.3,0.0231502122,0.0517654482,False,2025-05-04,11.2459954795,6552564.57786743,2026-04-15 20:55:14.710609,0.0374578302,2026-04-15 15:56:41
54527378,(2025 HT1),24.18,0.038775283,0.0867041687,False,2025-05-04,12.8303958457,8638310.350903207,2026-04-15 20:55:14.710613,0.06273972585,2026-04-15 15:56:41
2387733,387733 (2003 GS),18.93,0.4350658314,0.9728367737,False,2025-05-06,9.1715507702,23782605.783760656,2026-04-15 20:55:14.710617,0.7039513025499999,2026-04-15 15:56:41
3719196,(2015 JR1),26.1,0.0160160338,0.0358129403,False,2025-05-06,8.5993203245,11196273.005474448,2026-04-15 20:55:14.710622,0.025914487049999997,2026-04-15 15:56:41
3752902,(2016 JG12),22.55,0.0821400526,0.1836707413,False,2025-05-06,7.5763956588,69671299.33415158,2026-04-15 20:55:14.710626,0.13290539695,2026-04-15 15:56:41
3774095,(2017 HQ3),25.71,0.0191670368,0.0428587972,False,2025-05-06,16.9943786741,72121576.04141371,2026-04-15 20:55:14.710630,0.031012917,2026-04-15 15:56:41
3843051,(2019 MG2),22.14,0.0992098919,0.2218400624,False,2025-05-06,24.8728899902,64161859.99944893,2026-04-15 20:55:14.710634,0.16052497715,2026-04-15 15:56:41
54143421,(2021 JG1),24.76,0.0296862251,0.0663804174,False,2025-05-06,19.8792677095,55137393.11550833,2026-04-15 20:55:14.710638,0.048033321250000004,2026-04-15 15:56:41
54143552,(2021 JN1),24.77,0.0295498293,0.0660754271,False,2025-05-06,16.332283291,7004295.272768714,2026-04-15 20:55:14.710642,0.0478126282,2026-04-15 15:56:41
54200306,(2021 SV1),26.48,0.0134448195,0.0300635304,False,2025-05-06,18.3125277876,45440383.81470143,2026-04-15 20:55:14.710646,0.02175417495,2026-04-15 15:56:41
54280486,(2022 KU3),23.0,0.0667659413,0.1492931834,False,2025-05-06,11.1127841953,54791570.39723121,2026-04-15 20:55:14.710651,0.10802956235,2026-04-15 15:56:41
54492950,(2024 TU20),24.7,0.0305179233,0.0682401509,False,2025-05-06,8.1801363134,26665868.28857712,2026-04-15 20:55:14.710655,0.0493790371,2026-04-15 15:56:41
54527735,(2025 HF5),25.82,0.0182202771,0.0407417781,False,2025-05-06,4.2824495917,1359101.839996089,2026-04-15 20:55:14.710659,0.0294810276,2026-04-15 15:56:41
54528919,(2025 JK),26.6,0.0127219879,0.0284472297,False,2025-05-06,5.5413723224,5066370.685589668,2026-04-15 20:55:14.710663,0.0205846088,2026-04-15 15:56:41
54528046,(2025 HZ6),24.73,0.0300992017,0.067303861,False,2025-05-06,5.9750649012,11171388.4918644,2026-04-15 20:55:14.710668,0.04870153135000001,2026-04-15 15:56:41
54529553,(2025 JA2),23.22,0.0603330078,0.1349087066,False,2025-05-06,21.2827414825,3543319.378734064,2026-04-15 20:55:14.710672,0.09762085720000001,2026-04-15 15:56:41
3151655,(2003 FY6),22.61,0.0799015081,0.1786652037,False,2025-05-10,23.4284759733,42896640.79670858,2026-04-15 20:55:25.782168,0.1292833559,2026-04-15 15:56:41
3703548,(2015 AP44),26.2,0.0152951935,0.0342010925,False,2025-05-10,18.1272738296,69612402.84720981,2026-04-15 20:55:25.782191,0.024748143,2026-04-15 15:56:41
3736517,(2015 XY261),27.2,0.0096506147,0.0215794305,False,2025-05-10,16.8802770314,25876391.91871639,2026-04-15 20:55:25.782197,0.0156150226,2026-04-15 15:56:41
54054748,(2020 TG),25.61,0.0200703514,0.0448786701,False,2025-05-10,13.8196663532,40460116.99563023,2026-04-15 20:55:25.782201,0.03247451075,2026-04-15 15:56:41
54146075,(2021 KH),26.35,0.0142743051,0.0319183166,False,2025-05-10,7.2445983121,6991011.10159101,2026-04-15 20:55:25.782205,0.023096310850000003,2026-04-15 15:56:41
54151573,(2021 KZ2),25.24,0.0237987955,0.0532157244,False,2025-05-10,16.9620122408,54463032.06725602,2026-04-15 20:55:25.782210,0.03850725995,2026-04-15 15:56:41
54248949,(2022 EO),29.49,0.0033616692,0.0075169209,False,2025-05-10,7.6367481022,35563387.5868991,2026-04-15 20:55:25.782214,0.00543929505,2026-04-15 15:56:41
54358912,(2023 JF5),23.67,0.0490405098,0.1096579137,False,2025-05-10,12.9852081981,39413562.07169781,2026-04-15 20:55:25.782218,0.07934921175,2026-04-15 15:56:41
54373546,(2023 ML),23.0,0.0667659413,0.1492931834,False,2025-05-10,15.6143598988,36620074.37065237,2026-04-15 20:55:25.782222,0.10802956235,2026-04-15 15:56:41
54527450,(2025 HX2),24.36,0.0356906927,0.079806815,False,2025-05-10,14.2355142298,18962936.466874804,2026-04-15 20:55:25.782227,0.05774875385,2026-04-15 15:56:41
54529311,(2025 JK1),26.45,0.0136318556,0.0304817558,False,2025-05-10,8.024219934,1240453.734768057,2026-04-15 20:55:25.782231,0.0220568057,2026-04-15 15:56:41
54528923,(2025 JO),27.0,0.0105816886,0.023661375,False,2025-05-10,15.5942118753,1431516.663661473,2026-04-15 20:55:25.782235,0.0171215318,2026-04-15 15:56:41
54527379,(2025 FE29),24.06,0.040978398,0.0916304836,False,2025-05-10,6.5820304362,10495408.495462935,2026-04-15 20:55:25.782239,0.0663044408,2026-04-15 15:56:41
54529103,(2025 JU),23.25,0.0595052079,0.1330576898,False,2025-05-10,16.26482046,19942214.76030336,2026-04-15 20:55:25.782243,0.09628144884999999,2026-04-15 15:56:41
54529550,(2025 JX1),25.13,0.0250354255,0.0559809132,False,2025-05-10,6.7648594334,850377.393461566,2026-04-15 20:55:25.782247,0.04050816935,2026-04-15 15:56:41
54529697,(2025 JC2),21.56,0.1295850727,0.2897610314,False,2025-05-10,18.0676639101,17940960.278506164,2026-04-15 20:55:25.782251,0.20967305204999998,2026-04-15 15:56:41
54529811,(2025 JH2),27.05,0.01034082,0.0231227764,False,2025-05-10,5.4638041061,3786461.81411058,2026-04-15 20:55:25.782255,0.016731798200000002,2026-04-15 15:56:41
54529549,(2025 JW1),25.96,0.0170826395,0.0381979432,False,2025-05-10,12.2998922472,1162986.362721719,2026-04-15 20:55:25.782259,0.02764029135,2026-04-15 15:56:41
3564142,(2011 HJ7),22.39,0.0884209093,0.1977151638,False,2025-05-12,15.7792302929,2513733.535672983,2026-04-15 20:55:25.782263,0.14306803655,2026-04-15 15:56:41
3582867,(2011 UY114),23.65,0.0494942761,0.1106725658,False,2025-05-12,5.3682978052,40229879.39611245,2026-04-15 20:55:25.782267,0.08008342095,2026-04-15 15:56:41
3752720,(2016 HT19),23.0,0.0667659413,0.1492931834,False,2025-05-12,13.5282197689,32385533.51572763,2026-04-15 20:55:25.782271,0.10802956235,2026-04-15 15:56:41
3752703,(2016 JE),21.94,0.1087814834,0.2432427915,False,2025-05-12,12.0257146777,28214109.57293353,2026-04-15 20:55:25.782275,0.17601213745,2026-04-15 15:56:41
3774133,(2017 HA5),27.5,0.008405334,0.0187948982,False,2025-05-12,14.4911176981,46707768.17298668,2026-04-15 20:55:25.782279,0.0136001161,2026-04-15 15:56:41
3795061,(2017 YZ4),28.1,0.0063760979,0.0142573883,False,2025-05-12,19.797863524,52689144.83568511,2026-04-15 20:55:25.782283,0.0103167431,2026-04-15 15:56:41
3841764,(2019 JV2),23.0,0.0667659413,0.1492931834,False,2025-05-12,17.4280712738,13274490.280662265,2026-04-15 20:55:25.782287,0.10802956235,2026-04-15 15:56:41
3878618,(2019 TK5),27.46,0.0085616008,0.0191443215,False,2025-05-12,14.9589829391,47499606.52865705,2026-04-15 20:55:25.782291,0.013852961149999999,2026-04-15 15:56:41
54016947,(2020 JB),23.47,0.0537718498,0.1202375114,False,2025-05-12,12.7211833672,12014186.09036838,2026-04-15 20:55:25.782295,0.0870046806,2026-04-15 15:56:41
54280490,(2022 KB4),24.46,0.0340843469,0.0762149166,False,2025-05-12,6.1776940806,13263331.34170514,2026-04-15 20:55:25.782299,0.05514963175,2026-04-15 15:56:41
54279925,(2022 KX),25.73,0.0189913123,0.0424658654,False,2025-05-12,22.6861284566,30220351.99179163,2026-04-15 20:55:25.782303,0.03072858885,2026-04-15 15:56:41
54490134,(2024 TX9),26.38,0.0140784543,0.0314803809,False,2025-05-12,6.9104075417,33988821.580318585,2026-04-15 20:55:25.782307,0.0227794176,2026-04-15 15:56:41
54524049,(2025 FV),22.29,0.0925880583,0.2070331923,False,2025-05-12,4.6101618388,23363728.815642405,2026-04-15 20:55:25.782311,0.1498106253,2026-04-15 15:56:41
54527738,(2025 HN5),22.35,0.0900647767,0.2013909631,False,2025-05-12,17.9613511516,29381208.126785167,2026-04-15 20:55:25.782315,0.1457278699,2026-04-15 15:56:41
54529106,(2025 JA1),25.45,0.0216050351,0.0483103272,False,2025-05-12,12.5592453823,1529528.745028734,2026-04-15 20:55:25.782319,0.03495768115,2026-04-15 15:56:41
2797455,797455 (2011 HJ7),22.32,0.0913177026,0.2041925905,False,2025-05-12,15.7792302946,2513733.520713196,2026-04-15 20:55:25.782323,0.14775514655,2026-04-15 15:56:41
2883081,883081 (2016 JE),21.94,0.1087814834,0.2432427915,False,2025-05-12,12.0257146908,28214109.57293353,2026-04-15 20:55:25.782327,0.17601213745,2026-04-15 15:56:41
2523809,523809 (2007 TV18),23.79,0.0464039528,0.1037623929,False,2025-05-11,7.2128687032,20693899.491847888,2026-04-15 20:55:25.782331,0.07508317285,2026-04-15 15:56:41
3182181,(2004 JP12),23.6,0.0506471459,0.1132504611,False,2025-05-11,26.6551760153,7943557.078438852,2026-04-15 20:55:25.782335,0.0819488035,2026-04-15 15:56:41
3653907,(2013 WY43),26.7,0.0121494041,0.0271668934,False,2025-05-11,20.4937551914,54270478.515266344,2026-04-15 20:55:25.782339,0.01965814875,2026-04-15 15:56:41
3683472,(2014 QZ295),24.8,0.0291443905,0.0651688382,False,2025-05-11,12.1709192917,14098102.460971503,2026-04-15 20:55:25.782343,0.04715661435,2026-04-15 15:56:41
3735392,(2015 WA1),21.75,0.1187284988,0.2654849942,False,2025-05-11,9.2601447008,20013126.54424928,2026-04-15 20:55:25.782347,0.19210674649999998,2026-04-15 15:56:41
54221204,(2021 VW22),26.82,0.0114962176,0.0257063241,False,2025-05-11,9.6411469753,71568609.64048368,2026-04-15 20:55:25.782351,0.01860127085,2026-04-15 15:56:41
54280290,(2022 KF3),27.07,0.0102460147,0.0229107855,False,2025-05-11,30.207399041,46521884.3971516,2026-04-15 20:55:25.782356,0.0165784001,2026-04-15 15:56:41
54440314,(2024 JG3),22.67,0.0777239702,0.1737960809,False,2025-05-11,28.7456838368,57029895.27149971,2026-04-15 20:55:25.782360,0.12576002555000002,2026-04-15 15:56:41
54529551,(2025 JY1),25.04,0.0260948603,0.0583498816,False,2025-05-11,9.2404331269,12613764.584587468,2026-04-15 20:55:25.782364,0.042222370950000004,2026-04-15 15:56:41
54532560,(2025 KB),24.65,0.031228777,0.0698296682,False,2025-05-11,10.0321903617,3285092.242136098,2026-04-15 20:55:25.782368,0.0505292226,2026-04-15 15:56:41
2842527,842527 (2015 WA1),21.75,0.1187284988,0.2654849942,False,2025-05-11,9.2601446547,20013126.54424928,2026-04-15 20:55:25.782372,0.19210674649999998,2026-04-15 15:56:41
3596097,(2011 YU74),22.85,0.0715409951,0.1599705282,False,2025-05-13,5.0216467073,4363318.261850044,2026-04-15 20:55:25.782376,0.11575576165,2026-04-15 15:56:41
3703538,(2015 AA44),23.9,0.04411182,0.0986370281,False,2025-05-13,7.3740433565,26641284.451725986,2026-04-15 20:55:25.782380,0.07137442405,2026-04-15 15:56:41
3728898,(2015 TF),22.14,0.0992098919,0.2218400624,False,2025-05-13,11.2603498319,36483645.22715379,2026-04-15 20:55:25.782384,0.16052497715,2026-04-15 15:56:41
3893340,(2019 VD6),23.14,0.06259721,0.1399716167,False,2025-05-13,17.2872984214,32350643.118663058,2026-04-15 20:55:25.782388,0.10128441334999999,2026-04-15 15:56:41
54297620,(2022 QO4),24.93,0.0274507982,0.0613818507,False,2025-05-13,16.788215946,39835582.31546157,2026-04-15 20:55:25.782392,0.04441632445,2026-04-15 15:56:41
54528330,(2025 HV18),23.49,0.0532788665,0.1191351672,False,2025-05-13,7.510578981,23412907.11079345,2026-04-15 20:55:25.782396,0.08620701685,2026-04-15 15:56:41
54533095,(2025 KQ1),24.1,0.040230458,0.0899580388,False,2025-05-13,18.274602859,6945501.724121292,2026-04-15 20:55:25.782400,0.0650942484,2026-04-15 15:56:41
3092201,(1998 VE31),20.99,0.1684825693,0.3767384779,False,2025-05-07,13.6710764496,19375860.681429375,2026-04-15 20:55:25.782404,0.2726105236,2026-04-15 15:56:41
3553988,(2010 XR69),25.4,0.022108281,0.0494356193,False,2025-05-07,12.04496786,67673610.47270647,2026-04-15 20:55:25.782408,0.035771950149999995,2026-04-15 15:56:41
3608565,(2012 RH10),22.11,0.100590039,0.2249261651,False,2025-05-07,22.7211251741,46709919.37539749,2026-04-15 20:55:25.782412,0.16275810205,2026-04-15 15:56:41
3789741,(2017 WY27),27.9,0.0069912523,0.0156329154,False,2025-05-07,18.5651173984,54268604.98146204,2026-04-15 20:55:25.782416,0.01131208385,2026-04-15 15:56:41
54100286,(2020 XA6),24.11,0.0400456158,0.0895447192,False,2025-05-07,19.55778415,11635344.39950102,2026-04-15 20:55:25.782420,0.0647951675,2026-04-15 15:56:41
54266164,(2022 FZ3),28.88,0.0044519982,0.0099549705,False,2025-05-07,5.3496510535,60939368.9906258,2026-04-15 20:55:25.782424,0.00720348435,2026-04-15 15:56:41
54357785,(2023 JX),22.74,0.0752583992,0.1682828966,False,2025-05-07,17.94788983,72648953.29284641,2026-04-15 20:55:25.782428,0.1217706479,2026-04-15 15:56:41
54529314,(2025 JQ1),24.45,0.0342416731,0.0765667087,False,2025-05-07,9.3224718102,14920290.230201747,2026-04-15 20:55:25.782432,0.0554041909,2026-04-15 15:56:41
54527451,(2025 HY2),24.81,0.0290104841,0.0648694146,False,2025-05-07,13.6009898282,6815703.147175579,2026-04-15 20:55:25.782436,0.046939949349999996,2026-04-15 15:56:41
54529728,(2025 JF2),25.92,0.0174002295,0.038908096,False,2025-05-07,16.7008136913,4572432.313008501,2026-04-15 20:55:25.782440,0.028154162750000003,2026-04-15 15:56:41
54534095,(2025 KH13),25.63,0.0198863453,0.04446722,False,2025-05-07,4.1670864327,4249563.158874611,2026-04-15 20:55:25.782444,0.03217678265,2026-04-15 15:56:41
3124996,(2002 JX8),20.43,0.2180494405,0.4875733714,True,2025-05-09,5.1377182414,4206591.948626035,2026-04-15 20:55:25.782448,0.35281140595,2026-04-15 15:56:41
3529624,(2010 LL68),22.88,0.0705594158,0.1577756503,False,2025-05-09,20.1505868655,58220493.85555391,2026-04-15 20:55:25.782452,0.11416753304999999,2026-04-15 15:56:41
3703059,(2014 YE15),28.3,0.0058150704,0.0130028927,False,2025-05-09,10.1603634928,50055116.19703433,2026-04-15 20:55:25.782456,0.009408981549999999,2026-04-15 15:56:41
3776269,(2017 MM8),22.58,0.0810130488,0.1811506842,False,2025-05-09,30.0429597117,71558598.05735031,2026-04-15 20:55:25.782460,0.1310818665,2026-04-15 15:56:41
3792427,(2017 XN61),22.41,0.0876102615,0.1959025002,False,2025-05-09,2.5422801951,26442634.098383613,2026-04-15 20:55:25.782464,0.14175638085,2026-04-15 15:56:41
3797690,(2018 AF12),21.79,0.1165614595,0.2606393469,False,2025-05-09,36.9288811728,69973458.47331819,2026-04-15 20:55:25.782468,0.18860040320000002,2026-04-15 15:56:41
54049794,(2020 OY4),30.35,0.0022623249,0.0050587123,False,2025-05-09,9.7930687884,60623372.12328312,2026-04-15 20:55:25.782472,0.0036605186,2026-04-15 15:56:41
54216373,(2021 VX3),25.68,0.0194336768,0.0434550225,False,2025-05-09,10.870918893,63781662.30860854,2026-04-15 20:55:25.782476,0.03144434965,2026-04-15 15:56:41
2612356,612356 (2002 JX8),19.99,0.2670268771,0.5970902489,True,2025-05-09,5.1376950261,4206653.328632096,2026-04-15 20:55:25.782480,0.432058563,2026-04-15 15:56:41
54278143,(2022 JO),25.81,0.018304378,0.0409298336,False,2025-05-09,9.0444428986,8350773.31146464,2026-04-15 20:55:25.782484,0.0296171058,2026-04-15 15:56:41
54496384,(2024 UW6),26.97,0.0107288945,0.0239905375,False,2025-05-09,7.2110708452,58445657.28979851,2026-04-15 20:55:25.782488,0.017359716,2026-04-15 15:56:41
54524505,(2025 DJ53),18.76,0.4704949611,1.0520587161,False,2025-05-09,17.5043801843,12546332.581735833,2026-04-15 20:55:25.782492,0.7612768386,2026-04-15 15:56:41
54527593,(2025 HK3),23.34,0.057089334,0.1276556316,False,2025-05-09,16.1722369023,15271152.57160386,2026-04-15 20:55:25.782496,0.0923724828,2026-04-15 15:56:41
54529554,(2025 JB2),26.31,0.0145396843,0.0325117225,False,2025-05-09,9.6058351308,5150344.353238259,2026-04-15 20:55:25.782501,0.0235257034,2026-04-15 15:56:41
54532954,(2025 KV),23.89,0.0443154309,0.099092316,False,2025-05-09,24.6140175537,11309651.061978335,2026-04-15 20:55:25.782505,0.07170387345,2026-04-15 15:56:41
54533317,(2025 KW2),25.06,0.0258556212,0.0578149266,False,2025-05-09,9.8818899051,21103780.706209216,2026-04-15 20:55:25.782509,0.0418352739,2026-04-15 15:56:41
2825328,825328 (2017 XN61),22.41,0.0876102615,0.1959025002,False,2025-05-09,2.5422802644,26442634.098383613,2026-04-15 20:55:25.782513,0.14175638085,2026-04-15 15:56:41
3550117,(2010 VB),25.6,0.0201629919,0.0450858206,False,2025-05-08,9.7775700009,46531564.18716909,2026-04-15 20:55:25.782517,0.03262440625,2026-04-15 15:56:41
54016819,(2020 HT8),28.6,0.0050647146,0.0113250461,False,2025-05-08,25.184028203,30897777.07369772,2026-04-15 20:55:25.782521,0.00819488035,2026-04-15 15:56:41
54017094,(2020 KA1),26.7,0.0121494041,0.0271668934,False,2025-05-08,12.3629859921,37479922.850143,2026-04-15 20:55:25.782525,0.01965814875,2026-04-15 15:56:41
54075984,(2020 UM3),24.34,0.0360209346,0.0805452583,False,2025-05-08,7.7863788611,11379639.168835726,2026-04-15 20:55:25.782530,0.05828309645,2026-04-15 15:56:41
54138707,(2021 HZ),25.37,0.0224158379,0.0501233372,False,2025-05-08,10.1870513294,7647451.132845832,2026-04-15 20:55:25.782534,0.036269587549999996,2026-04-15 15:56:41
54199511,(2021 RR23),20.52,0.2091967709,0.4677782004,True,2025-05-08,25.8030550261,63086400.38842639,2026-04-15 20:55:25.782538,0.33848748565,2026-04-15 15:56:41
54354970,(2023 HV2),24.8,0.0291443905,0.0651688382,False,2025-05-08,23.9983120969,52847252.4159624,2026-04-15 20:55:25.782542,0.04715661435,2026-04-15 15:56:41
54385807,(2023 SK3),25.87,0.0178055329,0.039814382,False,2025-05-08,9.5702625478,43332204.34508046,2026-04-15 20:55:25.782546,0.02880995745,2026-04-15 15:56:41
54527656,(2025 HU4),23.93,0.0435065831,0.0972836774,False,2025-05-08,24.3310921096,8031764.470526952,2026-04-15 20:55:25.782550,0.07039513025000001,2026-04-15 15:56:41
54528737,(2025 JE),28.62,0.005018281,0.0112212175,False,2025-05-08,6.0965970149,366503.771096768,2026-04-15 20:55:25.782554,0.00811974925,2026-04-15 15:56:41
54529312,(2025 JO1),23.46,0.0540200494,0.1207925025,False,2025-05-08,10.0571479941,17016162.91136888,2026-04-15 20:55:25.782558,0.08740627595,2026-04-15 15:56:41
54533093,(2025 KN1),24.31,0.0365220357,0.0816657545,False,2025-05-08,6.3133183506,13316853.360609503,2026-04-15 20:55:25.782562,0.0590938951,2026-04-15 15:56:41
54533420,(2025 KD4),24.67,0.0309424699,0.069189466,False,2025-05-08,4.7991367043,15332152.569155488,2026-04-15 20:55:25.782567,0.05006596795,2026-04-15 15:56:41
2524471,524471 (2002 JW15),20.36,0.2251930467,0.5035469604,False,2025-05-20,8.0696755439,17390907.430732466,2026-04-15 20:55:37.606475,0.36437000355000004,2026-04-15 15:56:41
3427460,(2008 ST),27.1,0.0101054342,0.0225964377,False,2025-05-20,2.5334067007,5184852.797021148,2026-04-15 20:55:37.606497,0.01635093595,2026-04-15 15:56:41
3653694,(2013 VO13),22.73,0.0756057762,0.1690596552,False,2025-05-20,16.039266019,14107085.42411054,2026-04-15 20:55:37.606503,0.1223327157,2026-04-15 15:56:41
3720359,(2015 KU121),22.9,0.0699125232,0.1563291544,False,2025-05-20,11.167832478,64668591.92203336,2026-04-15 20:55:37.606507,0.11312083880000001,2026-04-15 15:56:41
3791307,(2017 UM52),29.53,0.0033003118,0.0073797216,False,2025-05-20,16.4263602574,70750673.1285633,2026-04-15 20:55:37.606512,0.0053400167,2026-04-15 15:56:41
3837644,(2019 AY3),23.82,0.0457672667,0.1023387195,False,2025-05-20,21.8417497375,17030484.36425759,2026-04-15 20:55:37.606516,0.07405299309999999,2026-04-15 15:56:41
3841669,(2019 HF4),27.6,0.0080270317,0.0179489885,False,2025-05-20,12.3426289375,30370434.723448087,2026-04-15 20:55:37.606520,0.012988010099999999,2026-04-15 15:56:41
3972422,(2020 AW),28.73,0.004770402,0.0106669431,False,2025-05-20,11.0069172219,55151931.50026833,2026-04-15 20:55:37.606524,0.00771867255,2026-04-15 15:56:41
54016805,(2020 HS7),29.1,0.0040230458,0.0089958039,False,2025-05-20,11.5047275884,22119927.09550353,2026-04-15 20:55:37.606529,0.00650942485,2026-04-15 15:56:41
54017665,(2020 MR3),22.7,0.0766575574,0.1714115092,False,2025-05-20,21.0701439102,25507255.73374038,2026-04-15 20:55:37.606533,0.1240345333,2026-04-15 15:56:41
54350417,(2023 EZ2),25.55,0.0206326484,0.0461360043,False,2025-05-20,1.1154524861,54524685.627982095,2026-04-15 20:55:37.606537,0.03338432635,2026-04-15 15:56:41
54527744,(2025 HD6),25.19,0.0243531406,0.0544552779,False,2025-05-20,5.8877342915,8758069.025838759,2026-04-15 20:55:37.606541,0.03940420925,2026-04-15 15:56:41
54529112,(2025 JE1),25.79,0.0184737464,0.0413085527,False,2025-05-20,1.3561466847,4349662.818678574,2026-04-15 20:55:37.606545,0.029891149550000003,2026-04-15 15:56:41
54534097,(2025 KK13),23.28,0.0586887658,0.1312320699,False,2025-05-20,5.9529499874,22156609.301056035,2026-04-15 20:55:37.606549,0.09496041785,2026-04-15 15:56:41
3829424,(2018 RO5),25.61,0.0200703514,0.0448786701,False,2025-05-14,8.4146804652,37611393.87143616,2026-04-15 20:55:37.606554,0.03247451075,2026-04-15 15:56:41
3830890,(2018 SP2),24.8,0.0291443905,0.0651688382,False,2025-05-14,21.6256044449,68410900.08937109,2026-04-15 20:55:37.606558,0.04715661435,2026-04-15 15:56:41
54017163,(2020 KS2),24.4,0.0350392641,0.0783501764,False,2025-05-14,18.8163320956,50627538.86310273,2026-04-15 20:55:37.606562,0.05669472025,2026-04-15 15:56:41
54076351,(2020 UT4),28.22,0.0060333008,0.0134908707,False,2025-05-14,18.0512720725,67749303.50929609,2026-04-15 20:55:37.606566,0.00976208575,2026-04-15 15:56:41
54216182,(2021 VK1),24.55,0.0327005439,0.0731206391,False,2025-05-14,8.5048414448,15247712.111273136,2026-04-15 20:55:37.606570,0.05291059149999999,2026-04-15 15:56:41
54445454,(2024 KB2),23.53,0.0523064176,0.1169607054,False,2025-05-14,12.4516529377,33754501.29037086,2026-04-15 20:55:37.606574,0.08463356150000001,2026-04-15 15:56:41
54524048,(2025 DT50),22.32,0.0913177026,0.2041925905,False,2025-05-14,6.3957704839,6142084.627951,2026-04-15 20:55:37.606578,0.14775514655,2026-04-15 15:56:41
54532400,(2025 JL2),21.56,0.1295850727,0.2897610314,False,2025-05-14,29.5439018489,12394050.701551229,2026-04-15 20:55:37.606582,0.20967305204999998,2026-04-15 15:56:41
3120863,(2002 GQ),26.3,0.0146067964,0.0326617897,False,2025-05-16,17.3108294688,48918482.306941606,2026-04-15 20:55:37.606586,0.023634293049999998,2026-04-15 15:56:41
3590076,(2011 XD),24.0,0.0421264611,0.0941976306,False,2025-05-16,7.4834570568,18086005.705804616,2026-04-15 20:55:37.606590,0.06816204584999999,2026-04-15 15:56:41
3789456,(2017 WP),23.1,0.063760979,0.1425738833,False,2025-05-16,14.7541995566,52546048.96782849,2026-04-15 20:55:37.606594,0.10316743115,2026-04-15 15:56:41
3827172,(2018 RC1),26.45,0.0136318556,0.0304817558,False,2025-05-16,5.3970659525,55415931.34939344,2026-04-15 20:55:37.606599,0.0220568057,2026-04-15 15:56:41
3831063,(2018 SF3),25.31,0.0230438467,0.0515276076,False,2025-05-16,11.7769078814,39706358.014819205,2026-04-15 20:55:37.606603,0.037285727149999996,2026-04-15 15:56:41
54235430,(2022 AK),22.11,0.100590039,0.2249261651,False,2025-05-16,13.0848526109,23885983.64152908,2026-04-15 20:55:37.606607,0.16275810205,2026-04-15 15:56:41
54280679,(2022 KX4),23.82,0.0457672667,0.1023387195,False,2025-05-16,12.761702393,11972710.469865343,2026-04-15 20:55:37.606611,0.07405299309999999,2026-04-15 15:56:41
54340445,(2023 BO8),26.66,0.0123752784,0.0276719637,False,2025-05-16,3.866747375,70676439.41919553,2026-04-15 20:55:37.606615,0.02002362105,2026-04-15 15:56:41
54433568,(2024 GE3),26.08,0.0161642283,0.0361443134,False,2025-05-16,4.9848995296,25349500.426527362,2026-04-15 20:55:37.606619,0.02615427085,2026-04-15 15:56:41
54442252,(2024 JQ17),25.57,0.0204434871,0.0457130269,False,2025-05-16,10.4475651765,7800479.057608127,2026-04-15 20:55:37.606623,0.033078257,2026-04-15 15:56:41
54527293,(2025 FZ28),23.13,0.0628861456,0.1406176963,False,2025-05-16,6.192296533,24105038.411309887,2026-04-15 20:55:37.606627,0.10175192095,2026-04-15 15:56:41
54528048,(2025 HF12),22.8,0.0732073989,0.1636967205,False,2025-05-16,10.9675962339,23948475.623517573,2026-04-15 20:55:37.606631,0.1184520597,2026-04-15 15:56:41
54532867,(2025 KJ),27.51,0.008366715,0.0187085435,False,2025-05-16,15.2100174605,1360709.508465831,2026-04-15 20:55:37.606635,0.01353762925,2026-04-15 15:56:41
2154276,154276 (2002 SY50),17.61,0.7990150812,1.7866520367,True,2025-05-15,22.9393969732,10540965.594653184,2026-04-15 20:55:37.606639,1.29283355895,2026-04-15 15:56:41
3278078,(2005 JU81),21.79,0.1165614595,0.2606393469,True,2025-05-15,19.0568167503,49057849.23845146,2026-04-15 20:55:37.606643,0.18860040320000002,2026-04-15 15:56:41
3669249,(2014 HB124),23.02,0.0661538275,0.1479244553,False,2025-05-15,29.8512072488,72597042.57764003,2026-04-15 20:55:37.606648,0.10703914140000001,2026-04-15 15:56:41
3671001,(2014 JA31),23.39,0.0557898221,0.1247498347,False,2025-05-15,14.6166030275,11616037.612554345,2026-04-15 20:55:37.606652,0.0902698284,2026-04-15 15:56:41
3672457,(2014 KC39),23.3,0.058150704,0.130028927,False,2025-05-15,9.1101398502,63210537.852855995,2026-04-15 20:55:37.606656,0.09408981549999999,2026-04-15 15:56:41
3764838,(2016 WR8),27.4,0.0088014652,0.0196806745,False,2025-05-15,11.7114583425,31244993.146536022,2026-04-15 20:55:37.606660,0.01424106985,2026-04-15 15:56:41
3989263,(2020 BP11),26.8,0.0116025908,0.0259441818,False,2025-05-15,11.8763535779,66664526.22486017,2026-04-15 20:55:37.606664,0.0187733863,2026-04-15 15:56:41
54016782,(2020 HM7),25.8,0.0183888672,0.0411187571,False,2025-05-15,22.4082922528,60473577.86119938,2026-04-15 20:55:37.606668,0.02975381215,2026-04-15 15:56:41
54139088,(2021 GM26),25.67,0.0195233786,0.0436556017,False,2025-05-15,2.3905409127,13884825.355407324,2026-04-15 20:55:37.606672,0.031589490149999996,2026-04-15 15:56:41
54219282,(2021 VK10),26.04,0.0164647438,0.0368162863,False,2025-05-15,20.6858417012,33203439.09080849,2026-04-15 20:55:37.606676,0.02664051505,2026-04-15 15:56:41
54278350,(2022 JQ1),26.21,0.0152249185,0.0340439527,False,2025-05-15,10.1163565174,39616353.02480561,2026-04-15 20:55:37.606680,0.024634435599999997,2026-04-15 15:56:41
54358378,(2023 JF2),24.61,0.0318093633,0.0711278987,False,2025-05-15,17.6449926776,54490940.2530145,2026-04-15 20:55:37.606684,0.051468631,2026-04-15 15:56:41
54383809,(2023 RY15),27.98,0.0067383719,0.0150674576,False,2025-05-15,13.3167924011,26546995.592066854,2026-04-15 20:55:37.606689,0.01090291475,2026-04-15 15:56:41
54492233,(2024 TK20),21.36,0.1420872067,0.317716653,False,2025-05-15,14.8837579791,13979193.26258096,2026-04-15 20:55:37.606693,0.22990192985000002,2026-04-15 15:56:41
54533502,(2025 KR4),26.01,0.0166937912,0.0373284519,False,2025-05-15,4.974737853,3739849.436585565,2026-04-15 20:55:37.606697,0.027011121549999996,2026-04-15 15:56:41
54533324,(2025 KG3),25.55,0.0206326484,0.0461360043,False,2025-05-15,8.8767958947,10009441.594982589,2026-04-15 20:55:37.606701,0.03338432635,2026-04-15 15:56:41
2469494,469494 (2002 XS40),20.09,0.2550086879,0.5702167609,False,2025-05-18,10.2184879709,28876568.046176743,2026-04-15 20:55:37.606705,0.41261272439999996,2026-04-15 15:56:41
3353630,(2006 UB64),20.6,0.2016299194,0.4508582062,False,2025-05-18,32.8200323909,70481605.6067126,2026-04-15 20:55:37.606709,0.3262440628,2026-04-15 15:56:41
3544935,(2010 PW58),21.7,0.1214940408,0.2716689341,True,2025-05-18,17.2579755841,68944524.86201052,2026-04-15 20:55:37.606713,0.19658148744999998,2026-04-15 15:56:41
3648643,(2013 SL20),24.62,0.0316632126,0.0708010957,False,2025-05-18,17.9792841802,31126287.835082505,2026-04-15 20:55:37.606717,0.05123215415,2026-04-15 15:56:41
3720360,(2015 KW121),26.1,0.0160160338,0.0358129403,False,2025-05-18,18.3228119313,19038091.848719653,2026-04-15 20:55:37.606721,0.025914487049999997,2026-04-15 15:56:41
3836927,(2018 XM5),24.4,0.0350392641,0.0783501764,False,2025-05-18,15.9444998446,65011233.50144408,2026-04-15 20:55:37.606725,0.05669472025,2026-04-15 15:56:41
54114211,(2010 KD149),21.48,0.1344481952,0.3006353038,True,2025-05-18,17.2579825841,68944569.36737685,2026-04-15 20:55:37.606729,0.2175417495,2026-04-15 15:56:41
54220860,(2021 VQ22),25.93,0.0173202827,0.0387293295,False,2025-05-18,8.9017070732,58554737.98292899,2026-04-15 20:55:37.606733,0.0280248061,2026-04-15 15:56:41
54224995,(2021 WT2),24.13,0.0396784754,0.0887237683,False,2025-05-18,14.8538292618,8032814.692453713,2026-04-15 20:55:37.606737,0.06420112185,2026-04-15 15:56:41
54268812,(2022 GD1),25.07,0.0257368254,0.0575492912,False,2025-05-18,19.0961080227,71030296.57531697,2026-04-15 20:55:37.606741,0.0416430583,2026-04-15 15:56:41
2620061,620061 (2006 UB64),20.7,0.1925550782,0.4305662442,False,2025-05-18,32.8200323676,70481605.57679303,2026-04-15 20:55:37.606745,0.31156066120000003,2026-04-15 15:56:41
54480235,(2024 SG),27.25,0.0094309399,0.0210882227,False,2025-05-18,8.3456321609,66657967.809360005,2026-04-15 20:55:37.606749,0.015259581299999998,2026-04-15 15:56:41
54527600,(2025 HU3),25.71,0.0191670368,0.0428587972,False,2025-05-18,8.6809386207,8137089.030417896,2026-04-15 20:55:37.606753,0.031012917,2026-04-15 15:56:41
54527742,(2025 HS5),25.66,0.0196134944,0.0438571068,False,2025-05-18,5.0917642477,9040991.763856538,2026-04-15 20:55:37.606757,0.0317353006,2026-04-15 15:56:41
54532862,(2025 KD),25.81,0.018304378,0.0409298336,False,2025-05-18,6.6957521288,1374177.535425765,2026-04-15 20:55:37.606761,0.0296171058,2026-04-15 15:56:41
54532946,(2025 KN),27.06,0.0102933082,0.0230165369,False,2025-05-18,10.6785099208,1457528.053146871,2026-04-15 20:55:37.606765,0.01665492255,2026-04-15 15:56:41
54533162,(2025 KJ2),24.71,0.0303777061,0.0679266159,False,2025-05-18,5.8563043276,14427477.297356378,2026-04-15 20:55:37.606769,0.049152161,2026-04-15 15:56:41
3484042,(2009 YT6),21.18,0.1543671822,0.3451755128,False,2025-05-17,13.9155549474,24803536.896369267,2026-04-15 20:55:37.606773,0.2497713475,2026-04-15 15:56:41
3719081,(2015 HB177),24.62,0.0316632126,0.0708010957,False,2025-05-17,9.7855306993,8477080.363883276,2026-04-15 20:55:37.606777,0.05123215415,2026-04-15 15:56:41
54249333,(2022 ER2),22.12,0.1001278698,0.2238927232,False,2025-05-17,11.8633437483,29601285.622404233,2026-04-15 20:55:37.606781,0.1620102965,2026-04-15 15:56:41
54322896,(2022 VB),25.41,0.0220067027,0.0492084832,False,2025-05-17,10.6729779349,73016052.49338534,2026-04-15 20:55:37.606785,0.03560759295,2026-04-15 15:56:41
54439712,(2024 JO1),27.79,0.0073545309,0.016445231,False,2025-05-17,15.4271229173,53244247.68867597,2026-04-15 20:55:37.606789,0.01189988095,2026-04-15 15:56:41
54500489,(2024 WL2),25.11,0.0252670754,0.0564988982,False,2025-05-17,16.7971534583,27717860.43685341,2026-04-15 20:55:37.606793,0.0408829868,2026-04-15 15:56:41
54528529,(2025 HD19),25.47,0.021406959,0.0478674154,False,2025-05-17,9.0421115912,2813735.159398673,2026-04-15 20:55:37.606797,0.0346371872,2026-04-15 15:56:41
54533011,(2025 KJ1),27.7,0.0076657557,0.0171411509,False,2025-05-17,8.2198446958,883826.444968263,2026-04-15 20:55:37.606801,0.012403453299999999,2026-04-15 15:56:41
54532561,(2025 KA),25.94,0.0172407032,0.0385513844,False,2025-05-17,11.8395472915,1620409.211697142,2026-04-15 20:55:37.606805,0.0278960438,2026-04-15 15:56:41
54534227,(2025 KE16),23.08,0.0643509521,0.1438931032,False,2025-05-17,11.4326355868,11560917.005770952,2026-04-15 20:55:37.606810,0.10412202765,2026-04-15 15:56:41
54561511,(2025 VZ2),24.39,0.035200998,0.0787118244,False,2025-05-17,12.8766845523,26609397.366539743,2026-04-15 20:55:37.606814,0.0569564112,2026-04-15 15:56:41
3529587,(2010 LJ61),21.0,0.1677084622,0.3750075218,False,2025-05-19,17.4147987281,17832345.986654986,2026-04-15 20:55:37.606818,0.271357992,2026-04-15 15:56:41
3603627,(2012 JN4),23.5,0.0530340723,0.1185877909,False,2025-05-19,18.6824803752,69419945.56144948,2026-04-15 20:55:37.606822,0.0858109316,2026-04-15 15:56:41
3692561,(2014 TV),24.4,0.0350392641,0.0783501764,False,2025-05-19,18.6391120875,35269843.774106,2026-04-15 20:55:37.606827,0.05669472025,2026-04-15 15:56:41
3836275,(2018 WK),27.1,0.0101054342,0.0225964377,False,2025-05-19,12.0947443876,54669679.62353285,2026-04-15 20:55:37.606831,0.01635093595,2026-04-15 15:56:41
3841719,(2019 JX1),29.1,0.0040230458,0.0089958039,False,2025-05-19,26.1838357327,64477765.28297561,2026-04-15 20:55:37.606835,0.00650942485,2026-04-15 15:56:41
54016950,(2020 HH10),23.7,0.0483676488,0.1081533507,False,2025-05-19,16.2696775182,32116699.590950925,2026-04-15 20:55:37.606839,0.07826049975,2026-04-15 15:56:41
54225508,(2021 WR4),30.43,0.0021804944,0.0048757337,False,2025-05-19,7.6310375187,74360017.04850869,2026-04-15 20:55:37.606844,0.00352811405,2026-04-15 15:56:41
54268819,(2022 FY4),25.36,0.0225193047,0.050354696,False,2025-05-19,16.6791236456,74104460.42836745,2026-04-15 20:55:37.606848,0.03643700035,2026-04-15 15:56:41
54296726,(2022 QX1),24.61,0.0318093633,0.0711278987,False,2025-05-19,34.3981227545,70579007.5232475,2026-04-15 20:55:37.606852,0.051468631,2026-04-15 15:56:41
54327902,(2022 WN2),28.95,0.0043107712,0.0096391775,False,2025-05-19,8.8440074957,30376268.067991927,2026-04-15 20:55:37.606856,0.00697497435,2026-04-15 15:56:41
54439716,(2024 JQ1),27.09,0.0101520787,0.0227007381,False,2025-05-19,6.3980426741,18717258.39248115,2026-04-15 20:55:37.606861,0.016426408400000002,2026-04-15 15:56:41
54494481,(2024 UB1),28.47,0.005377185,0.0120237511,False,2025-05-19,9.8812766042,44373131.53178155,2026-04-15 20:55:37.606865,0.00870046805,2026-04-15 15:56:41
54533091,(2025 KL1),24.26,0.0373727432,0.0835679943,False,2025-05-19,16.9686874084,10862109.152316412,2026-04-15 20:55:37.606869,0.06047036875,2026-04-15 15:56:41
54532957,(2025 KY),27.28,0.0093015425,0.0207988814,False,2025-05-19,14.6514082635,745636.085746178,2026-04-15 20:55:37.606873,0.01505021195,2026-04-15 15:56:41
54532863,(2025 KE),23.87,0.0447254765,0.1000092059,False,2025-05-19,7.8117277806,4636495.7607822,2026-04-15 20:55:37.606878,0.07236734119999999,2026-04-15 15:56:41
54532960,(2025 KZ),26.31,0.0145396843,0.0325117225,False,2025-05-19,18.0721120943,821197.984842965,2026-04-15 20:55:37.606882,0.0235257034,2026-04-15 15:56:41
3370167,(2007 EF),21.4,0.1394938229,0.3119176705,True,2025-05-21,19.5225729356,67751436.655244,2026-04-15 20:55:49.272799,0.22570574670000002,2026-04-15 15:56:41
3472549,(2009 UK20),26.3,0.0146067964,0.0326617897,False,2025-05-21,15.6964457347,50274048.25168238,2026-04-15 20:55:49.272821,0.023634293049999998,2026-04-15 15:56:41
3753718,(2016 LJ8),25.2,0.0242412481,0.0542050786,False,2025-05-21,19.7739485735,59719558.02658245,2026-04-15 20:55:49.272826,0.03922316335,2026-04-15 15:56:41
54051164,(2020 PG6),26.9,0.0110803882,0.0247765013,False,2025-05-21,8.1825233064,70757223.6901753,2026-04-15 20:55:49.272831,0.01792844475,2026-04-15 15:56:41
54138698,(2021 HR),25.8,0.0183888672,0.0411187571,False,2025-05-21,14.470822481,59219620.67469577,2026-04-15 20:55:49.272835,0.02975381215,2026-04-15 15:56:41
54215208,(2021 VJ),24.96,0.0270741591,0.0605396602,False,2025-05-21,7.646580437,55399940.20475808,2026-04-15 20:55:49.272840,0.043806909649999996,2026-04-15 15:56:41
2613726,613726 (2007 EF),21.34,0.1434019235,0.320656449,True,2025-05-21,19.5225691203,67751425.9440365,2026-04-15 20:55:49.272844,0.23202918625000002,2026-04-15 15:56:41
54341559,(2023 CS2),28.05,0.0065246163,0.0145894856,False,2025-05-21,14.440638351,34574486.72463833,2026-04-15 20:55:49.272849,0.01055705095,2026-04-15 15:56:41
54482429,(2024 SO2),27.9,0.0069912523,0.0156329154,False,2025-05-21,4.4648058696,24127213.019344036,2026-04-15 20:55:49.272853,0.01131208385,2026-04-15 15:56:41
54485066,(2024 SG5),24.37,0.0355267088,0.079440136,False,2025-05-21,3.0335154405,24625320.16096956,2026-04-15 20:55:49.272857,0.0574834224,2026-04-15 15:56:41
54528327,(2025 HM15),22.32,0.0913177026,0.2041925905,False,2025-05-21,18.3508452417,12681394.176305803,2026-04-15 20:55:49.272861,0.14775514655,2026-04-15 15:56:41
54532864,(2025 KF),27.13,0.0099667824,0.022286403,False,2025-05-21,11.5828553233,115160.260808556,2026-04-15 20:55:49.272866,0.0161265927,2026-04-15 15:56:41
54532947,(2025 KO),25.13,0.0250354255,0.0559809132,False,2025-05-21,6.727328146,7685419.73048246,2026-04-15 20:55:49.272870,0.04050816935,2026-04-15 15:56:41
54532961,(2025 KB1),25.25,0.0236894499,0.0529712204,False,2025-05-21,8.2816506031,2889257.699295863,2026-04-15 20:55:49.272875,0.03833033515,2026-04-15 15:56:41
54533161,(2025 KF2),31.36,0.0014208721,0.0031771665,False,2025-05-21,8.2401781393,139790.876913641,2026-04-15 20:55:49.272879,0.0022990193,2026-04-15 15:56:41
54533603,(2025 KS6),24.19,0.0385971268,0.0863057993,False,2025-05-21,22.4360387926,4432844.171128284,2026-04-15 20:55:49.272883,0.06245146305,2026-04-15 15:56:41
54533605,(2025 KW6),25.15,0.0248058993,0.0554676771,False,2025-05-21,9.8471983072,15068265.84593968,2026-04-15 20:55:49.272887,0.0401367882,2026-04-15 15:56:41
2065733,65733 (1993 PC),18.37,0.5630603897,1.2590413069,False,2025-05-23,9.8223143964,25254946.284965362,2026-04-15 20:55:49.272892,0.9110508482999999,2026-04-15 15:56:41
3752778,(2016 JY5),27.1,0.0101054342,0.0225964377,False,2025-05-23,18.9069664367,66278299.84457728,2026-04-15 20:55:49.272896,0.01635093595,2026-04-15 15:56:41
3752782,(2016 JA6),26.3,0.0146067964,0.0326617897,False,2025-05-23,22.6513790832,67108797.07237604,2026-04-15 20:55:49.272900,0.023634293049999998,2026-04-15 15:56:41
54134948,(2021 GK2),23.3,0.058150704,0.130028927,False,2025-05-23,14.3456596643,19789114.699448157,2026-04-15 20:55:49.272905,0.09408981549999999,2026-04-15 15:56:41
54214721,(2021 UY6),25.93,0.0173202827,0.0387293295,False,2025-05-23,7.6419320295,58483976.3354054,2026-04-15 20:55:49.272909,0.0280248061,2026-04-15 15:56:41
54268817,(2022 GJ1),24.11,0.0400456158,0.0895447192,False,2025-05-23,7.7334377115,70892275.84511967,2026-04-15 20:55:49.272913,0.0647951675,2026-04-15 15:56:41
54305649,(2022 SH4),25.62,0.0199781365,0.0446724713,False,2025-05-23,6.2270724776,68204918.76720831,2026-04-15 20:55:49.272917,0.032325303900000005,2026-04-15 15:56:41
54339170,(2023 AE2),25.09,0.0255008688,0.0570216761,False,2025-05-23,19.7755255025,70653780.21878108,2026-04-15 20:55:49.272922,0.04126127245,2026-04-15 15:56:41
54341646,(2023 DA),26.43,0.0137579896,0.0307638,False,2025-05-23,5.9901825963,26996140.577543914,2026-04-15 20:55:49.272927,0.0222608948,2026-04-15 15:56:41
54358783,(2023 JV4),24.06,0.040978398,0.0916304836,False,2025-05-23,15.9851097417,46745231.9376512,2026-04-15 20:55:49.272931,0.0663044408,2026-04-15 15:56:41
54500950,(2024 WZ4),27.85,0.0071540995,0.0159970528,False,2025-05-23,7.5536852765,10948799.203128677,2026-04-15 20:55:49.272935,0.011575576150000001,2026-04-15 15:56:41
54524314,(2025 FU2),23.73,0.0477040198,0.1066694311,False,2025-05-23,4.7355107566,19496916.90845016,2026-04-15 20:55:49.272940,0.07718672545,2026-04-15 15:56:41
54533316,(2025 KR2),23.14,0.06259721,0.1399716167,False,2025-05-23,10.5363754985,26716570.088436242,2026-04-15 20:55:49.272944,0.10128441334999999,2026-04-15 15:56:41
54532848,(2025 KC),26.8,0.0116025908,0.0259441818,False,2025-05-23,7.5289688996,1023936.189741809,2026-04-15 20:55:49.272948,0.0187733863,2026-04-15 15:56:41
54533007,(2025 KE1),26.54,0.0130784109,0.0292442157,False,2025-05-23,18.6521777217,192990.856483254,2026-04-15 20:55:49.272953,0.021161313299999998,2026-04-15 15:56:41
54533422,(2025 KF4),28.7,0.0048367649,0.0108153351,False,2025-05-23,6.3263190939,279631.539998418,2026-04-15 20:55:49.272957,0.007826050000000001,2026-04-15 15:56:41
54534380,(2025 LR),23.92,0.0437074004,0.0977327184,False,2025-05-23,6.5779252858,10355017.117739327,2026-04-15 20:55:49.272961,0.07072005940000001,2026-04-15 15:56:41
54537710,(2025 MS90),22.22,0.0956213733,0.2138158908,False,2025-05-23,10.8663912369,24341852.58750924,2026-04-15 20:55:49.272965,0.15471863205,2026-04-15 15:56:41
54561772,(2025 VG5),26.74,0.0119276525,0.0266710417,False,2025-05-23,4.8020333122,8288012.696580984,2026-04-15 20:55:49.272969,0.0192993471,2026-04-15 15:56:41
3550134,(2010 VK),21.3,0.1460679643,0.3266178974,False,2025-05-22,25.0540423588,45169847.79527944,2026-04-15 20:55:49.272973,0.23634293085000002,2026-04-15 15:56:41
3561029,(2011 GE3),25.88,0.0177237239,0.0396314515,False,2025-05-22,9.5627659626,20325461.884045415,2026-04-15 20:55:49.272978,0.0286775877,2026-04-15 15:56:41
3672907,(2014 KV76),21.06,0.163137941,0.3647875257,False,2025-05-22,20.6489826893,52492924.99893663,2026-04-15 20:55:49.272982,0.26396273335,2026-04-15 15:56:41
3719730,(2015 KB57),22.3,0.0921626549,0.2060819612,False,2025-05-22,33.489117301,67117702.73829564,2026-04-15 20:55:49.272986,0.14912230804999999,2026-04-15 15:56:41
3752080,(2016 HB),24.4,0.0350392641,0.0783501764,False,2025-05-22,21.6479399181,71916595.28964463,2026-04-15 20:55:49.272990,0.05669472025,2026-04-15 15:56:41
54145088,(2021 JZ5),28.35,0.0056827032,0.0127069107,False,2025-05-22,26.361734544,52355900.5157546,2026-04-15 20:55:49.272995,0.00919480695,2026-04-15 15:56:41
54356988,(2023 HP5),27.63,0.0079168967,0.0177027191,False,2025-05-22,6.94750856,10502731.251360288,2026-04-15 20:55:49.272999,0.012809807900000001,2026-04-15 15:56:41
54357462,(2023 JR),23.93,0.0435065831,0.0972836774,False,2025-05-22,27.3153299644,69751719.7980713,2026-04-15 20:55:49.273003,0.07039513025000001,2026-04-15 15:56:41
54427459,(2024 BY15),26.78,0.0117099483,0.0261842403,False,2025-05-22,7.0234406226,32859644.42597559,2026-04-15 20:55:49.273007,0.0189470943,2026-04-15 15:56:41
54528926,(2025 JS),21.85,0.1133848361,0.2535362011,False,2025-05-22,20.2409809944,27563680.41401488,2026-04-15 20:55:49.273010,0.1834605186,2026-04-15 15:56:41
54533318,(2025 KX2),29.9,0.0027832677,0.0062235757,False,2025-05-22,3.1338429576,367600.338443655,2026-04-15 20:55:49.273014,0.0045034217,2026-04-15 15:56:41
54533098,(2025 KS1),26.72,0.0120380177,0.0269178258,False,2025-05-22,6.0465791075,146113.974964292,2026-04-15 20:55:49.273019,0.019477921750000002,2026-04-15 15:56:41
54533158,(2025 KZ1),27.2,0.0096506147,0.0215794305,False,2025-05-22,8.8464164064,3365069.342848491,2026-04-15 20:55:49.273023,0.0156150226,2026-04-15 15:56:41
54532866,(2025 KH),27.41,0.0087610261,0.01959025,False,2025-05-22,11.3711462858,1106122.566758149,2026-04-15 20:55:49.273026,0.01417563805,2026-04-15 15:56:41
2136818,136818 Selqet (1997 MW1),18.98,0.425162524,0.9506923052,False,2025-05-25,23.5482882501,68931132.41189452,2026-04-15 20:55:49.273031,0.6879274146000001,2026-04-15 15:56:41
2390725,390725 (2003 HB),19.69,0.3065878759,0.6855513317,True,2025-05-25,13.4664383423,7028371.090213117,2026-04-15 20:55:49.273035,0.4960696038,2026-04-15 15:56:41
2434633,434633 (2005 WB1),20.7,0.1925550782,0.4305662442,True,2025-05-25,16.2834658955,8709357.072127867,2026-04-15 20:55:49.273039,0.31156066120000003,2026-04-15 15:56:41
3293961,(2005 TC51),27.3,0.0092162655,0.0206081961,False,2025-05-25,16.5354356772,38902200.15487604,2026-04-15 20:55:49.273043,0.014912230799999999,2026-04-15 15:56:41
3672358,(2014 KF22),26.4,0.0139493823,0.0311917671,False,2025-05-25,11.4960953712,3475910.384034833,2026-04-15 20:55:49.273047,0.0225705747,2026-04-15 15:56:41
3747499,(2016 FC),26.6,0.0127219879,0.0284472297,False,2025-05-25,6.2361510682,52624013.767752364,2026-04-15 20:55:49.273051,0.0205846088,2026-04-15 15:56:41
54359833,(2023 KJ2),25.66,0.0196134944,0.0438571068,False,2025-05-25,18.0968383766,33805866.67646173,2026-04-15 20:55:49.273055,0.0317353006,2026-04-15 15:56:41
54376265,(2023 OV4),25.45,0.0216050351,0.0483103272,False,2025-05-25,3.5322477719,70414875.20291147,2026-04-15 20:55:49.273059,0.03495768115,2026-04-15 15:56:41
54423509,(2024 CC),25.18,0.0244655496,0.0547066321,False,2025-05-25,8.4908342853,10174904.423814598,2026-04-15 20:55:49.273063,0.03958609085,2026-04-15 15:56:41
54532949,(2025 KQ),24.98,0.0268259417,0.0599846292,False,2025-05-25,9.8740985001,7725487.590149437,2026-04-15 20:55:49.273067,0.04340528545,2026-04-15 15:56:41
54532945,(2025 KM),28.16,0.0062023315,0.0138688349,False,2025-05-25,3.5530015761,1545295.552698236,2026-04-15 20:55:49.273071,0.0100355832,2026-04-15 15:56:41
54533092,(2025 KM1),21.16,0.1557955241,0.3483693825,True,2025-05-25,16.8274765084,19428788.961347494,2026-04-15 20:55:49.273075,0.2520824533,2026-04-15 15:56:41
54533907,(2025 KZ8),25.03,0.0262153087,0.0586192124,False,2025-05-25,10.4812139412,7004325.880492916,2026-04-15 20:55:49.273079,0.04241726055,2026-04-15 15:56:41
54534236,(2025 LE),25.42,0.0219055911,0.0489823908,False,2025-05-25,11.6124467725,3860974.703023353,2026-04-15 20:55:49.273083,0.03544399095,2026-04-15 15:56:41
2387746,387746 (2003 MH4),20.13,0.2503542548,0.5598091321,True,2025-05-24,8.3499414487,6676622.037356153,2026-04-15 20:55:49.273087,0.40508169345,2026-04-15 15:56:41
3968755,(2019 YB5),25.0,0.02658,0.0594346868,False,2025-05-24,20.6161115958,50443586.76976402,2026-04-15 20:55:49.273091,0.043007343399999995,2026-04-15 15:56:41
54144373,(2021 JY3),28.45,0.0054269395,0.0121350055,False,2025-05-24,6.2879777426,11181224.566776687,2026-04-15 20:55:49.273095,0.008780972500000001,2026-04-15 15:56:41
54231712,(2021 TP114),27.48,0.0084831076,0.0189688053,False,2025-05-24,7.9327817254,72249664.22103235,2026-04-15 20:55:49.273099,0.01372595645,2026-04-15 15:56:41
54278447,(2022 JX1),23.91,0.0439091446,0.0981838322,False,2025-05-24,2.5682299199,34717880.78592921,2026-04-15 20:55:49.273103,0.0710464884,2026-04-15 15:56:41
54330920,(2022 WD11),26.98,0.0106795998,0.023880311,False,2025-05-24,22.5474582793,61924222.7368301,2026-04-15 20:55:49.273107,0.0172799554,2026-04-15 15:56:41
54515743,(2025 AP3),21.13,0.1579628558,0.3532156834,False,2025-05-24,11.7673858954,25271324.78336551,2026-04-15 20:55:49.273111,0.2555892696,2026-04-15 15:56:41
54521724,(2025 DJ29),26.43,0.0137579896,0.0307638,False,2025-05-24,2.7874488467,18222682.553456336,2026-04-15 20:55:49.273115,0.0222608948,2026-04-15 15:56:41
54528049,(2025 HK12),24.08,0.0406027058,0.0907904103,False,2025-05-24,5.387034818,22641063.542673875,2026-04-15 20:55:49.273119,0.06569655804999999,2026-04-15 15:56:41
54532959,(2025 KA1),26.39,0.0140137697,0.0313357417,False,2025-05-24,4.4723601372,8691616.60479967,2026-04-15 20:55:49.273123,0.0226747557,2026-04-15 15:56:41
54532943,(2025 KL),26.88,0.0111829138,0.0250057554,False,2025-05-24,8.1733813229,3070380.208762667,2026-04-15 20:55:49.273127,0.018094334599999998,2026-04-15 15:56:41
54533010,(2025 KK1),28.68,0.0048815189,0.0109154081,False,2025-05-24,21.7056523402,505696.256530409,2026-04-15 20:55:49.273131,0.0078984635,2026-04-15 15:56:41
54533100,(2025 KV1),25.21,0.0241298697,0.0539560289,False,2025-05-24,19.1238642365,10423460.312433444,2026-04-15 20:55:49.273135,0.039042949300000004,2026-04-15 15:56:41
2468468,468468 (2004 KH17),22.01,0.1053307015,0.2355266087,True,2025-05-27,12.907211181,24037264.068692543,2026-04-15 20:55:49.273140,0.1704286551,2026-04-15 15:56:41
3398066,(2007 XB23),27.1,0.0101054342,0.0225964377,False,2025-05-27,4.8211300272,13507942.349451872,2026-04-15 20:55:49.273144,0.01635093595,2026-04-15 15:56:41
3525129,(2010 KV39),26.8,0.0116025908,0.0259441818,False,2025-05-27,8.8221501299,11379695.312916337,2026-04-15 20:55:49.273148,0.0187733863,2026-04-15 15:56:41
3618405,(2012 WS3),26.0,0.0167708462,0.0375007522,False,2025-05-27,6.8160465013,10449691.191913703,2026-04-15 20:55:49.273152,0.0271357992,2026-04-15 15:56:41
3744991,(2016 DZ21),25.4,0.022108281,0.0494356193,False,2025-05-27,4.6322076736,55705990.57900063,2026-04-15 20:55:49.273156,0.035771950149999995,2026-04-15 15:56:41
54149827,(2021 KO2),28.02,0.0066153828,0.0147924455,False,2025-05-27,12.2343018104,17695227.556010596,2026-04-15 20:55:49.273160,0.01070391415,2026-04-15 15:56:41
54253541,(2022 EF4),25.71,0.0191670368,0.0428587972,False,2025-05-27,11.0860923831,37376455.502928734,2026-04-15 20:55:49.273164,0.031012917,2026-04-15 15:56:41
54350900,(2021 RU216),23.19,0.0611723235,0.1367854737,False,2025-05-27,4.3305353355,73665647.49458088,2026-04-15 20:55:49.273168,0.0989788986,2026-04-15 15:56:41
54383301,(2023 RV12),26.2,0.0152951935,0.0342010925,False,2025-05-27,9.7395078115,60733939.340528205,2026-04-15 20:55:49.273172,0.024748143,2026-04-15 15:56:41
54442112,(2024 JB17),22.26,0.0938760865,0.2099133109,False,2025-05-27,15.0587142551,52588333.20969824,2026-04-15 20:55:49.273176,0.1518946987,2026-04-15 15:56:41
54528924,(2025 JP),25.29,0.0232570687,0.0520043867,False,2025-05-27,7.0151732006,5139243.951927667,2026-04-15 20:55:49.273180,0.037630727700000005,2026-04-15 15:56:41
54533417,(2025 KA4),25.3,0.0231502122,0.0517654482,False,2025-05-27,5.240449756,9064911.431044236,2026-04-15 20:55:49.273185,0.0374578302,2026-04-15 15:56:41
54534345,(2025 LO),21.66,0.1237527837,0.2767196367,True,2025-05-27,22.4988526762,7132263.833930504,2026-04-15 20:55:49.273189,0.2002362102,2026-04-15 15:56:41
3092248,(2000 AH205),22.6,0.0802703167,0.1794898848,False,2025-05-26,27.1426660284,73755116.68486328,2026-04-15 20:55:49.273193,0.12988010075,2026-04-15 15:56:41
3412890,(2008 KA6),23.6,0.0506471459,0.1132504611,False,2025-05-26,23.0803798041,66413495.86779323,2026-04-15 20:55:49.273197,0.0819488035,2026-04-15 15:56:41
3742061,(2016 CK31),27.1,0.0101054342,0.0225964377,False,2025-05-26,10.62758074,28643242.552144945,2026-04-15 20:55:49.273201,0.01635093595,2026-04-15 15:56:41
3824091,(2018 JF2),24.1,0.040230458,0.0899580388,False,2025-05-26,9.9080689635,15657879.506359775,2026-04-15 20:55:49.273205,0.0650942484,2026-04-15 15:56:41
3841722,(2019 JY1),28.2,0.0060891262,0.0136157002,False,2025-05-26,17.3074418652,63923140.9636513,2026-04-15 20:55:49.273210,0.0098524132,2026-04-15 15:56:41
3842775,(2019 LA2),26.68,0.0122618211,0.0274182656,False,2025-05-26,11.7649880811,21588553.05273783,2026-04-15 20:55:49.273214,0.01984004335,2026-04-15 15:56:41
54016732,(2020 HM5),23.6,0.0506471459,0.1132504611,False,2025-05-26,14.5163086196,61463475.64366584,2026-04-15 20:55:49.273218,0.0819488035,2026-04-15 15:56:41
54152392,(2021 LE),25.25,0.0236894499,0.0529712204,False,2025-05-26,12.5850620609,14635523.070125164,2026-04-15 20:55:49.273222,0.03833033515,2026-04-15 15:56:41
54213634,(2021 UM5),21.64,0.1248978541,0.2792800919,True,2025-05-26,28.1574365601,52777752.37215589,2026-04-15 20:55:49.273226,0.202088973,2026-04-15 15:56:41
54310135,(2022 SE29),21.04,0.1646474378,0.3681628631,False,2025-05-26,12.9506271944,25223873.505864896,2026-04-15 20:55:49.273230,0.26640515045,2026-04-15 15:56:41
54341549,(2023 CL2),25.0,0.02658,0.0594346868,False,2025-05-26,3.1909028524,14561741.684877118,2026-04-15 20:55:49.273235,0.043007343399999995,2026-04-15 15:56:41
54507525,(2024 YL),29.24,0.0037718549,0.0084341239,False,2025-05-26,3.4796422378,22942119.098353505,2026-04-15 20:55:49.273239,0.0061029894,2026-04-15 15:56:41
54521707,(2025 DE25),20.81,0.1830437804,0.4092983358,False,2025-05-26,12.5769172716,22290795.030016728,2026-04-15 20:55:49.273243,0.2961710581,2026-04-15 15:56:41
54533097,(2025 KT1),27.15,0.0098754064,0.02208208,False,2025-05-26,9.4410411306,1999501.04516293,2026-04-15 20:55:49.273247,0.0159787432,2026-04-15 15:56:41
54533501,(2025 KQ4),29.77,0.0029549829,0.0066075427,False,2025-05-26,10.5730915824,162056.97900508,2026-04-15 20:55:49.273259,0.0047812628,2026-04-15 15:56:41
3335046,(2006 KK89),22.66,0.0780827277,0.1745982871,False,2025-05-30,9.6873181661,21366571.20615324,2026-04-15 20:55:59.509338,0.1263405074,2026-04-15 15:56:41
3393169,(2007 VD12),19.91,0.2770479727,0.6194981001,True,2025-05-30,17.7896581956,14394302.802820493,2026-04-15 20:55:59.509360,0.44827303639999994,2026-04-15 15:56:41
3660308,(2014 BR57),23.9,0.04411182,0.0986370281,False,2025-05-30,8.6607106959,26911906.190727487,2026-04-15 20:55:59.509366,0.07137442405,2026-04-15 15:56:41
3765003,(2016 WL48),24.9,0.0278326768,0.0622357573,False,2025-05-30,8.2359525468,10699975.773679122,2026-04-15 20:55:59.509370,0.04503421705,2026-04-15 15:56:41
3906633,(2019 XF2),27.1,0.0101054342,0.0225964377,False,2025-05-30,19.9380134892,58204669.22830765,2026-04-15 20:55:59.509374,0.01635093595,2026-04-15 15:56:41
54280484,(2022 KP3),28.43,0.0054771543,0.0122472894,False,2025-05-30,7.7313644873,3910591.170335625,2026-04-15 20:55:59.509379,0.008862221850000001,2026-04-15 15:56:41
54296533,(2022 QE1),28.33,0.0057352846,0.0128244863,False,2025-05-30,5.8271426131,45730372.97266632,2026-04-15 20:55:59.509383,0.00927988545,2026-04-15 15:56:41
54434768,(2024 HC),27.44,0.0086408204,0.0193214617,False,2025-05-30,15.8146453191,69033825.64997067,2026-04-15 20:55:59.509387,0.01398114105,2026-04-15 15:56:41
54445312,(2024 KT1),26.99,0.0106305314,0.023770591,False,2025-05-30,11.3221157242,19545030.934434447,2026-04-15 20:55:59.509391,0.0172005612,2026-04-15 15:56:41
54532942,(2025 KK),27.57,0.0081386988,0.0181986838,False,2025-05-30,4.5321198031,730947.729121506,2026-04-15 20:55:59.509395,0.0131686913,2026-04-15 15:56:41
54533096,(2025 KR1),24.65,0.031228777,0.0698296682,False,2025-05-30,17.6101816633,5728649.790986756,2026-04-15 20:55:59.509400,0.0505292226,2026-04-15 15:56:41
54533163,(2025 KH2),25.09,0.0255008688,0.0570216761,False,2025-05-30,12.4008645302,5582870.361739145,2026-04-15 20:55:59.509404,0.04126127245,2026-04-15 15:56:41
54533747,(2025 KW7),24.86,0.0283501249,0.0633928065,False,2025-05-30,17.1549451603,8596244.851038974,2026-04-15 20:55:59.509408,0.045871465699999996,2026-04-15 15:56:41
54535281,(2025 MO2),23.94,0.0433066885,0.0968366995,False,2025-05-30,9.4634190675,3267294.927617299,2026-04-15 20:55:59.509412,0.070071694,2026-04-15 15:56:41
2813899,813899 (2007 VD12),19.91,0.2770479727,0.6194981001,True,2025-05-30,17.7896582009,14394302.802820493,2026-04-15 20:55:59.509416,0.44827303639999994,2026-04-15 15:56:41
3836251,(2018 VB10),25.8,0.0183888672,0.0411187571,False,2025-05-31,7.4195052447,28121086.894686293,2026-04-15 20:55:59.509421,0.02975381215,2026-04-15 15:56:41
3892775,(2019 VB5),31.7,0.0012149404,0.0027166893,False,2025-05-31,12.4236966521,33903421.49697954,2026-04-15 20:55:59.509425,0.00196581485,2026-04-15 15:56:41
54280031,(2022 KN1),28.0,0.0066765941,0.0149293183,False,2025-05-31,17.9011162298,45352466.02912986,2026-04-15 20:55:59.509429,0.0108029562,2026-04-15 15:56:41
54412202,(2023 XC),28.47,0.005377185,0.0120237511,False,2025-05-31,9.8325902236,20416171.8390616,2026-04-15 20:55:59.509433,0.00870046805,2026-04-15 15:56:41
54439324,(2024 JH),25.63,0.0198863453,0.04446722,False,2025-05-31,6.5302665987,30543347.122291848,2026-04-15 20:55:59.509437,0.03217678265,2026-04-15 15:56:41
54528045,(2025 HA7),23.97,0.0427124985,0.0955080501,False,2025-05-31,11.1950603536,7918213.91271917,2026-04-15 20:55:59.509441,0.0691102743,2026-04-15 15:56:41
54533004,(2025 KC1),26.01,0.0166937912,0.0373284519,False,2025-05-31,8.8133708771,2032946.476401173,2026-04-15 20:55:59.509445,0.027011121549999996,2026-04-15 15:56:41
54532948,(2025 KP),25.3,0.0231502122,0.0517654482,False,2025-05-31,11.333737858,1242306.04063461,2026-04-15 20:55:59.509449,0.0374578302,2026-04-15 15:56:41
54533165,(2025 KL2),25.25,0.0236894499,0.0529712204,False,2025-05-31,18.8719274292,5820258.335528667,2026-04-15 20:55:59.509453,0.03833033515,2026-04-15 15:56:41
54533416,(2025 KZ3),28.17,0.0061738344,0.0138051134,False,2025-05-31,2.6142830105,690415.173590948,2026-04-15 20:55:59.509457,0.0099894739,2026-04-15 15:56:41
54533418,(2025 KB4),25.03,0.0262153087,0.0586192124,False,2025-05-31,13.4215258177,7591479.987372552,2026-04-15 20:55:59.509462,0.04241726055,2026-04-15 15:56:41
54533421,(2025 KE4),29.26,0.0037372743,0.0083567994,False,2025-05-31,3.5961470941,1051901.16285175,2026-04-15 20:55:59.509466,0.00604703685,2026-04-15 15:56:41
54533906,(2025 KY8),22.71,0.0763053479,0.1706239449,False,2025-05-31,31.2522221628,26729068.4668822,2026-04-15 20:55:59.509470,0.12346464639999999,2026-04-15 15:56:41
54564353,(2025 WV9),24.33,0.0361871997,0.0809170384,False,2025-05-31,8.569804854,16438385.643860204,2026-04-15 20:55:59.509474,0.058552119050000004,2026-04-15 15:56:41
2478784,478784 (2012 UV136),25.6,0.0201629919,0.0450858206,False,2025-06-02,13.7531262564,50442662.030530624,2026-04-15 20:55:59.509478,0.03262440625,2026-04-15 15:56:41
3727041,(2015 RQ35),24.3,0.0366906138,0.0820427065,False,2025-06-02,3.3194961751,70450034.09823312,2026-04-15 20:55:59.509482,0.05936666015,2026-04-15 15:56:41
3745113,(2016 EL27),26.1,0.0160160338,0.0358129403,False,2025-06-02,7.1481065701,54278219.47200928,2026-04-15 20:55:59.509486,0.025914487049999997,2026-04-15 15:56:41
3892309,(2019 VF1),23.0,0.0667659413,0.1492931834,False,2025-06-02,22.3942403678,23118633.903665584,2026-04-15 20:55:59.509490,0.10802956235,2026-04-15 15:56:41
54100202,(2020 XS5),26.7,0.0121494041,0.0271668934,False,2025-06-02,11.3886266855,36304847.90242061,2026-04-15 20:55:59.509495,0.01965814875,2026-04-15 15:56:41
54217979,(2021 VO7),21.62,0.1260535197,0.2818642388,False,2025-06-02,17.9559765286,13826677.560925543,2026-04-15 20:55:59.509499,0.20395887925,2026-04-15 15:56:41
54236938,(2022 AS6),24.84,0.0286124454,0.0639793729,False,2025-06-02,7.4375236135,67730585.46476682,2026-04-15 20:55:59.509503,0.046295909149999995,2026-04-15 15:56:41
54265895,(2022 FG3),25.89,0.0176422908,0.0394493615,False,2025-06-02,12.5905061155,27072512.953021,2026-04-15 20:55:59.509507,0.028545826150000002,2026-04-15 15:56:41
54534706,(2025 LW),24.93,0.0274507982,0.0613818507,False,2025-06-02,10.1573395963,2587637.710852726,2026-04-15 20:55:59.509511,0.04441632445,2026-04-15 15:56:41
54533419,(2025 KC4),25.97,0.0170041519,0.0380224396,False,2025-06-02,6.669470485,4082303.674583689,2026-04-15 20:55:59.509515,0.02751329575,2026-04-15 15:56:41
54537957,(2025 NU),25.07,0.0257368254,0.0575492912,False,2025-06-02,4.7899041098,5766483.735580597,2026-04-15 20:55:59.509519,0.0416430583,2026-04-15 15:56:41
54538215,(2025 NQ1),23.63,0.049952241,0.1116966065,False,2025-06-02,7.3451859329,16611229.75127631,2026-04-15 20:55:59.509523,0.08082442375,2026-04-15 15:56:41
3483652,(2009 XL8),22.6,0.0802703167,0.1794898848,False,2025-06-01,12.1795072264,42546601.58766657,2026-04-15 20:55:59.509527,0.12988010075,2026-04-15 15:56:41
3621019,(2012 XK134),26.4,0.0139493823,0.0311917671,False,2025-06-01,5.9449354884,52836418.927171454,2026-04-15 20:55:59.509532,0.0225705747,2026-04-15 15:56:41
3656933,(2014 BM25),28.1,0.0063760979,0.0142573883,False,2025-06-01,5.5104921484,73526422.71096712,2026-04-15 20:55:59.509536,0.0103167431,2026-04-15 15:56:41
3791015,(2017 XS),22.7,0.0766575574,0.1714115092,False,2025-06-01,18.7490383814,69708588.09922777,2026-04-15 20:55:59.509539,0.1240345333,2026-04-15 15:56:41
3797498,(2018 AG4),26.1,0.0160160338,0.0358129403,False,2025-06-01,11.1388579249,27734097.101513006,2026-04-15 20:55:59.509544,0.025914487049999997,2026-04-15 15:56:41
3893404,(2019 WS1),24.95,0.0271991277,0.0608190985,False,2025-06-01,6.4745335175,26404653.71243483,2026-04-15 20:55:59.509548,0.0440091131,2026-04-15 15:56:41
54522542,(2025 DM36),21.24,0.1501602479,0.3357685218,False,2025-06-01,12.946671524,20655271.57151881,2026-04-15 20:55:59.509552,0.24296438485,2026-04-15 15:56:41
54533745,(2025 KP7),23.5,0.0530340723,0.1185877909,False,2025-06-01,17.9509540503,19453555.12808259,2026-04-15 20:55:59.509562,0.0858109316,2026-04-15 15:56:41
54533827,(2025 KS8),26.21,0.0152249185,0.0340439527,False,2025-06-01,10.3129981119,2449276.884857776,2026-04-15 20:55:59.509566,0.024634435599999997,2026-04-15 15:56:41
3172333,(2004 BW18),22.5,0.0840533402,0.1879489824,False,2025-06-03,6.2534104709,69924864.9263214,2026-04-15 20:55:59.509571,0.1360011613,2026-04-15 15:56:41
3755939,(2016 OF),23.14,0.06259721,0.1399716167,False,2025-06-03,9.2997196482,33146837.165916357,2026-04-15 20:55:59.509575,0.10128441334999999,2026-04-15 15:56:41
3767933,(2017 BU93),23.17,0.061738344,0.1380511341,False,2025-06-03,17.1029969193,55665601.053993575,2026-04-15 20:55:59.509579,0.09989473905,2026-04-15 15:56:41
3991607,(2020 CY2),27.5,0.008405334,0.0187948982,False,2025-06-03,5.7791739459,69302682.46322148,2026-04-15 20:55:59.509583,0.0136001161,2026-04-15 15:56:41
54342179,(2023 DM),23.74,0.0474848397,0.1061793296,False,2025-06-03,11.2139383151,21749792.793538883,2026-04-15 20:55:59.509587,0.07683208465,2026-04-15 15:56:41
54358375,(2023 JD2),23.72,0.0479242116,0.1071617948,False,2025-06-03,19.6000628489,49398365.09196863,2026-04-15 20:55:59.509591,0.0775430032,2026-04-15 15:56:41
54442145,(2024 JJ17),27.89,0.0070235225,0.0157050737,False,2025-06-03,18.1472565146,67420520.16792941,2026-04-15 20:55:59.509595,0.0113642981,2026-04-15 15:56:41
54521228,(2025 DN22),22.77,0.0742258153,0.1659739687,False,2025-06-03,9.7224624383,18516683.612139095,2026-04-15 20:55:59.509599,0.120099892,2026-04-15 15:56:41
54525374,(2025 FE15),24.11,0.0400456158,0.0895447192,False,2025-06-03,4.7068126193,17801084.175685983,2026-04-15 20:55:59.509603,0.0647951675,2026-04-15 15:56:41
54534002,(2025 LA),26.81,0.0115492818,0.0258249791,False,2025-06-03,13.4656812447,501381.569723656,2026-04-15 20:55:59.509607,0.01868713045,2026-04-15 15:56:41
54534290,(2025 LH),26.54,0.0130784109,0.0292442157,False,2025-06-03,11.2006989769,613849.113751573,2026-04-15 20:55:59.509611,0.021161313299999998,2026-04-15 15:56:41
54534336,(2025 LM),25.64,0.0197949759,0.0442629117,False,2025-06-03,16.5508640904,1630798.948326299,2026-04-15 20:55:59.509615,0.0320289438,2026-04-15 15:56:41
54541012,(2025 QS),23.07,0.0646479826,0.1445572836,False,2025-06-03,7.4266878415,15001999.045937687,2026-04-15 20:55:59.509619,0.10460263310000001,2026-04-15 15:56:41
54561040,(2025 VU),26.58,0.012839703,0.0287104486,False,2025-06-03,5.7117979378,27051816.716017555,2026-04-15 20:55:59.509623,0.0207750758,2026-04-15 15:56:41
2141531,141531 (2002 GB),19.15,0.3931470096,0.8791034386,False,2025-05-29,14.8381091952,71899686.0479213,2026-04-15 20:55:59.509627,0.6361252240999999,2026-04-15 15:56:41
3458579,(2009 HU44),22.6,0.0802703167,0.1794898848,False,2025-05-29,14.333534337,53762184.13268849,2026-04-15 20:55:59.509632,0.12988010075,2026-04-15 15:56:41
3483206,(2009 XV1),22.38,0.0888290416,0.1986277755,False,2025-05-29,21.9013171545,15258208.436384669,2026-04-15 20:55:59.509636,0.14372840855,2026-04-15 15:56:41
3721410,(2015 LA40),22.4,0.0880146521,0.1968067451,False,2025-05-29,22.0552576442,55680799.58423431,2026-04-15 20:55:59.509644,0.1424106986,2026-04-15 15:56:41
3759724,(2016 SA2),28.12,0.0063176415,0.0141266758,False,2025-05-29,10.7464916827,33293626.50046476,2026-04-15 20:55:59.509648,0.01022215865,2026-04-15 15:56:41
3799765,(2018 DC4),27.3,0.0092162655,0.0206081961,False,2025-05-29,4.6846992379,28103368.4032852,2026-04-15 20:55:59.509652,0.014912230799999999,2026-04-15 15:56:41
54016687,(2020 HL4),24.6,0.0319561887,0.0714562102,False,2025-05-29,8.2364083536,11330178.373066977,2026-04-15 20:55:59.509657,0.05170619945,2026-04-15 15:56:41
54218583,(2021 VP8),26.29,0.0146742183,0.0328125497,False,2025-05-29,9.1713715046,47752057.54189645,2026-04-15 20:55:59.509661,0.023743384,2026-04-15 15:56:41
54532951,(2025 KR),24.48,0.0337718597,0.0755161741,False,2025-05-29,13.7786888273,4944899.234720913,2026-04-15 20:55:59.509665,0.054644016899999995,2026-04-15 15:56:41
54533322,(2025 KD3),23.33,0.0573528464,0.1282448632,False,2025-05-29,12.0770894551,7538488.472434784,2026-04-15 20:55:59.509669,0.0927988548,2026-04-15 15:56:41
54533414,(2025 KJ3),24.62,0.0316632126,0.0708010957,False,2025-05-29,13.7323884101,21348598.667649306,2026-04-15 20:55:59.509673,0.05123215415,2026-04-15 15:56:41
3754439,(2016 NN15),26.7,0.0121494041,0.0271668934,False,2025-05-28,15.0074879221,38390951.69307888,2026-04-15 20:55:59.509677,0.01965814875,2026-04-15 15:56:41
54225004,(2021 WD3),25.55,0.0206326484,0.0461360043,False,2025-05-28,5.5630499979,15933384.164717436,2026-04-15 20:55:59.509681,0.03338432635,2026-04-15 15:56:41
54306601,(2022 SB6),22.63,0.0791689667,0.1770271912,False,2025-05-28,15.3592339569,14531388.62112922,2026-04-15 20:55:59.509686,0.12809807895,2026-04-15 15:56:41
54327909,(2022 WW2),25.57,0.0204434871,0.0457130269,False,2025-05-28,13.3296492551,56213372.59408892,2026-04-15 20:55:59.509690,0.033078257,2026-04-15 15:56:41
54419807,(2024 AC3),25.25,0.0236894499,0.0529712204,False,2025-05-28,23.4176067095,10787576.60624352,2026-04-15 20:55:59.509693,0.03833033515,2026-04-15 15:56:41
54430726,(2024 EW3),28.41,0.0055278338,0.0123606121,False,2025-05-28,18.0907862788,72400273.44743247,2026-04-15 20:55:59.509698,0.00894422295,2026-04-15 15:56:41
54447954,(2024 LH5),24.24,0.0377185489,0.0843412394,False,2025-05-28,15.1841830919,8831759.545340568,2026-04-15 20:55:59.509702,0.06102989415,2026-04-15 15:56:41
54524511,(2025 FU5),23.18,0.0614546821,0.1374168468,False,2025-05-28,7.328415378,5147636.886107638,2026-04-15 20:55:59.509706,0.09943576444999999,2026-04-15 15:56:41
54528925,(2025 JR),23.25,0.0595052079,0.1330576898,False,2025-05-28,11.3330878714,4620597.770740495,2026-04-15 20:55:59.509710,0.09628144884999999,2026-04-15 15:56:41
54533099,(2025 KU1),26.32,0.0144728805,0.0323623447,False,2025-05-28,3.4238380391,7373079.558675123,2026-04-15 20:55:59.509714,0.0234176126,2026-04-15 15:56:41
54532955,(2025 KW),25.45,0.0216050351,0.0483103272,False,2025-05-28,13.5155465404,4940996.779804732,2026-04-15 20:55:59.509718,0.03495768115,2026-04-15 15:56:41
54533320,(2025 KA3),25.56,0.02053785,0.0459240286,False,2025-05-28,19.4908918726,1917535.758838663,2026-04-15 20:55:59.509722,0.0332309393,2026-04-15 15:56:41
54533415,(2025 KX3),27.61,0.0079901508,0.0178665204,False,2025-05-28,7.9408236841,339701.622230337,2026-04-15 20:55:59.509726,0.0129283356,2026-04-15 15:56:41
54533904,(2025 KW8),27.04,0.010388551,0.0232295062,False,2025-05-28,13.7431086066,1318438.685525021,2026-04-15 20:55:59.509730,0.016809028599999998,2026-04-15 15:56:41
2163696,163696 (2003 EB50),16.53,1.313877806,2.9379200884,False,2025-06-10,18.753012209,26537111.167122986,2026-04-15 20:56:09.247397,2.1258989472,2026-04-15 15:56:41
3485969,(2010 AN61),27.0,0.0105816886,0.023661375,False,2025-06-10,4.3586702778,37482070.25276791,2026-04-15 20:56:09.247419,0.0171215318,2026-04-15 15:56:41
3744561,(2016 CN248),27.3,0.0092162655,0.0206081961,False,2025-06-10,17.0337734817,64336298.44616457,2026-04-15 20:56:09.247425,0.014912230799999999,2026-04-15 15:56:41
3753870,(2016 LV10),23.05,0.065246163,0.1458948557,False,2025-06-10,18.2642365712,9469827.16298495,2026-04-15 20:56:09.247430,0.10557050935,2026-04-15 15:56:41
3767164,(2017 BO30),23.9,0.04411182,0.0986370281,False,2025-06-10,16.002206687,59958024.88525062,2026-04-15 20:56:09.247434,0.07137442405,2026-04-15 15:56:41
3841673,(2019 JE),26.21,0.0152249185,0.0340439527,False,2025-06-10,10.4793683468,17074966.82714869,2026-04-15 20:56:09.247439,0.024634435599999997,2026-04-15 15:56:41
54053734,(2020 RM),27.1,0.0101054342,0.0225964377,False,2025-06-10,5.5682414043,33586362.73907624,2026-04-15 20:56:09.247443,0.01635093595,2026-04-15 15:56:41
54106579,(2021 BR2),30.87,0.0017805533,0.0039814382,False,2025-06-10,7.529417596,61236476.76323463,2026-04-15 20:56:09.247448,0.0028809957500000004,2026-04-15 15:56:41
54246202,(2022 CQ4),25.78,0.0185590173,0.0414992243,False,2025-06-10,24.4136196314,74704902.82036622,2026-04-15 20:56:09.247452,0.0300291208,2026-04-15 15:56:41
54327489,(2022 WA1),27.36,0.0089650967,0.0200465656,False,2025-06-10,14.9976428099,32130385.13321384,2026-04-15 20:56:09.247456,0.014505831149999999,2026-04-15 15:56:41
54360100,(2023 KK4),27.56,0.0081762653,0.0182826851,False,2025-06-10,28.202577853,54695717.476881444,2026-04-15 20:56:09.247461,0.0132294752,2026-04-15 15:56:41
54370594,(2023 LK),25.2,0.0242412481,0.0542050786,False,2025-06-10,18.0191032012,20290541.028854515,2026-04-15 20:56:09.247465,0.03922316335,2026-04-15 15:56:41
54441878,(2024 JR16),21.83,0.1144339731,0.2558821427,True,2025-06-10,14.8047581454,19565629.843063675,2026-04-15 20:56:09.247469,0.1851580579,2026-04-15 15:56:41
54487274,(2024 TL2),30.76,0.0018730742,0.0041883212,False,2025-06-10,8.6610726394,67196078.01981501,2026-04-15 20:56:09.247473,0.0030306977,2026-04-15 15:56:41
54521721,(2025 EB),21.65,0.1243240006,0.2779969165,False,2025-06-10,10.1244788991,29365645.056454815,2026-04-15 20:56:09.247477,0.20116045855,2026-04-15 15:56:41
54533503,(2025 KS4),23.66,0.0492668706,0.1101640716,False,2025-06-10,6.6846920288,28312655.18014436,2026-04-15 20:56:09.247481,0.07971547109999999,2026-04-15 15:56:41
2438908,438908 (2009 XO),20.63,0.1988634532,0.4446721997,True,2025-06-04,25.2606244903,66243008.33074388,2026-04-15 20:56:09.247485,0.32176782645,2026-04-15 15:56:41
3515028,(2010 GH7),27.35,0.0090064777,0.0201390963,False,2025-06-04,3.9400870276,58557627.226431444,2026-04-15 20:56:09.247490,0.014572787,2026-04-15 15:56:41
3624746,(2013 BH18),20.6,0.2016299194,0.4508582062,False,2025-06-04,3.0955018238,69348781.22637944,2026-04-15 20:56:09.247494,0.3262440628,2026-04-15 15:56:41
3678630,(2014 OL339),22.78,0.0738847787,0.1652113876,False,2025-06-04,11.5088853724,49937060.75368788,2026-04-15 20:56:09.247498,0.11954808315000001,2026-04-15 15:56:41
3729277,(2015 TA25),20.07,0.2573682542,0.5754929116,False,2025-06-04,28.6486406746,69227973.69085772,2026-04-15 20:56:09.247502,0.4164305829,2026-04-15 15:56:41
3735682,(2015 XZ1),25.0,0.02658,0.0594346868,False,2025-06-04,13.8326452446,25770914.84379698,2026-04-15 20:56:09.247506,0.043007343399999995,2026-04-15 15:56:41
3739247,(2016 AB9),24.7,0.0305179233,0.0682401509,False,2025-06-04,13.5137898141,54590609.130792014,2026-04-15 20:56:09.247510,0.0493790371,2026-04-15 15:56:41
3765707,(2016 XF18),24.1,0.040230458,0.0899580388,False,2025-06-04,9.9948760439,44951204.19524433,2026-04-15 20:56:09.247515,0.0650942484,2026-04-15 15:56:41
3781304,(2017 QB35),29.3,0.0036690614,0.0082042706,False,2025-06-04,11.2597847908,42412367.9574679,2026-04-15 20:56:09.247519,0.005936666,2026-04-15 15:56:41
54290058,(2022 NU1),24.44,0.0343997255,0.0769201245,False,2025-06-04,7.5297967306,19768333.161739238,2026-04-15 20:56:09.247523,0.055659925,2026-04-15 15:56:41
54491558,(2024 TP17),24.21,0.0382432662,0.0855145429,False,2025-06-04,4.1601960021,29000928.05239776,2026-04-15 20:56:09.247527,0.06187890455,2026-04-15 15:56:41
54532865,(2025 KG),26.65,0.0124324001,0.0277996916,False,2025-06-04,3.4360190716,5832804.136499412,2026-04-15 20:56:09.247532,0.02011604585,2026-04-15 15:56:41
54533160,(2025 KA2),21.97,0.1072889455,0.2399053753,False,2025-06-04,23.6446993121,20691877.96087079,2026-04-15 20:56:09.247536,0.1735971604,2026-04-15 15:56:41
54534093,(2025 LB),26.79,0.0116561459,0.0260639347,False,2025-06-04,11.2066509782,152003.987181293,2026-04-15 20:56:09.247540,0.0188600403,2026-04-15 15:56:41
54533903,(2025 KV8),25.81,0.018304378,0.0409298336,False,2025-06-04,9.2670126023,1794956.206627244,2026-04-15 20:56:09.247544,0.0296171058,2026-04-15 15:56:41
54533905,(2025 KX8),24.89,0.0279611466,0.0625230245,False,2025-06-04,8.2608097291,3205943.255392877,2026-04-15 20:56:09.247549,0.04524208555,2026-04-15 15:56:41
3623484,(2013 AK11),23.5,0.0530340723,0.1185877909,False,2025-06-06,8.9820447865,58265060.30268923,2026-04-15 20:56:09.247553,0.0858109316,2026-04-15 15:56:41
3669253,(2014 HQ124),18.95,0.4310771239,0.9639177525,True,2025-06-06,15.0465989383,10816893.884259112,2026-04-15 20:56:09.247558,0.6974974382,2026-04-15 15:56:41
3893720,(2019 WP4),24.41,0.0348782733,0.0779901901,False,2025-06-06,15.1702457854,46953482.46502466,2026-04-15 20:56:09.247562,0.0564342317,2026-04-15 15:56:41
54016726,(2020 HG5),25.7,0.0192555078,0.0430566244,False,2025-06-06,11.135002373,39838100.18225175,2026-04-15 20:56:09.247566,0.031156066099999997,2026-04-15 15:56:41
54017404,(2020 LQ),25.1,0.0253837029,0.0567596853,False,2025-06-06,11.7537961729,6625739.17919497,2026-04-15 20:56:09.247570,0.0410716941,2026-04-15 15:56:41
54533157,(2025 KW1),25.41,0.0220067027,0.0492084832,False,2025-06-06,2.6819427272,13860709.610291418,2026-04-15 20:56:09.247574,0.03560759295,2026-04-15 15:56:41
54533825,(2025 KO8),23.75,0.0472666667,0.1056914799,False,2025-06-06,14.5402705408,18550780.721618637,2026-04-15 20:56:09.247578,0.0764790733,2026-04-15 15:56:41
54535139,(2025 MB2),23.97,0.0427124985,0.0955080501,False,2025-06-06,18.4925521971,4568792.118118217,2026-04-15 20:56:09.247582,0.0691102743,2026-04-15 15:56:41
2162039,162039 (1996 JG),18.92,0.437074004,0.9773271842,True,2025-06-05,15.168589307,25195990.49742793,2026-04-15 20:56:09.247586,0.7072005941,2026-04-15 15:56:41
2419624,419624 (2010 SO16),20.44,0.2170475943,0.4853331752,True,2025-06-05,17.4631359924,71725470.59179069,2026-04-15 20:56:09.247591,0.35119038475000003,2026-04-15 15:56:41
2424482,424482 (2008 DG5),19.59,0.3210369174,0.7178603705,True,2025-06-05,6.2083872964,3492786.83390506,2026-04-15 20:56:09.247595,0.51944864395,2026-04-15 15:56:41
3006207,(1995 HM),22.66,0.0780827277,0.1745982871,False,2025-06-05,2.5368981298,20138069.15937501,2026-04-15 20:56:09.247599,0.1263405074,2026-04-15 15:56:41
3841718,(2019 JU1),24.6,0.0319561887,0.0714562102,False,2025-06-05,16.2080636502,44501835.33655482,2026-04-15 20:56:09.247603,0.05170619945,2026-04-15 15:56:41
54017402,(2020 LN),23.6,0.0506471459,0.1132504611,False,2025-06-05,16.1377296257,70574450.74220772,2026-04-15 20:56:09.247607,0.0819488035,2026-04-15 15:56:41
54017437,(2020 LF1),23.3,0.058150704,0.130028927,False,2025-06-05,19.9918831301,59563175.3695854,2026-04-15 20:56:09.247611,0.09408981549999999,2026-04-15 15:56:41
54051081,(2020 PV3),25.0,0.02658,0.0594346868,False,2025-06-05,4.4894225779,62157240.47812375,2026-04-15 20:56:09.247615,0.043007343399999995,2026-04-15 15:56:41
54534234,(2025 LD),26.04,0.0164647438,0.0368162863,False,2025-06-05,6.79749576,1120269.304294486,2026-04-15 20:56:09.247619,0.02664051505,2026-04-15 15:56:41
54533600,(2025 KY4),26.83,0.0114433973,0.0255882143,False,2025-06-05,3.7730619493,2772278.642543634,2026-04-15 20:56:09.247623,0.0185158058,2026-04-15 15:56:41
54534379,(2025 LQ),24.35,0.0358554334,0.0801751865,False,2025-06-05,12.1210269388,3515439.721289384,2026-04-15 20:56:09.247627,0.058015309949999996,2026-04-15 15:56:41
3126186,(2002 JD109),18.57,0.5135171787,1.1482593191,False,2025-06-08,24.410632276,62239210.74605708,2026-04-15 20:56:09.247631,0.8308882489,2026-04-15 15:56:41
3673787,(2014 LL26),25.3,0.0231502122,0.0517654482,False,2025-06-08,5.2196278113,3077409.304041209,2026-04-15 20:56:09.247635,0.0374578302,2026-04-15 15:56:41
3763271,(2016 VS),27.4,0.0088014652,0.0196806745,False,2025-06-08,7.1170562356,14485675.820475876,2026-04-15 20:56:09.247639,0.01424106985,2026-04-15 15:56:41
3837653,(2019 AY4),22.5,0.0840533402,0.1879489824,False,2025-06-08,27.9901067536,46913632.24033896,2026-04-15 20:56:09.247643,0.1360011613,2026-04-15 15:56:41
54065902,(2020 TT5),27.0,0.0105816886,0.023661375,False,2025-06-08,6.1493684223,52298571.694812134,2026-04-15 20:56:09.247647,0.0171215318,2026-04-15 15:56:41
54235667,(2022 AS2),28.95,0.0043107712,0.0096391775,False,2025-06-08,7.5702432987,73738204.6307,2026-04-15 20:56:09.247652,0.00697497435,2026-04-15 15:56:41
54533164,(2025 KK2),24.52,0.0331554538,0.0741378485,False,2025-06-08,8.1446739308,8781697.859807389,2026-04-15 20:56:09.247656,0.05364665115,2026-04-15 15:56:41
54533826,(2025 KP8),24.11,0.0400456158,0.0895447192,False,2025-06-08,13.705923991,5225485.672883328,2026-04-15 20:56:09.247660,0.0647951675,2026-04-15 15:56:41
54534334,(2025 LK),26.9,0.0110803882,0.0247765013,False,2025-06-08,10.2605723312,99232.515750508,2026-04-15 20:56:09.247664,0.01792844475,2026-04-15 15:56:41
54534777,(2025 ME),24.13,0.0396784754,0.0887237683,False,2025-06-08,16.7897127222,5461023.12102095,2026-04-15 20:56:09.247668,0.06420112185,2026-04-15 15:56:41
54534778,(2025 MF),27.23,0.0095182033,0.0212833496,False,2025-06-08,6.7530401082,2326650.553392408,2026-04-15 20:56:09.247672,0.01540077645,2026-04-15 15:56:41
54575656,(2026 AY1),27.49,0.0084441313,0.0188816516,False,2025-06-08,5.6691160542,25713853.653443944,2026-04-15 20:56:09.247676,0.013662891449999999,2026-04-15 15:56:41
3591611,(2011 YG6),21.09,0.1608996045,0.3597824532,True,2025-06-07,26.3258700233,67983274.24886078,2026-04-15 20:56:09.247680,0.26034102885,2026-04-15 15:56:41
3825166,(2018 LE4),23.92,0.0437074004,0.0977327184,False,2025-06-07,13.3993365696,5087201.261480374,2026-04-15 20:56:09.247684,0.07072005940000001,2026-04-15 15:56:41
54154694,(2021 LA1),25.22,0.024019003,0.0537081235,False,2025-06-07,6.2537764638,17799461.90646413,2026-04-15 20:56:09.247689,0.038863563250000004,2026-04-15 15:56:41
54177978,(2021 PV),24.75,0.0298232505,0.0666868155,False,2025-06-07,10.0819624122,74461204.7037016,2026-04-15 20:56:09.247693,0.048255032999999996,2026-04-15 15:56:41
54236616,(2022 AB6),22.92,0.0692715614,0.1548959201,False,2025-06-07,16.9832776318,28434814.212743208,2026-04-15 20:56:09.247697,0.11208374075,2026-04-15 15:56:41
54330039,(2022 WO7),24.56,0.0325502986,0.0727846803,False,2025-06-07,13.3013156382,37878370.10482299,2026-04-15 20:56:09.247701,0.05266748945,2026-04-15 15:56:41
54440312,(2022 JN11),29.4,0.0035039264,0.0078350176,False,2025-06-07,19.1636153741,65471482.553379536,2026-04-15 20:56:09.247705,0.005669472,2026-04-15 15:56:41
54534337,(2025 LN),28.89,0.0044315431,0.0099092316,False,2025-06-07,8.932894701,246821.465873852,2026-04-15 20:56:09.247709,0.00717038735,2026-04-15 15:56:41
3734098,(2015 VQ65),24.6,0.0319561887,0.0714562102,False,2025-06-09,7.1462419314,66793064.91846432,2026-04-15 20:56:09.247713,0.05170619945,2026-04-15 15:56:41
3753474,(2016 KC),22.9,0.0699125232,0.1563291544,False,2025-06-09,19.713438091,68669808.44978967,2026-04-15 20:56:09.247717,0.11312083880000001,2026-04-15 15:56:41
3753797,(2016 LC9),27.0,0.0105816886,0.023661375,False,2025-06-09,17.0631097025,71193948.34241517,2026-04-15 20:56:09.247721,0.0171215318,2026-04-15 15:56:41
3781003,(2017 QF17),19.7,0.3051792326,0.6824015094,False,2025-06-09,12.8460919296,63279226.68725265,2026-04-15 20:56:09.247725,0.493790371,2026-04-15 15:56:41
3831735,(2018 TF5),25.4,0.022108281,0.0494356193,False,2025-06-09,16.5580685465,66882339.182722114,2026-04-15 20:56:09.247729,0.035771950149999995,2026-04-15 15:56:41
54117599,(2021 CZ7),28.4,0.0055533491,0.0124176661,False,2025-06-09,10.6116260154,46608660.69113592,2026-04-15 20:56:09.247733,0.008985507600000001,2026-04-15 15:56:41
54445843,(2024 LB1),23.59,0.0508809225,0.1137732014,False,2025-06-09,14.7105678055,46221179.54375861,2026-04-15 20:56:09.247738,0.08232706195,2026-04-15 15:56:41
54507933,(2024 YF1),23.54,0.0520660914,0.1164233197,False,2025-06-09,9.918450583,28117654.700674456,2026-04-15 20:56:09.247742,0.08424470554999999,2026-04-15 15:56:41
54528734,(2025 HP23),22.48,0.0848310762,0.189688053,False,2025-06-09,11.0051246828,14200239.823282309,2026-04-15 20:56:09.247746,0.1372595646,2026-04-15 15:56:41
54534646,(2025 LS),23.53,0.0523064176,0.1169607054,False,2025-06-09,11.36576016,12142002.570335528,2026-04-15 20:56:09.247750,0.08463356150000001,2026-04-15 15:56:41
54537476,(2025 MZ88),25.15,0.0248058993,0.0554676771,False,2025-06-09,5.1310227301,14035772.942269824,2026-04-15 20:56:09.247754,0.0401367882,2026-04-15 15:56:41
3663258,(2014 EL),27.0,0.0105816886,0.023661375,False,2025-06-11,24.9194555416,69889419.23692317,2026-04-15 20:56:20.303225,0.0171215318,2026-04-15 15:56:41
3842657,(2019 KJ4),27.4,0.0088014652,0.0196806745,False,2025-06-11,13.107460829,37303881.89608414,2026-04-15 20:56:20.303249,0.01424106985,2026-04-15 15:56:41
54017234,(2020 KR4),20.98,0.1692602495,0.3784774237,True,2025-06-11,31.8550477348,13213182.276056096,2026-04-15 20:56:20.303254,0.2738688366,2026-04-15 15:56:41
54224427,(2021 WG2),27.22,0.0095621373,0.0213815891,False,2025-06-11,6.5582579196,52113133.167117536,2026-04-15 20:56:20.303258,0.015471863200000002,2026-04-15 15:56:41
54402361,(2023 VL),24.26,0.0373727432,0.0835679943,False,2025-06-11,22.3877434988,71186001.40436503,2026-04-15 20:56:20.303261,0.06047036875,2026-04-15 15:56:41
54434763,(2024 HA),31.77,0.0011763999,0.0026305101,False,2025-06-11,13.7514829977,63756603.184364624,2026-04-15 20:56:20.303265,0.001903455,2026-04-15 15:56:41
54533908,(2025 JO3),24.59,0.0321036917,0.0717860371,False,2025-06-11,6.2413038543,12470053.73484707,2026-04-15 20:56:20.303269,0.0519448644,2026-04-15 15:56:41
3378801,(2007 MK6),20.18,0.2446554962,0.5470663205,False,2025-06-13,28.901026655,13073708.36710941,2026-04-15 20:56:20.303273,0.39586090835,2026-04-15 15:56:41
3529588,(2010 LK61),21.79,0.1165614595,0.2606393469,False,2025-06-13,28.4093993546,54427184.976853006,2026-04-15 20:56:20.303277,0.18860040320000002,2026-04-15 15:56:41
3670633,(2014 JR24),29.3,0.0036690614,0.0082042706,False,2025-06-13,2.9054355799,9645070.924954364,2026-04-15 20:56:20.303281,0.005936666,2026-04-15 15:56:41
3752573,(2016 HK19),21.7,0.1214940408,0.2716689341,False,2025-06-13,16.329839592,66586902.52303968,2026-04-15 20:56:20.303285,0.19658148744999998,2026-04-15 15:56:41
3825481,(2018 MY6),21.38,0.1407845434,0.3148038092,True,2025-06-13,28.4655308554,72065798.50550377,2026-04-15 20:56:20.303288,0.22779417629999998,2026-04-15 15:56:41
3840758,(2019 GA),23.59,0.0508809225,0.1137732014,False,2025-06-13,29.0883576075,64924136.604264565,2026-04-15 20:56:20.303292,0.08232706195,2026-04-15 15:56:41
54017405,(2020 LR),24.1,0.040230458,0.0899580388,False,2025-06-13,14.3556592875,55187339.71540013,2026-04-15 20:56:20.303296,0.0650942484,2026-04-15 15:56:41
54088813,(2020 WM),25.0,0.02658,0.0594346868,False,2025-06-13,15.0431808377,69508888.39162628,2026-04-15 20:56:20.303299,0.043007343399999995,2026-04-15 15:56:41
54223982,(2021 WO),20.92,0.1740022951,0.38908096,False,2025-06-13,14.691219523,64897800.781878494,2026-04-15 20:56:20.303303,0.28154162755,2026-04-15 15:56:41
54301288,(2022 RJ1),26.51,0.0132603497,0.0296510433,False,2025-06-13,3.5610468389,49401045.16772925,2026-04-15 20:56:20.303307,0.0214556965,2026-04-15 15:56:41
54413282,(2023 XO1),27.06,0.0102933082,0.0230165369,False,2025-06-13,15.5296279069,42748798.84666749,2026-04-15 20:56:20.303310,0.01665492255,2026-04-15 15:56:41
54534705,(2025 LV),24.85,0.0284809831,0.0636854144,False,2025-06-13,16.1860688034,1787801.194821523,2026-04-15 20:56:20.303313,0.04608319875,2026-04-15 15:56:41
54535061,(2025 MQ),25.09,0.0255008688,0.0570216761,False,2025-06-13,13.0762327188,2961968.876341717,2026-04-15 20:56:20.303317,0.04126127245,2026-04-15 15:56:41
54535063,(2025 MS),23.55,0.0518268695,0.1158884032,False,2025-06-13,9.3344335903,12828554.483652236,2026-04-15 20:56:20.303321,0.08385763635,2026-04-15 15:56:41
54537923,(2025 NQ),24.52,0.0331554538,0.0741378485,False,2025-06-13,9.2021577223,11955087.721101046,2026-04-15 20:56:20.303324,0.05364665115,2026-04-15 15:56:41
3335422,(2006 KY112),21.28,0.1474195145,0.3296400556,False,2025-06-12,12.2497917096,25701584.937648013,2026-04-15 20:56:20.303328,0.23852978505,2026-04-15 15:56:41
3735680,(2015 XR1),23.21,0.0606114923,0.1355314169,False,2025-06-12,12.6469332649,6932810.873055795,2026-04-15 20:56:20.303332,0.0980714546,2026-04-15 15:56:41
54053743,(2020 RS),25.4,0.022108281,0.0494356193,False,2025-06-12,4.2230591087,38666686.91167378,2026-04-15 20:56:20.303336,0.035771950149999995,2026-04-15 15:56:41
54053762,(2020 RG1),25.4,0.022108281,0.0494356193,False,2025-06-12,5.4866303371,72487093.64839165,2026-04-15 20:56:20.303340,0.035771950149999995,2026-04-15 15:56:41
54200305,(2021 SU1),26.57,0.0128989683,0.02884297,False,2025-06-12,9.6605744443,49781716.7995816,2026-04-15 20:56:20.303343,0.02087096915,2026-04-15 15:56:41
54280768,(2022 KQ5),29.1,0.0040230458,0.0089958039,False,2025-06-12,5.063457811,5202068.340383304,2026-04-15 20:56:20.303347,0.00650942485,2026-04-15 15:56:41
54305663,(2022 SV4),25.78,0.0185590173,0.0414992243,False,2025-06-12,13.9589406661,47456514.05437505,2026-04-15 20:56:20.303351,0.0300291208,2026-04-15 15:56:41
54323533,(2022 VJ),25.13,0.0250354255,0.0559809132,False,2025-06-12,18.2896827667,60425759.24612898,2026-04-15 20:56:20.303354,0.04050816935,2026-04-15 15:56:41
54445580,(2024 LQ),25.13,0.0250354255,0.0559809132,False,2025-06-12,20.2167322291,58950237.42654043,2026-04-15 20:56:20.303358,0.04050816935,2026-04-15 15:56:41
54527657,(2025 HV4),22.56,0.0817626533,0.1828268509,False,2025-06-12,4.8516464111,27442005.465163562,2026-04-15 20:56:20.303362,0.1322947521,2026-04-15 15:56:41
54533008,(2025 KF1),24.77,0.0295498293,0.0660754271,False,2025-06-12,9.7231352305,3095406.660831772,2026-04-15 20:56:20.303365,0.0478126282,2026-04-15 15:56:41
54533166,(2025 KP2),24.37,0.0355267088,0.079440136,False,2025-06-12,8.1841636185,11284957.46516998,2026-04-15 20:56:20.303369,0.0574834224,2026-04-15 15:56:41
54533505,(2025 KV4),25.6,0.0201629919,0.0450858206,False,2025-06-12,8.0128451403,1560522.566373417,2026-04-15 20:56:20.303373,0.03262440625,2026-04-15 15:56:41
54535143,(2025 MG2),26.59,0.0127807099,0.0285785361,False,2025-06-12,4.3552014996,4698484.375857721,2026-04-15 20:56:20.303376,0.020679623,2026-04-15 15:56:41
3183847,(2004 LO2),25.0,0.02658,0.0594346868,False,2025-06-15,13.7646253083,18834127.614477225,2026-04-15 20:56:20.303381,0.043007343399999995,2026-04-15 15:56:41
3394071,(2007 VY137),24.43,0.0345585074,0.0772751717,False,2025-06-15,19.4686764329,72169025.2843833,2026-04-15 20:56:20.303384,0.05591683955,2026-04-15 15:56:41
3566360,(2011 KB),25.1,0.0253837029,0.0567596853,False,2025-06-15,7.3610038984,21299578.153371755,2026-04-15 20:56:20.303388,0.0410716941,2026-04-15 15:56:41
3799001,(2018 CL),25.5,0.0211132445,0.0472106499,False,2025-06-15,12.683645797,57913082.23045309,2026-04-15 20:56:20.303392,0.0341619472,2026-04-15 15:56:41
54017313,(2020 KD7),20.09,0.2550086879,0.5702167609,False,2025-06-15,36.2544748535,68879028.2965618,2026-04-15 20:56:20.303396,0.41261272439999996,2026-04-15 15:56:41
54034188,(2020 NO),26.8,0.0116025908,0.0259441818,False,2025-06-15,17.6174910605,48814895.251511775,2026-04-15 20:56:20.303399,0.0187733863,2026-04-15 15:56:41
54159401,(2021 LD6),27.2,0.0096506147,0.0215794305,False,2025-06-15,13.8339169932,55552233.03550677,2026-04-15 20:56:20.303403,0.0156150226,2026-04-15 15:56:41
54217964,(2021 VO6),21.12,0.1586919792,0.3548460529,True,2025-06-15,16.1855522412,13248958.157872984,2026-04-15 20:56:20.303406,0.25676901605,2026-04-15 15:56:41
54402138,(2023 VF),23.44,0.0545198907,0.1219101818,False,2025-06-15,25.4338549749,59191347.41029534,2026-04-15 20:56:20.303410,0.08821503625,2026-04-15 15:56:41
54417172,(2023 XO15),25.82,0.0182202771,0.0407417781,False,2025-06-15,3.4204009285,6813752.1366344,2026-04-15 20:56:20.303413,0.0294810276,2026-04-15 15:56:41
54533746,(2025 KV7),24.32,0.0363542322,0.0812905344,False,2025-06-15,8.0883090017,10482597.6669057,2026-04-15 20:56:20.303417,0.0588223833,2026-04-15 15:56:41
54534879,(2025 LD1),27.78,0.0073884779,0.0165211388,False,2025-06-15,12.3583311738,210748.198451189,2026-04-15 20:56:20.303420,0.01195480835,2026-04-15 15:56:41
54535141,(2025 ME2),23.31,0.0578835257,0.1294314984,False,2025-06-15,9.179868771,18086531.736794896,2026-04-15 20:56:20.303424,0.09365751205,2026-04-15 15:56:41
2433953,433953 (1997 XR2),20.91,0.1748054532,0.3908768761,True,2025-06-14,4.9167734825,15938368.870464345,2026-04-15 20:56:20.303428,0.28284116465,2026-04-15 15:56:41
3548666,(2010 TW54),27.6,0.0080270317,0.0179489885,False,2025-06-14,7.4264530707,32545085.149284247,2026-04-15 20:56:20.303432,0.012988010099999999,2026-04-15 15:56:41
3582026,(2011 UA),18.6,0.5064714588,1.1325046106,False,2025-06-14,16.262706784,51756863.61070427,2026-04-15 20:56:20.303435,0.8194880347,2026-04-15 15:56:41
3582523,(2011 UC64),27.9,0.0069912523,0.0156329154,False,2025-06-14,22.9395932608,45317398.553066574,2026-04-15 20:56:20.303439,0.01131208385,2026-04-15 15:56:41
3667092,(2014 GS34),24.25,0.0375452479,0.0839537266,False,2025-06-14,9.3776877578,21774834.639228813,2026-04-15 20:56:20.303443,0.06074948725,2026-04-15 15:56:41
54105518,(2021 AW5),26.54,0.0130784109,0.0292442157,False,2025-06-14,14.4284539745,38270618.38280508,2026-04-15 20:56:20.303446,0.021161313299999998,2026-04-15 15:56:41
54317205,(2022 UE3),24.61,0.0318093633,0.0711278987,False,2025-06-14,12.6668383717,53662134.48345248,2026-04-15 20:56:20.303449,0.051468631,2026-04-15 15:56:41
54340710,(2023 CD),24.07,0.0407901194,0.0912094798,False,2025-06-14,6.1564530235,25876458.69920556,2026-04-15 20:56:20.303452,0.0659997996,2026-04-15 15:56:41
54359249,(2023 KO),27.04,0.010388551,0.0232295062,False,2025-06-14,18.9739410256,54691691.00533104,2026-04-15 20:56:20.303455,0.016809028599999998,2026-04-15 15:56:41
54527456,(2025 HC3),22.33,0.0908981358,0.2032544107,False,2025-06-14,6.8984397304,23390738.755950265,2026-04-15 20:56:20.303458,0.14707627325,2026-04-15 15:56:41
54532958,(2025 JN2),24.29,0.0368599699,0.0824213984,False,2025-06-14,5.5708771578,12919897.013261711,2026-04-15 20:56:20.303461,0.05964068415,2026-04-15 15:56:41
3038472,(2000 LF3),21.61,0.1266353563,0.283165265,True,2025-06-17,14.4862985685,7249056.5066965,2026-04-15 20:56:20.303466,0.20490031065,2026-04-15 15:56:41
3602706,(2012 HG2),27.0,0.0105816886,0.023661375,False,2025-06-17,2.8499362485,32785340.3008904,2026-04-15 20:56:20.303469,0.0171215318,2026-04-15 15:56:41
3956451,(2019 YS3),24.63,0.0315177333,0.0704757942,False,2025-06-17,5.9667604042,18937512.398627028,2026-04-15 20:56:20.303472,0.05099676375,2026-04-15 15:56:41
54110078,(2021 CT1),25.33,0.0228325794,0.0510551996,False,2025-06-17,8.6170408341,22508348.046619754,2026-04-15 20:56:20.303476,0.0369438895,2026-04-15 15:56:41
54342224,(2023 DO),25.6,0.0201629919,0.0450858206,False,2025-06-17,9.2233333325,56936977.99991168,2026-04-15 20:56:20.303479,0.03262440625,2026-04-15 15:56:41
54534775,(2025 MC),28.63,0.0049952241,0.0111696606,False,2025-06-17,8.6469868415,198681.604337415,2026-04-15 20:56:20.303483,0.00808244235,2026-04-15 15:56:41
3754389,(2016 NC1),25.46,0.021505769,0.0480883614,False,2025-06-16,4.1309593096,12383475.01476966,2026-04-15 20:56:20.303487,0.034797065200000005,2026-04-15 15:56:41
3837851,(2019 AF11),24.0,0.0421264611,0.0941976306,False,2025-06-16,11.4250625781,19935117.328717805,2026-04-15 20:56:20.303490,0.06816204584999999,2026-04-15 15:56:41
3838020,(2019 BT2),20.5,0.2111324448,0.4721064988,True,2025-06-16,21.1505794512,37598301.69416481,2026-04-15 20:56:20.303493,0.3416194718,2026-04-15 15:56:41
3842907,(2019 LU5),24.35,0.0358554334,0.0801751865,False,2025-06-16,17.0559986779,69161482.77828668,2026-04-15 20:56:20.303496,0.058015309949999996,2026-04-15 15:56:41
54016433,(2020 GE),28.17,0.0061738344,0.0138051134,False,2025-06-16,2.1309945904,12195745.216178566,2026-04-15 20:56:20.303499,0.0099894739,2026-04-15 15:56:41
54159398,(2021 LA6),25.73,0.0189913123,0.0424658654,False,2025-06-16,13.7255233449,34695348.758664064,2026-04-15 20:56:20.303502,0.03072858885,2026-04-15 15:56:41
54239888,(2022 BV1),24.16,0.0391340663,0.0875064325,False,2025-06-16,6.5386015133,52350020.99034829,2026-04-15 20:56:20.303505,0.0633202494,2026-04-15 15:56:41
54281981,(2022 LE1),25.82,0.0182202771,0.0407417781,False,2025-06-16,23.9452383087,47799633.53914128,2026-04-15 20:56:20.303508,0.0294810276,2026-04-15 15:56:41
54309240,(2022 SM20),23.3,0.058150704,0.130028927,False,2025-06-16,9.9494536739,14174327.12351175,2026-04-15 20:56:20.303511,0.09408981549999999,2026-04-15 15:56:41
54427170,(2024 CX7),21.21,0.152249185,0.3404395273,False,2025-06-16,23.0077777671,48190891.793379486,2026-04-15 20:56:20.303514,0.24634435615,2026-04-15 15:56:41
54465302,(2024 PF),22.36,0.0896509666,0.2004656557,False,2025-06-16,16.1789925385,55922319.795268334,2026-04-15 20:56:20.303517,0.14505831115,2026-04-15 15:56:41
54527891,(2025 HN6),25.93,0.0173202827,0.0387293295,False,2025-06-16,2.275253295,2437709.304358961,2026-04-15 20:56:20.303521,0.0280248061,2026-04-15 15:56:41
54534335,(2025 LL),22.16,0.0983003302,0.2198062205,False,2025-06-16,12.9159651595,18023114.59669896,2026-04-15 20:56:20.303524,0.15905327535,2026-04-15 15:56:41
54534885,(2025 MJ),24.87,0.0282198679,0.063101543,False,2025-06-16,8.2788646975,4599583.114670754,2026-04-15 20:56:20.303527,0.04566070545,2026-04-15 15:56:41
54534882,(2025 MG),27.96,0.0068007213,0.0152068751,False,2025-06-16,29.494903577,413556.220675962,2026-04-15 20:56:20.303530,0.0110037982,2026-04-15 15:56:41
54574880,(2026 AL),24.93,0.0274507982,0.0613818507,False,2025-06-16,6.5303720223,29736980.404918764,2026-04-15 20:56:20.303533,0.04441632445,2026-04-15 15:56:41
2468005,468005 (2012 XD112),21.19,0.1536579294,0.3435895754,True,2025-06-20,22.2981542522,65489118.092761725,2026-04-15 20:56:28.114049,0.2486237524,2026-04-15 15:56:41
3072545,(2001 BD16),20.22,0.2401900301,0.5370812349,False,2025-06-20,23.7547036294,25560687.02153659,2026-04-15 20:56:28.114082,0.3886356325,2026-04-15 15:56:41
3126224,(2002 KK3),17.7,0.7665755735,1.7141150923,False,2025-06-20,17.6039643462,58009644.16990771,2026-04-15 20:56:28.114088,1.2403453329,2026-04-15 15:56:41
3532394,(2010 MP1),21.5,0.1332155667,0.2978790628,False,2025-06-20,19.4688339584,20616406.374008123,2026-04-15 20:56:28.114093,0.21554731475,2026-04-15 15:56:41
3656930,(2014 BK25),27.4,0.0088014652,0.0196806745,False,2025-06-20,17.6002600764,35659352.16709904,2026-04-15 20:56:28.114098,0.01424106985,2026-04-15 15:56:41
3798980,(2018 BS6),24.9,0.0278326768,0.0622357573,False,2025-06-20,10.2575284933,29606494.276162528,2026-04-15 20:56:28.114103,0.04503421705,2026-04-15 15:56:41
3825489,(2018 MG7),21.35,0.1427430515,0.3191831664,True,2025-06-20,18.4759710375,25437833.017072864,2026-04-15 20:56:28.114108,0.23096310895,2026-04-15 15:56:41
3989253,(2020 BD11),24.29,0.0368599699,0.0824213984,False,2025-06-20,10.2420298937,40912704.84144725,2026-04-15 20:56:28.114113,0.05964068415,2026-04-15 15:56:41
54266166,(2022 BY39),29.93,0.0027450798,0.0061381851,False,2025-06-20,6.5141217466,23111566.66093019,2026-04-15 20:56:28.114119,0.00444163245,2026-04-15 15:56:41
54392660,(2023 TE7),22.34,0.0904804968,0.2023205415,False,2025-06-20,24.6464555553,60163295.93168644,2026-04-15 20:56:28.114124,0.14640051915000002,2026-04-15 15:56:41
54526764,(2025 GM1),20.1,0.2538370294,0.5675968529,False,2025-06-20,15.2950015422,29031980.620825987,2026-04-15 20:56:28.114129,0.41071694115,2026-04-15 15:56:41
54533315,(2025 KQ2),23.94,0.0433066885,0.0968366995,False,2025-06-20,8.5585078371,11365538.761759728,2026-04-15 20:56:28.114134,0.070071694,2026-04-15 15:56:41
54535068,(2025 MY),21.73,0.1198270801,0.2679414966,False,2025-06-20,14.6924828902,14470778.894500848,2026-04-15 20:56:28.114138,0.19388428835,2026-04-15 15:56:41
54537838,(2025 MQ91),24.85,0.0284809831,0.0636854144,False,2025-06-20,7.4401933553,7851448.458137105,2026-04-15 20:56:28.114143,0.04608319875,2026-04-15 15:56:41
54566741,(2025 XA5),25.16,0.0246919266,0.0552128263,False,2025-06-20,13.9248105201,19075616.02100409,2026-04-15 20:56:28.114148,0.03995237645,2026-04-15 15:56:41
3145512,(2003 AY2),19.82,0.2887719308,0.6457136672,True,2025-06-22,15.9489696724,5429696.234978499,2026-04-15 20:56:28.114154,0.467242799,2026-04-15 15:56:41
54535069,(2025 MZ),25.75,0.0188171989,0.042076536,False,2025-06-22,13.9818292435,847203.25577548,2026-04-15 20:56:28.114159,0.030446867449999998,2026-04-15 15:56:41
54535135,(2025 MX1),28.89,0.0044315431,0.0099092316,False,2025-06-22,6.5610778859,593517.551475826,2026-04-15 20:56:28.114163,0.00717038735,2026-04-15 15:56:41
54535136,(2025 MY1),23.11,0.0634680239,0.1419188158,False,2025-06-22,12.9351512911,5016874.345367006,2026-04-15 20:56:28.114168,0.10269341985,2026-04-15 15:56:41
54537670,(2025 MC90),29.16,0.0039134066,0.0087506433,False,2025-06-22,12.2760942457,539678.609483869,2026-04-15 20:56:28.114172,0.006332024949999999,2026-04-15 15:56:41
2793349,793349 (2003 AY2),19.81,0.2901048414,0.648694146,True,2025-06-22,15.948995616,5429820.490969321,2026-04-15 20:56:28.114177,0.4693994937,2026-04-15 15:56:41
54537837,(2025 MP91),25.7,0.0192555078,0.0430566244,False,2025-06-22,7.0123775751,9370902.654288985,2026-04-15 20:56:28.114181,0.031156066099999997,2026-04-15 15:56:41
54565946,(2025 XU),23.76,0.0470494961,0.1052058716,False,2025-06-22,5.2190223943,9101282.353348836,2026-04-15 20:56:28.114185,0.07612768385,2026-04-15 15:56:41
3518295,(2010 HK22),23.763,0.0469845397,0.1050606247,False,2025-06-22,5.2185364509,9102631.995412404,2026-04-15 20:56:28.114190,0.0760225822,2026-04-15 15:56:41
3127403,(2002 LD31),21.45,0.1363185559,0.3048175575,False,2025-06-21,10.4522826945,28793777.57800156,2026-04-15 20:56:28.114194,0.22056805670000001,2026-04-15 15:56:41
3348143,(2006 TK),20.01,0.2645787599,0.5916160926,False,2025-06-21,7.9912240262,17751976.715126384,2026-04-15 20:56:28.114199,0.42809742625,2026-04-15 15:56:41
3709400,(2015 BL514),24.6,0.0319561887,0.0714562102,False,2025-06-21,4.8707241741,37807003.1693576,2026-04-15 20:56:28.114204,0.05170619945,2026-04-15 15:56:41
54110066,(2021 CE1),26.0,0.0167708462,0.0375007522,False,2025-06-21,7.3738733666,12108570.393468568,2026-04-15 20:56:28.114208,0.0271357992,2026-04-15 15:56:41
54231259,(2021 YB),27.52,0.0083282735,0.0186225856,False,2025-06-21,3.8928928881,10328685.214817457,2026-04-15 20:56:28.114212,0.013475429550000001,2026-04-15 15:56:41
54535062,(2025 MR),24.56,0.0325502986,0.0727846803,False,2025-06-21,10.8123871827,1911453.004725954,2026-04-15 20:56:28.114217,0.05266748945,2026-04-15 15:56:41
54534886,(2025 MK),25.66,0.0196134944,0.0438571068,False,2025-06-21,12.3229407126,5598329.551308566,2026-04-15 20:56:28.114221,0.0317353006,2026-04-15 15:56:41
54537505,(2025 MM89),21.31,0.1453968429,0.3251172245,True,2025-06-21,26.232539625,7058757.24500986,2026-04-15 20:56:28.114225,0.2352570337,2026-04-15 15:56:41
54534780,(2025 LC1),25.19,0.0243531406,0.0544552779,False,2025-06-21,8.0246576582,4119132.141973686,2026-04-15 20:56:28.114230,0.03940420925,2026-04-15 15:56:41
54537656,(2025 MZ89),22.94,0.0686364759,0.1534758258,False,2025-06-21,17.3277448018,15274763.579949709,2026-04-15 20:56:28.114235,0.11105615085,2026-04-15 15:56:41
54537544,(2025 MX89),21.62,0.1260535197,0.2818642388,False,2025-06-21,16.0949931697,19304126.30367569,2026-04-15 20:56:28.114240,0.20395887925,2026-04-15 15:56:41
2813247,813247 (2006 TK),20.03,0.2621530873,0.5861921237,False,2025-06-21,7.9912244635,17751977.777271263,2026-04-15 20:56:28.114244,0.42417260549999997,2026-04-15 15:56:41
2527715,527715 (2007 YQ56),19.95,0.2719912773,0.6081909854,True,2025-06-24,14.7861183452,11514602.35792681,2026-04-15 20:56:28.114248,0.44009113135,2026-04-15 15:56:41
3485631,(2010 AF40),25.0,0.02658,0.0594346868,False,2025-06-24,9.820242189,37562216.32427447,2026-04-15 20:56:28.114253,0.043007343399999995,2026-04-15 15:56:41
3771021,(2017 EE3),26.0,0.0167708462,0.0375007522,False,2025-06-24,17.5925031932,52989118.23029273,2026-04-15 20:56:28.114257,0.0271357992,2026-04-15 15:56:41
3825507,(2018 MN8),22.88,0.0705594158,0.1577756503,False,2025-06-24,21.3133044099,8287424.866710606,2026-04-15 20:56:28.114261,0.11416753304999999,2026-04-15 15:56:41
3837883,(2019 AO12),25.6,0.0201629919,0.0450858206,False,2025-06-24,17.6333358112,73434446.32022266,2026-04-15 20:56:28.114266,0.03262440625,2026-04-15 15:56:41
3892710,(2019 VB4),26.0,0.0167708462,0.0375007522,False,2025-06-24,15.2997856,68137426.8952891,2026-04-15 20:56:28.114271,0.0271357992,2026-04-15 15:56:41
54289650,(2022 NC),25.15,0.0248058993,0.0554676771,False,2025-06-24,14.9528879604,37849924.249359936,2026-04-15 20:56:28.114276,0.0401367882,2026-04-15 15:56:41
54535071,(2025 MB1),24.56,0.0325502986,0.0727846803,False,2025-06-24,12.0003623165,4298556.356581102,2026-04-15 20:56:28.114280,0.05266748945,2026-04-15 15:56:41
54535122,(2025 MS1),29.85,0.0028480983,0.0063685414,False,2025-06-24,6.3304417119,314094.132034152,2026-04-15 20:56:28.114284,0.0046083198500000006,2026-04-15 15:56:41
54543080,(2025 OY37),22.91,0.0695913044,0.1556108872,False,2025-06-24,8.0099196428,26103362.689707823,2026-04-15 20:56:28.114289,0.1126010958,2026-04-15 15:56:41
54602256,(2025 NX187),22.973,0.0676012889,0.1511610774,False,2025-06-24,8.0111563903,26107285.37025603,2026-04-15 20:56:28.114293,0.10938118315,2026-04-15 15:56:41
3408650,(2008 GL20),26.6,0.0127219879,0.0284472297,False,2025-06-23,16.2278449326,58936104.45200813,2026-04-15 20:56:28.114298,0.0205846088,2026-04-15 15:56:41
3659801,(2014 BW32),26.6,0.0127219879,0.0284472297,False,2025-06-23,14.8896561783,64643417.27831423,2026-04-15 20:56:28.114302,0.0205846088,2026-04-15 15:56:41
3825168,(2018 LG4),27.0,0.0105816886,0.023661375,False,2025-06-23,21.62705291,65185184.603178605,2026-04-15 20:56:28.114306,0.0171215318,2026-04-15 15:56:41
54132109,(2021 FA1),28.77,0.0046833323,0.0104722495,False,2025-06-23,13.4187096427,51408976.50166029,2026-04-15 20:56:28.114310,0.007577790899999999,2026-04-15 15:56:41
54282889,(2022 LZ2),23.88,0.0445199816,0.0995497053,False,2025-06-23,11.2013437964,28334700.95449286,2026-04-15 20:56:28.114314,0.07203484345,2026-04-15 15:56:41
54433333,(2024 GG2),24.23,0.0378926498,0.0847305409,False,2025-06-23,16.3006127357,72861504.80386174,2026-04-15 20:56:28.114318,0.06131159535,2026-04-15 15:56:41
54534675,(2025 LT),24.56,0.0325502986,0.0727846803,False,2025-06-23,14.4742387387,1287353.878755804,2026-04-15 20:56:28.114323,0.05266748945,2026-04-15 15:56:41
54535060,(2025 MP),24.91,0.0277047973,0.06194981,False,2025-06-23,14.6036031892,3049637.012987828,2026-04-15 20:56:28.114327,0.04482730365,2026-04-15 15:56:41
54535121,(2025 MQ1),27.57,0.0081386988,0.0181986838,False,2025-06-23,13.26036059,582858.927635131,2026-04-15 20:56:28.114331,0.0131686913,2026-04-15 15:56:41
54535279,(2025 ML2),25.48,0.0213086029,0.0476474846,False,2025-06-23,7.0690483647,1616027.475125055,2026-04-15 20:56:28.114335,0.03447804375,2026-04-15 15:56:41
54537508,(2025 MP89),26.14,0.0157237082,0.0351592805,False,2025-06-23,15.3463780765,997619.695400546,2026-04-15 20:56:28.114339,0.02544149435,2026-04-15 15:56:41
54534709,(2025 LZ),22.52,0.0832827346,0.1862258558,False,2025-06-23,15.0159893736,17197166.490529034,2026-04-15 20:56:28.114343,0.1347542952,2026-04-15 15:56:41
54535070,(2025 MA1),24.28,0.0370301078,0.0828018383,False,2025-06-23,15.9602459839,10450741.039845793,2026-04-15 20:56:28.114347,0.05991597305,2026-04-15 15:56:41
54571204,(2025 YT8),23.31,0.0578835257,0.1294314984,False,2025-06-23,14.7269546723,25730126.40110979,2026-04-15 20:56:28.114351,0.09365751205,2026-04-15 15:56:41
3655742,(2014 AG5),22.69,0.0770113926,0.1722027088,False,2025-06-19,4.8275847705,22981062.221394673,2026-04-15 20:56:28.114356,0.1246070507,2026-04-15 15:56:41
54144921,(2021 JJ4),26.13,0.0157962856,0.0353215683,False,2025-06-19,7.0672548195,20323177.853685834,2026-04-15 20:56:28.114360,0.02555892695,2026-04-15 15:56:41
54534098,(2025 KL14),21.31,0.1453968429,0.3251172245,True,2025-06-19,7.520065992,29215703.485348493,2026-04-15 20:56:28.114364,0.2352570337,2026-04-15 15:56:41
54533413,(2025 KK3),23.41,0.0552783379,0.1236061213,False,2025-06-19,6.4449806315,23096505.865448367,2026-04-15 20:56:28.114368,0.0894422296,2026-04-15 15:56:41
54533602,(2025 KT6),23.46,0.0540200494,0.1207925025,False,2025-06-19,9.1511256898,2698381.393745272,2026-04-15 20:56:28.114373,0.08740627595,2026-04-15 15:56:41
54533604,(2025 KU6),23.9,0.04411182,0.0986370281,False,2025-06-19,9.146902341,8494106.037628828,2026-04-15 20:56:28.114377,0.07137442405,2026-04-15 15:56:41
54539469,(2025 MF96),24.96,0.0270741591,0.0605396602,False,2025-06-19,13.5363721987,6048151.003393975,2026-04-15 20:56:28.114381,0.043806909649999996,2026-04-15 15:56:41
3765705,(2016 XC18),21.96,0.1077841687,0.2410127282,True,2025-06-18,17.549270805,11910040.466411544,2026-04-15 20:56:28.114385,0.17439844845,2026-04-15 15:56:41
3838074,(2019 BB5),26.7,0.0121494041,0.0271668934,False,2025-06-18,13.5500054272,60661119.4806298,2026-04-15 20:56:28.114389,0.01965814875,2026-04-15 15:56:41
3842877,(2019 LB5),23.64,0.0497227313,0.1111834072,False,2025-06-18,20.6466894529,58669875.145826414,2026-04-15 20:56:28.114393,0.08045306925000001,2026-04-15 15:56:41
3842940,(2019 MH1),24.71,0.0303777061,0.0679266159,False,2025-06-18,19.7098078047,16104645.421950432,2026-04-15 20:56:28.114397,0.049152161,2026-04-15 15:56:41
3856703,(2019 SU3),27.27,0.0093444765,0.0208948847,False,2025-06-18,12.7313108277,53070029.62954242,2026-04-15 20:56:28.114401,0.015119680600000001,2026-04-15 15:56:41
54160405,(2021 LC7),21.44,0.1369477737,0.3062245314,False,2025-06-18,23.9369766058,19427766.83390072,2026-04-15 20:56:28.114405,0.22158615255,2026-04-15 15:56:41
54336908,(2022 YL5),24.19,0.0385971268,0.0863057993,False,2025-06-18,7.7041600892,16627005.100984188,2026-04-15 20:56:28.114410,0.06245146305,2026-04-15 15:56:41
54414140,(2023 XU2),25.23,0.0239086457,0.0534613571,False,2025-06-18,15.6236673131,4241557.53358007,2026-04-15 20:56:28.114414,0.0386850014,2026-04-15 15:56:41
54532950,(2025 KS),23.23,0.0600558028,0.1342888574,False,2025-06-18,9.3736274334,20398727.94951068,2026-04-15 20:56:28.114418,0.0971723301,2026-04-15 15:56:41
54535137,(2025 MA2),24.04,0.0413575665,0.0924783301,False,2025-06-18,13.7502769035,9953112.95547937,2026-04-15 20:56:28.114423,0.0669179483,2026-04-15 15:56:41
54537389,(2025 MP88),25.76,0.0187307418,0.0418832119,False,2025-06-18,7.3357526555,1564084.47669833,2026-04-15 20:56:28.114427,0.03030697685,2026-04-15 15:56:41
54534750,(2025 MB),29.76,0.0029686225,0.0066380417,False,2025-06-18,7.6355580676,134974.453810695,2026-04-15 20:56:28.114431,0.0048033321,2026-04-15 15:56:41
54534751,(2025 MA),26.34,0.0143401923,0.0320656449,False,2025-06-18,9.1510261458,1008174.932153284,2026-04-15 20:56:28.114435,0.0232029186,2026-04-15 15:56:41
54534776,(2025 MD),24.14,0.0394961694,0.0883161196,False,2025-06-18,9.2334723854,8571459.68537439,2026-04-15 20:56:28.114439,0.06390614450000001,2026-04-15 15:56:41
2826640,826640 (2021 LC7),21.44,0.1369477737,0.3062245314,False,2025-06-18,23.9369766031,19427766.83390072,2026-04-15 20:56:28.114444,0.22158615255,2026-04-15 15:56:41
54554262,(2025 UD5),26.16,0.0155795524,0.0348369383,False,2025-06-18,3.0120420515,15179905.246078853,2026-04-15 20:56:28.114448,0.025208245350000002,2026-04-15 15:56:41
54602219,(2025 MT347),25.13,0.0250354255,0.0559809132,False,2025-06-18,3.7934791579,25633720.522153143,2026-04-15 20:56:28.114453,0.04050816935,2026-04-15 15:56:41
2348776,348776 (2006 KZ37),19.19,0.385971268,0.8630579925,False,2025-06-30,14.0354129029,26837505.560056362,2026-04-15 20:56:40.684123,0.62451463025,2026-04-15 15:56:41
3414424,(2008 NA),23.73,0.0477040198,0.1066694311,False,2025-06-30,8.3491711074,10751391.155378144,2026-04-15 20:56:40.684145,0.07718672545,2026-04-15 15:56:41
3511355,(2010 DJ77),21.59,0.1278070988,0.285785361,False,2025-06-30,15.8119531409,18504527.87265459,2026-04-15 20:56:40.684150,0.20679622990000002,2026-04-15 15:56:41
3673598,(2014 LZ20),24.46,0.0340843469,0.0762149166,False,2025-06-30,11.3807668951,12227046.565864608,2026-04-15 20:56:40.684154,0.05514963175,2026-04-15 15:56:41
3824078,(2018 JY1),23.54,0.0520660914,0.1164233197,False,2025-06-30,17.6918748567,56560680.385381326,2026-04-15 20:56:40.684158,0.08424470554999999,2026-04-15 15:56:41
3837955,(2019 BA1),22.19,0.0969515991,0.2167903661,False,2025-06-30,13.5193768056,68508776.03667666,2026-04-15 20:56:40.684162,0.1568709826,2026-04-15 15:56:41
3989244,(2020 BR10),22.8,0.0732073989,0.1636967205,False,2025-06-30,12.224367079,24092521.228411674,2026-04-15 20:56:40.684167,0.1184520597,2026-04-15 15:56:41
54210295,(2021 TR21),26.36,0.0142087207,0.0317716653,False,2025-06-30,7.4022234822,42344950.74984561,2026-04-15 20:56:40.684171,0.022990193,2026-04-15 15:56:41
54433331,(2024 GE2),27.97,0.0067694748,0.0151370059,False,2025-06-30,3.4564174992,19306270.699383415,2026-04-15 20:56:40.684175,0.01095324035,2026-04-15 15:56:41
54537543,(2025 MW89),27.24,0.0094744711,0.0211855615,False,2025-06-30,4.001264927,2092700.578012078,2026-04-15 20:56:40.684179,0.015330016299999999,2026-04-15 15:56:41
54537671,(2025 MF90),23.857,0.0449940386,0.1006097289,False,2025-06-30,8.3781846687,10788013.312345624,2026-04-15 20:56:40.684183,0.07280188375,2026-04-15 15:56:41
54537806,(2025 NA),27.47,0.0085222639,0.0190563613,False,2025-06-30,12.1049332393,297255.126510786,2026-04-15 20:56:40.684187,0.0137893126,2026-04-15 15:56:41
54555169,(2025 UU9),27.04,0.010388551,0.0232295062,False,2025-06-30,3.9133513695,26229425.822799426,2026-04-15 20:56:40.684191,0.016809028599999998,2026-04-15 15:56:41
54602453,(2025 OY341),25.63,0.0198863453,0.04446722,False,2025-06-30,5.5966789236,15548235.577248747,2026-04-15 20:56:40.684194,0.03217678265,2026-04-15 15:56:41
3610030,(2012 TG53),23.2,0.0608912622,0.1361570015,False,2025-06-26,21.3545501267,57245843.4919121,2026-04-15 20:56:40.684199,0.09852413185,2026-04-15 15:56:41
3713320,(2015 FQ),22.28,0.0930154254,0.2079888141,False,2025-06-26,19.4506956048,56614154.547927074,2026-04-15 20:56:40.684203,0.15050211975,2026-04-15 15:56:41
3736497,(2015 XF261),25.25,0.0236894499,0.0529712204,False,2025-06-26,10.5626903331,46556904.19637372,2026-04-15 20:56:40.684207,0.03833033515,2026-04-15 15:56:41
3767261,(2017 BN32),24.8,0.0291443905,0.0651688382,False,2025-06-26,7.2213542353,61579924.73500381,2026-04-15 20:56:40.684210,0.04715661435,2026-04-15 15:56:41
3767015,(2017 BZ6),26.1,0.0160160338,0.0358129403,False,2025-06-26,3.768806588,27496195.33383897,2026-04-15 20:56:40.684214,0.025914487049999997,2026-04-15 15:56:41
3786459,(2017 UE),26.9,0.0110803882,0.0247765013,False,2025-06-26,6.5334545598,31344826.77644777,2026-04-15 20:56:40.684218,0.01792844475,2026-04-15 15:56:41
54049355,(2020 OO3),23.7,0.0483676488,0.1081533507,False,2025-06-26,7.1662239948,28553150.31665357,2026-04-15 20:56:40.684223,0.07826049975,2026-04-15 15:56:41
54190785,(2021 QE2),24.49,0.0336166921,0.0751692087,False,2025-06-26,6.5713090955,64242979.19014005,2026-04-15 20:56:40.684227,0.0543929504,2026-04-15 15:56:41
3843455,(2022 AA),24.6,0.0319561887,0.0714562102,False,2025-06-26,6.4193603536,64839828.25626121,2026-04-15 20:56:40.684231,0.05170619945,2026-04-15 15:56:41
54288619,(2022 MM1),24.81,0.0290104841,0.0648694146,False,2025-06-26,12.487014406,10999722.766870284,2026-04-15 20:56:40.684235,0.046939949349999996,2026-04-15 15:56:41
54340429,(2023 BT7),23.58,0.0511157782,0.1142983547,False,2025-06-26,13.0891781071,31029109.07369029,2026-04-15 20:56:40.684239,0.08270706645,2026-04-15 15:56:41
54393146,(2023 TN9),21.56,0.1295850727,0.2897610314,False,2025-06-26,16.4876205708,40420079.54921021,2026-04-15 20:56:40.684243,0.20967305204999998,2026-04-15 15:56:41
54396393,(2023 UQ1),26.47,0.013506878,0.0302022973,False,2025-06-26,15.6369810426,42016725.498292744,2026-04-15 20:56:40.684247,0.02185458765,2026-04-15 15:56:41
54416849,(2023 XN13),28.16,0.0062023315,0.0138688349,False,2025-06-26,5.7398846778,19506606.153053045,2026-04-15 20:56:40.684251,0.0100355832,2026-04-15 15:56:41
54535146,(2025 MK2),27.17,0.0097848681,0.0218796303,False,2025-06-26,4.7207445063,2733528.321237321,2026-04-15 20:56:40.684255,0.015832249200000002,2026-04-15 15:56:41
54537539,(2025 MR89),26.33,0.0144063837,0.0322136532,False,2025-06-26,8.5665694684,2112372.249123468,2026-04-15 20:56:40.684259,0.023310018449999997,2026-04-15 15:56:41
3545558,(2010 RX30),27.1,0.0101054342,0.0225964377,False,2025-06-25,18.8185850679,45792910.17809092,2026-04-15 20:56:40.684263,0.01635093595,2026-04-15 15:56:41
3673868,(2014 MQ5),21.8,0.1160259082,0.2594418179,False,2025-06-25,14.5275944323,74158512.96619819,2026-04-15 20:56:40.684267,0.18773386305,2026-04-15 15:56:41
3781909,(2017 SM17),23.6,0.0506471459,0.1132504611,False,2025-06-25,10.7359731057,24836834.01627919,2026-04-15 20:56:40.684271,0.0819488035,2026-04-15 15:56:41
3827174,(2018 RB1),27.9,0.0069912523,0.0156329154,False,2025-06-25,7.9462101559,61851994.012915,2026-04-15 20:56:40.684275,0.01131208385,2026-04-15 15:56:41
54016613,(2020 HY1),24.31,0.0365220357,0.0816657545,False,2025-06-25,7.2767693296,10483984.753316127,2026-04-15 20:56:40.684279,0.0590938951,2026-04-15 15:56:41
54017257,(2020 KJ5),20.98,0.1692602495,0.3784774237,False,2025-06-25,15.4423990034,49490106.38966037,2026-04-15 20:56:40.684283,0.2738688366,2026-04-15 15:56:41
54017655,(2020 MN3),23.24,0.0597798714,0.1336718562,False,2025-06-25,9.3130402975,18336965.57235521,2026-04-15 20:56:40.684287,0.09672586379999999,2026-04-15 15:56:41
54097974,(2020 XX),26.6,0.0127219879,0.0284472297,False,2025-06-25,9.3281716951,13698569.454870619,2026-04-15 20:56:40.684291,0.0205846088,2026-04-15 15:56:41
54190790,(2021 QK2),24.39,0.035200998,0.0787118244,False,2025-06-25,10.5597723812,9294477.171568047,2026-04-15 20:56:40.684295,0.0569564112,2026-04-15 15:56:41
54290699,(2022 OL),21.69,0.1220548318,0.2729229009,True,2025-06-25,13.9100623151,29578140.004515488,2026-04-15 20:56:40.684299,0.19748886635,2026-04-15 15:56:41
54317892,(2022 UV4),28.82,0.0045767267,0.010233872,False,2025-06-25,16.5060661556,55800561.26608705,2026-04-15 20:56:40.684302,0.00740529935,2026-04-15 15:56:41
54372942,(2023 LS),29.93,0.0027450798,0.0061381851,False,2025-06-25,13.894103088,54480563.53140004,2026-04-15 20:56:40.684307,0.00444163245,2026-04-15 15:56:41
54418648,(2023 YX1),24.86,0.0283501249,0.0633928065,False,2025-06-25,12.0066194185,33598772.01703083,2026-04-15 20:56:40.684311,0.045871465699999996,2026-04-15 15:56:41
54445206,(2024 KJ1),26.21,0.0152249185,0.0340439527,False,2025-06-25,11.1004868586,42865393.85576785,2026-04-15 20:56:40.684315,0.024634435599999997,2026-04-15 15:56:41
54453741,(2024 MS),28.96,0.004290965,0.0095948895,False,2025-06-25,6.0454722068,21604223.41466054,2026-04-15 20:56:40.684318,0.00694292725,2026-04-15 15:56:41
54534226,(2025 KD16),23.14,0.06259721,0.1399716167,False,2025-06-25,13.5845551519,25971061.34039701,2026-04-15 20:56:40.684322,0.10128441334999999,2026-04-15 15:56:41
54535075,(2025 MH1),23.55,0.0518268695,0.1158884032,False,2025-06-25,14.8266354386,23411642.50015919,2026-04-15 20:56:40.684326,0.08385763635,2026-04-15 15:56:41
54535067,(2025 MX),26.88,0.0111829138,0.0250057554,False,2025-06-25,6.5191115146,7941019.255292811,2026-04-15 20:56:40.684330,0.018094334599999998,2026-04-15 15:56:41
54535120,(2025 MP1),26.57,0.0128989683,0.02884297,False,2025-06-25,5.4022299218,1042219.383182581,2026-04-15 20:56:40.684334,0.02087096915,2026-04-15 15:56:41
54535280,(2025 MN2),24.75,0.0298232505,0.0666868155,False,2025-06-25,12.8494562151,8231570.243018269,2026-04-15 20:56:40.684338,0.048255032999999996,2026-04-15 15:56:41
54537504,(2025 ML89),26.14,0.0157237082,0.0351592805,False,2025-06-25,8.5784332777,1147560.92243177,2026-04-15 20:56:40.684342,0.02544149435,2026-04-15 15:56:41
54534749,(2025 LA1),23.7,0.0483676488,0.1081533507,False,2025-06-25,11.4860913929,11443221.315382274,2026-04-15 20:56:40.684346,0.07826049975,2026-04-15 15:56:41
54537501,(2025 MF89),24.37,0.0355267088,0.079440136,False,2025-06-25,16.910166776,8067096.944257162,2026-04-15 20:56:40.684349,0.0574834224,2026-04-15 15:56:41
54537712,(2025 MU90),26.04,0.0164647438,0.0368162863,False,2025-06-25,13.076350673,1635969.349909239,2026-04-15 20:56:40.684354,0.02664051505,2026-04-15 15:56:41
54607547,(2026 GM1),25.476,0.021347891,0.0477353354,False,2025-06-25,5.1350558832,26197252.88600319,2026-04-15 20:56:40.684358,0.0345416132,2026-04-15 15:56:41
3483327,(2009 XP2),25.2,0.0242412481,0.0542050786,False,2025-06-28,6.9957392033,52337841.0608882,2026-04-15 20:56:40.684362,0.03922316335,2026-04-15 15:56:41
3662200,(2014 DH),26.6,0.0127219879,0.0284472297,False,2025-06-28,12.0555312143,6557208.888620941,2026-04-15 20:56:40.684366,0.0205846088,2026-04-15 15:56:41
54130035,(2021 EP),26.14,0.0157237082,0.0351592805,False,2025-06-28,4.9062815756,47589297.09386748,2026-04-15 20:56:40.684369,0.02544149435,2026-04-15 15:56:41
54167163,(2021 NG2),23.18,0.0614546821,0.1374168468,False,2025-06-28,12.6514354176,55200137.693500325,2026-04-15 20:56:40.684373,0.09943576444999999,2026-04-15 15:56:41
54402141,(2023 VK),25.77,0.0186446818,0.041690776,False,2025-06-28,7.9166615745,52394852.25563308,2026-04-15 20:56:40.684377,0.0301677289,2026-04-15 15:56:41
54454874,(2024 MM1),26.23,0.0150853356,0.0337318359,False,2025-06-28,10.5155625718,42764164.91156284,2026-04-15 20:56:40.684381,0.02440858575,2026-04-15 15:56:41
54522536,(2025 DL36),20.4,0.2210828104,0.4943561926,False,2025-06-28,13.262196092,28953734.89106204,2026-04-15 20:56:40.684385,0.3577195015,2026-04-15 15:56:41
54526129,(2025 FV23),21.82,0.1149621763,0.257063241,False,2025-06-28,9.8870921573,19617471.50389326,2026-04-15 20:56:40.684389,0.18601270865,2026-04-15 15:56:41
54534887,(2025 ML),25.79,0.0184737464,0.0413085527,False,2025-06-28,11.6654258778,2551350.802711916,2026-04-15 20:56:40.684393,0.029891149550000003,2026-04-15 15:56:41
54535138,(2025 MZ1),26.8,0.0116025908,0.0259441818,False,2025-06-28,4.6399100341,1287168.182919773,2026-04-15 20:56:40.684396,0.0187733863,2026-04-15 15:56:41
54537393,(2025 MS88),26.03,0.0165407416,0.0369862226,False,2025-06-28,10.1214916319,1675518.030168381,2026-04-15 20:56:40.684401,0.0267634821,2026-04-15 15:56:41
54537474,(2025 MW88),25.64,0.0197949759,0.0442629117,False,2025-06-27,9.1893014332,9631541.308551352,2026-04-15 20:56:40.684405,0.0320289438,2026-04-15 15:56:41
54535134,(2025 MT1),26.23,0.0150853356,0.0337318359,False,2025-06-27,2.3696733866,5921886.347011698,2026-04-15 20:56:40.684409,0.02440858575,2026-04-15 15:56:41
2441987,441987 (2010 NY65),21.35,0.1427430515,0.3191831664,True,2025-06-29,16.482484919,22507794.369943097,2026-04-15 20:56:40.684413,0.23096310895,2026-04-15 15:56:41
3021049,(1999 NW2),23.2,0.0608912622,0.1361570015,False,2025-06-29,11.155417688,40170861.49553938,2026-04-15 20:56:40.684417,0.09852413185,2026-04-15 15:56:41
3365951,(2007 AA2),24.6,0.0319561887,0.0714562102,False,2025-06-29,14.6144665719,51563989.82951408,2026-04-15 20:56:40.684421,0.05170619945,2026-04-15 15:56:41
3381230,(2007 PB8),21.36,0.1420872067,0.317716653,False,2025-06-29,20.6037480348,54242276.609049894,2026-04-15 20:56:40.684424,0.22990192985000002,2026-04-15 15:56:41
3607527,(2012 PY19),27.5,0.008405334,0.0187948982,False,2025-06-29,10.4094666989,30731495.660280857,2026-04-15 20:56:40.684428,0.0136001161,2026-04-15 15:56:41
3605902,(2012 ML6),20.15,0.2480589932,0.5546767711,False,2025-06-29,13.9696365767,14258213.096888948,2026-04-15 20:56:40.684432,0.40136788215,2026-04-15 15:56:41
3842879,(2019 LD5),23.39,0.0557898221,0.1247498347,False,2025-06-29,17.8530961136,45310807.674828626,2026-04-15 20:56:40.684436,0.0902698284,2026-04-15 15:56:41
54016228,(2020 FM1),29.3,0.0036690614,0.0082042706,False,2025-06-29,8.0018741704,63230142.758438,2026-04-15 20:56:40.684440,0.005936666,2026-04-15 15:56:41
54054405,(2020 SB),20.31,0.2304384666,0.5152760759,False,2025-06-29,7.1486960368,56090732.43978037,2026-04-15 20:56:40.684444,0.37285727125,2026-04-15 15:56:41
54235433,(2022 AM),28.18,0.0061454682,0.0137416847,False,2025-06-29,7.4863027602,29317048.3230234,2026-04-15 20:56:40.684448,0.00994357645,2026-04-15 15:56:41
54445623,(2024 LW),22.24,0.0947447113,0.2118556149,False,2025-06-29,18.487484147,24849923.171673562,2026-04-15 20:56:40.684452,0.1533001631,2026-04-15 15:56:41
54535144,(2025 MH2),23.62,0.0501828101,0.1122121746,False,2025-06-29,21.4379112128,10770678.419802781,2026-04-15 20:56:40.684456,0.08119749235000001,2026-04-15 15:56:41
54537502,(2025 MG89),23.86,0.04493192,0.1004708274,False,2025-06-29,13.5797937065,14034059.912020242,2026-04-15 20:56:40.684460,0.0727013737,2026-04-15 15:56:41
54537473,(2025 MV88),25.05,0.0259749653,0.0580817882,False,2025-06-29,21.739707517,3505933.958474057,2026-04-15 20:56:40.684464,0.04202837675,2026-04-15 15:56:41
2798412,798412 (2012 ML6),20.05,0.2597496533,0.580817882,False,2025-06-29,13.9696355598,14258207.457049249,2026-04-15 20:56:40.684468,0.42028376765,2026-04-15 15:56:41
54537955,(2025 NS),24.32,0.0363542322,0.0812905344,False,2025-06-29,13.7715471011,1388873.536501594,2026-04-15 20:56:40.684472,0.0588223833,2026-04-15 15:56:41
54537805,(2025 MJ91),27.51,0.008366715,0.0187085435,False,2025-06-29,7.5056313362,70069.727455264,2026-04-15 20:56:40.684476,0.01353762925,2026-04-15 15:56:41
54543097,(2025 QS15),23.03,0.0658498783,0.1472448042,False,2025-06-29,9.9559789297,11907085.669122452,2026-04-15 20:56:40.684480,0.10654734125,2026-04-15 15:56:41
54576275,(2026 AV3),24.82,0.0288771931,0.0645713667,False,2025-06-29,3.7139928327,26762490.156938475,2026-04-15 20:56:40.684484,0.0467242799,2026-04-15 15:56:41
